/*******************************************************************************
 * Size: 21 px
 * Bpp: 4
 * Opts: --no-compress --no-prefilter --bpp 4 --size 21 --format lvgl --lv-include lvgl.h --font fonts/Figtree-600.ttf -r 0x20-0x7E,0xA0-0xFF,0x2013-0x2014,0x2018-0x201D,0x2022,0x2026,0x20AC,0x2212 -o ../app/ui/fonts/font_21.c --lv-font-name font_21
 ******************************************************************************/

#ifdef LV_LVGL_H_INCLUDE_SIMPLE
#include "lvgl.h"
#else
#include "lvgl.h"
#endif

#ifndef FONT_21
#define FONT_21 1
#endif

#if FONT_21

/*-----------------
 *    BITMAPS
 *----------------*/

/*Store the image of the glyphs*/
static LV_ATTRIBUTE_LARGE_CONST const uint8_t glyph_bitmap[] = {
    /* U+0020 " " */

    /* U+0021 "!" */
    0xf, 0xf8, 0xf, 0xf7, 0xf, 0xf7, 0xf, 0xf7,
    0xf, 0xf7, 0xf, 0xf7, 0xf, 0xf6, 0xf, 0xf6,
    0xf, 0xf6, 0xe, 0xf6, 0x5, 0x52, 0x0, 0x0,
    0xc, 0xf4, 0x3f, 0xfa, 0xb, 0xe4,

    /* U+0022 "\"" */
    0xbf, 0x79, 0xf9, 0xaf, 0x69, 0xf8, 0xaf, 0x68,
    0xf8, 0x9f, 0x57, 0xf7, 0x8f, 0x57, 0xf6, 0x25,
    0x12, 0x51,

    /* U+0023 "#" */
    0x0, 0x0, 0x7f, 0x40, 0xd, 0xe0, 0x0, 0x0,
    0x0, 0xaf, 0x20, 0xf, 0xc0, 0x0, 0x0, 0x0,
    0xcf, 0x0, 0x2f, 0x90, 0x0, 0x0, 0x0, 0xfd,
    0x0, 0x5f, 0x70, 0x0, 0xd, 0xff, 0xff, 0xff,
    0xff, 0xff, 0xe0, 0xb, 0xbf, 0xff, 0xbb, 0xff,
    0xdb, 0x90, 0x0, 0x6, 0xf6, 0x0, 0xcf, 0x0,
    0x0, 0x0, 0x9, 0xf3, 0x0, 0xfd, 0x0, 0x0,
    0x0, 0xb, 0xf1, 0x1, 0xfa, 0x0, 0x0, 0x6a,
    0xaf, 0xfa, 0xae, 0xff, 0xaa, 0x20, 0xbf, 0xff,
    0xff, 0xff, 0xff, 0xff, 0x10, 0x0, 0x2f, 0x90,
    0x8, 0xf3, 0x0, 0x0, 0x0, 0x5f, 0x70, 0xb,
    0xf0, 0x0, 0x0, 0x0, 0x7f, 0x40, 0xd, 0xe0,
    0x0, 0x0, 0x0, 0xaf, 0x20, 0xf, 0xb0, 0x0,
    0x0,

    /* U+0024 "$" */
    0x0, 0x0, 0x7, 0x80, 0x0, 0x0, 0x0, 0x0,
    0xff, 0x10, 0x0, 0x0, 0x0, 0xf, 0xf1, 0x0,
    0x0, 0x0, 0x8e, 0xff, 0xe7, 0x0, 0x0, 0xdf,
    0xff, 0xff, 0xfc, 0x0, 0x6f, 0xf6, 0xff, 0x8f,
    0xf8, 0x9, 0xfb, 0xf, 0xf1, 0x66, 0x10, 0x9f,
    0xd0, 0xff, 0x10, 0x0, 0x4, 0xff, 0xbf, 0xf1,
    0x0, 0x0, 0x9, 0xff, 0xff, 0xc5, 0x0, 0x0,
    0x3, 0xaf, 0xff, 0xf9, 0x0, 0x0, 0x0, 0xff,
    0xcf, 0xf5, 0x0, 0x0, 0xf, 0xf1, 0xcf, 0xa0,
    0x49, 0x40, 0xff, 0x1a, 0xfb, 0xc, 0xfe, 0x5f,
    0xf8, 0xff, 0x70, 0x2e, 0xff, 0xff, 0xff, 0xc0,
    0x0, 0x18, 0xdf, 0xfe, 0x70, 0x0, 0x0, 0x0,
    0xff, 0x10, 0x0, 0x0, 0x0, 0xf, 0xf1, 0x0,
    0x0, 0x0, 0x0, 0x78, 0x0, 0x0,

    /* U+0025 "%" */
    0x0, 0x7e, 0xfc, 0x30, 0x0, 0x1, 0xef, 0x70,
    0x8, 0xfe, 0xcf, 0xf2, 0x0, 0xa, 0xfc, 0x0,
    0xf, 0xe0, 0x6, 0xf8, 0x0, 0x5f, 0xf2, 0x0,
    0xf, 0xb0, 0x2, 0xf9, 0x1, 0xef, 0x60, 0x0,
    0xd, 0xf3, 0xa, 0xf6, 0xb, 0xfa, 0x0, 0x0,
    0x5, 0xff, 0xff, 0xd0, 0x7f, 0xe1, 0x0, 0x0,
    0x0, 0x39, 0xa7, 0x2, 0xff, 0x40, 0x0, 0x0,
    0x0, 0x0, 0x0, 0xc, 0xf9, 0x0, 0x0, 0x0,
    0x0, 0x0, 0x0, 0x8f, 0xd0, 0x4c, 0xfd, 0x60,
    0x0, 0x0, 0x3, 0xff, 0x33, 0xff, 0xbe, 0xf5,
    0x0, 0x0, 0xd, 0xf7, 0xa, 0xf4, 0x2, 0xfc,
    0x0, 0x0, 0x9f, 0xc0, 0xc, 0xf0, 0x0, 0xee,
    0x0, 0x4, 0xff, 0x20, 0xa, 0xf4, 0x2, 0xfc,
    0x0, 0x1e, 0xf6, 0x0, 0x3, 0xff, 0xcf, 0xf5,
    0x0, 0xbf, 0xa0, 0x0, 0x0, 0x4c, 0xfd, 0x60,

    /* U+0026 "&" */
    0x0, 0x3, 0xbf, 0xfb, 0x40, 0x0, 0x0, 0x0,
    0x3f, 0xff, 0xff, 0xf5, 0x0, 0x0, 0x0, 0xbf,
    0xd1, 0x1a, 0xfd, 0x0, 0x0, 0x0, 0xdf, 0x70,
    0x3, 0xff, 0x0, 0x0, 0x0, 0x9f, 0xd0, 0xa,
    0xfc, 0x0, 0x0, 0x0, 0x1f, 0xfb, 0xbf, 0xf2,
    0x0, 0x0, 0x0, 0x5, 0xff, 0xfe, 0x30, 0x0,
    0x0, 0x0, 0xa, 0xff, 0xf6, 0x0, 0x0, 0x0,
    0x0, 0xcf, 0xef, 0xff, 0x20, 0x48, 0x50, 0x8,
    0xfe, 0x20, 0xcf, 0xe1, 0xbf, 0x90, 0xe, 0xf8,
    0x0, 0x1e, 0xfd, 0xff, 0x50, 0xf, 0xf8, 0x0,
    0x3, 0xff, 0xfe, 0x0, 0xb, 0xff, 0x51, 0x27,
    0xff, 0xfa, 0x0, 0x3, 0xff, 0xff, 0xff, 0xff,
    0xff, 0x40, 0x0, 0x2a, 0xef, 0xeb, 0x60, 0xaf,
    0xf2,

    /* U+0027 "'" */
    0xbf, 0x7a, 0xf6, 0xaf, 0x69, 0xf5, 0x8f, 0x52,
    0x51,

    /* U+0028 "(" */
    0x0, 0x2, 0x54, 0x0, 0xe, 0xf6, 0x0, 0x9f,
    0xc0, 0x3, 0xff, 0x30, 0xa, 0xfb, 0x0, 0x1f,
    0xf5, 0x0, 0x6f, 0xf0, 0x0, 0x9f, 0xb0, 0x0,
    0xcf, 0x80, 0x0, 0xdf, 0x70, 0x0, 0xef, 0x70,
    0x0, 0xdf, 0x70, 0x0, 0xbf, 0x90, 0x0, 0x8f,
    0xd0, 0x0, 0x4f, 0xf1, 0x0, 0xe, 0xf7, 0x0,
    0x8, 0xfe, 0x0, 0x1, 0xef, 0x60, 0x0, 0x5f,
    0xe1, 0x0, 0xb, 0xf9,

    /* U+0029 ")" */
    0x5, 0x51, 0x0, 0x0, 0xaf, 0xb0, 0x0, 0x1,
    0xff, 0x50, 0x0, 0x7, 0xfe, 0x0, 0x0, 0xe,
    0xf6, 0x0, 0x0, 0x9f, 0xd0, 0x0, 0x3, 0xff,
    0x20, 0x0, 0xf, 0xf6, 0x0, 0x0, 0xcf, 0x90,
    0x0, 0xb, 0xfa, 0x0, 0x0, 0xaf, 0xa0, 0x0,
    0xb, 0xfa, 0x0, 0x0, 0xdf, 0x80, 0x0, 0x1f,
    0xf4, 0x0, 0x5, 0xff, 0x0, 0x0, 0xbf, 0xb0,
    0x0, 0x2f, 0xf4, 0x0, 0xa, 0xfc, 0x0, 0x3,
    0xff, 0x20, 0x0, 0xdf, 0x80, 0x0,

    /* U+002A "*" */
    0x0, 0xc, 0xf0, 0x0, 0x0, 0xb, 0xe0, 0x0,
    0x7e, 0x7b, 0xd6, 0xca, 0x7e, 0xff, 0xff, 0xea,
    0x0, 0x6f, 0xfb, 0x0, 0x2, 0xed, 0xaf, 0x50,
    0x9, 0xf4, 0x1e, 0xc0, 0x0, 0x50, 0x3, 0x0,

    /* U+002B "+" */
    0x0, 0x0, 0x6f, 0x90, 0x0, 0x0, 0x0, 0x6,
    0xf9, 0x0, 0x0, 0x0, 0x0, 0x6f, 0x90, 0x0,
    0x0, 0x0, 0x6, 0xf9, 0x0, 0x0, 0x3f, 0xff,
    0xff, 0xff, 0xff, 0x63, 0xff, 0xff, 0xff, 0xff,
    0xf6, 0x0, 0x0, 0x6f, 0x90, 0x0, 0x0, 0x0,
    0x6, 0xf9, 0x0, 0x0, 0x0, 0x0, 0x6f, 0x90,
    0x0, 0x0, 0x0, 0x6, 0xf9, 0x0, 0x0,

    /* U+002C "," */
    0x2, 0xee, 0x30, 0x6f, 0xe0, 0xa, 0xf8, 0x0,
    0xef, 0x20, 0x2f, 0xb0, 0x0,

    /* U+002D "-" */
    0x11, 0x11, 0x11, 0xd, 0xff, 0xff, 0xf7, 0xdf,
    0xff, 0xff, 0x70,

    /* U+002E "." */
    0x0, 0x0, 0x9, 0xf7, 0xf, 0xfd, 0x9, 0xf7,

    /* U+002F "/" */
    0x0, 0x0, 0x1, 0xff, 0x30, 0x0, 0x0, 0x6f,
    0xe0, 0x0, 0x0, 0xb, 0xf9, 0x0, 0x0, 0x0,
    0xff, 0x40, 0x0, 0x0, 0x5f, 0xf0, 0x0, 0x0,
    0xa, 0xfa, 0x0, 0x0, 0x0, 0xff, 0x50, 0x0,
    0x0, 0x4f, 0xf0, 0x0, 0x0, 0xa, 0xfa, 0x0,
    0x0, 0x0, 0xef, 0x50, 0x0, 0x0, 0x4f, 0xf1,
    0x0, 0x0, 0x9, 0xfb, 0x0, 0x0, 0x0, 0xef,
    0x60, 0x0, 0x0, 0x3f, 0xf1, 0x0, 0x0, 0x9,
    0xfc, 0x0, 0x0, 0x0, 0xef, 0x70, 0x0, 0x0,
    0x3f, 0xf1, 0x0, 0x0, 0x8, 0xfc, 0x0, 0x0,
    0x0,

    /* U+0030 "0" */
    0x0, 0x0, 0x7c, 0xfe, 0xa3, 0x0, 0x0, 0x1,
    0xcf, 0xff, 0xff, 0xf6, 0x0, 0x0, 0xbf, 0xf9,
    0x45, 0xdf, 0xf4, 0x0, 0x5f, 0xf6, 0x0, 0x0,
    0xdf, 0xd0, 0xb, 0xfc, 0x0, 0x0, 0x4, 0xff,
    0x30, 0xff, 0x70, 0x0, 0x0, 0xe, 0xf8, 0x1f,
    0xf4, 0x0, 0x0, 0x0, 0xcf, 0xa2, 0xff, 0x30,
    0x0, 0x0, 0xb, 0xfb, 0x1f, 0xf4, 0x0, 0x0,
    0x0, 0xcf, 0xa0, 0xff, 0x70, 0x0, 0x0, 0xe,
    0xf8, 0xb, 0xfc, 0x0, 0x0, 0x4, 0xff, 0x30,
    0x5f, 0xf6, 0x0, 0x0, 0xdf, 0xd0, 0x0, 0xbf,
    0xf9, 0x56, 0xdf, 0xf4, 0x0, 0x1, 0xcf, 0xff,
    0xff, 0xf6, 0x0, 0x0, 0x0, 0x7c, 0xfe, 0xb3,
    0x0, 0x0,

    /* U+0031 "1" */
    0x0, 0x2e, 0xfa, 0x17, 0xff, 0xfa, 0xef, 0xff,
    0xfa, 0xef, 0x7b, 0xfa, 0x30, 0xb, 0xfa, 0x0,
    0xb, 0xfa, 0x0, 0xb, 0xfa, 0x0, 0xb, 0xfa,
    0x0, 0xb, 0xfa, 0x0, 0xb, 0xfa, 0x0, 0xb,
    0xfa, 0x0, 0xb, 0xfa, 0x0, 0xb, 0xfa, 0x0,
    0xb, 0xfa, 0x0, 0xb, 0xfa,

    /* U+0032 "2" */
    0x0, 0x19, 0xdf, 0xeb, 0x50, 0x0, 0x3e, 0xff,
    0xff, 0xff, 0x90, 0xd, 0xff, 0x95, 0x6d, 0xff,
    0x44, 0xff, 0x70, 0x0, 0x1f, 0xfa, 0x0, 0x30,
    0x0, 0x0, 0xcf, 0xb0, 0x0, 0x0, 0x0, 0x1f,
    0xf9, 0x0, 0x0, 0x0, 0xc, 0xff, 0x20, 0x0,
    0x0, 0x2d, 0xff, 0x60, 0x0, 0x0, 0x6f, 0xff,
    0x50, 0x0, 0x0, 0x9f, 0xfd, 0x30, 0x0, 0x0,
    0xaf, 0xfa, 0x0, 0x0, 0x0, 0x5f, 0xfa, 0x0,
    0x0, 0x0, 0xc, 0xff, 0x53, 0x33, 0x33, 0x30,
    0xdf, 0xff, 0xff, 0xff, 0xff, 0xd, 0xff, 0xff,
    0xff, 0xff, 0xf0,

    /* U+0033 "3" */
    0x0, 0x18, 0xdf, 0xeb, 0x40, 0x0, 0x2e, 0xff,
    0xff, 0xff, 0x70, 0xa, 0xfe, 0x63, 0x5d, 0xff,
    0x10, 0x3, 0x30, 0x0, 0x2f, 0xf5, 0x0, 0x0,
    0x0, 0x3, 0xff, 0x40, 0x0, 0x1, 0x25, 0xdf,
    0xd0, 0x0, 0x0, 0xff, 0xff, 0xa1, 0x0, 0x0,
    0xf, 0xff, 0xfc, 0x20, 0x0, 0x0, 0x1, 0x4c,
    0xfe, 0x10, 0x0, 0x0, 0x0, 0xe, 0xf7, 0x0,
    0x0, 0x0, 0x0, 0xcf, 0xa0, 0x17, 0x40, 0x0,
    0x1f, 0xf9, 0xc, 0xff, 0x73, 0x5d, 0xff, 0x40,
    0x2e, 0xff, 0xff, 0xff, 0x80, 0x0, 0x19, 0xdf,
    0xeb, 0x40, 0x0,

    /* U+0034 "4" */
    0x0, 0x0, 0x0, 0x1f, 0xfd, 0x0, 0x0, 0x0,
    0x0, 0xb, 0xff, 0xd0, 0x0, 0x0, 0x0, 0x6,
    0xff, 0xfd, 0x0, 0x0, 0x0, 0x1, 0xef, 0xdf,
    0xd0, 0x0, 0x0, 0x0, 0xbf, 0xc8, 0xfd, 0x0,
    0x0, 0x0, 0x5f, 0xf2, 0x8f, 0xd0, 0x0, 0x0,
    0x1e, 0xf7, 0x8, 0xfd, 0x0, 0x0, 0xa, 0xfc,
    0x0, 0x8f, 0xd0, 0x0, 0x5, 0xff, 0x20, 0x8,
    0xfd, 0x0, 0x1, 0xef, 0xa2, 0x22, 0x9f, 0xd2,
    0x21, 0x4f, 0xff, 0xff, 0xff, 0xff, 0xff, 0x95,
    0xff, 0xff, 0xff, 0xff, 0xff, 0xf9, 0x0, 0x0,
    0x0, 0x8, 0xfd, 0x0, 0x0, 0x0, 0x0, 0x0,
    0x8f, 0xd0, 0x0, 0x0, 0x0, 0x0, 0x8, 0xfd,
    0x0, 0x0,

    /* U+0035 "5" */
    0xa, 0xff, 0xff, 0xff, 0xf8, 0x0, 0xcf, 0xff,
    0xff, 0xff, 0x80, 0xe, 0xf9, 0x44, 0x44, 0x42,
    0x0, 0xff, 0x50, 0x0, 0x0, 0x0, 0x1f, 0xf3,
    0x0, 0x0, 0x0, 0x3, 0xff, 0x7b, 0xed, 0x91,
    0x0, 0x4f, 0xff, 0xff, 0xff, 0xe1, 0x4, 0xdf,
    0x81, 0x17, 0xff, 0xb0, 0x0, 0x0, 0x0, 0x9,
    0xff, 0x10, 0x0, 0x0, 0x0, 0x4f, 0xf3, 0x0,
    0x0, 0x0, 0x4, 0xff, 0x31, 0x76, 0x0, 0x0,
    0xaf, 0xf0, 0xbf, 0xf9, 0x34, 0x9f, 0xf9, 0x1,
    0xcf, 0xff, 0xff, 0xfc, 0x0, 0x0, 0x6c, 0xff,
    0xd7, 0x0, 0x0,

    /* U+0036 "6" */
    0x0, 0x0, 0x8d, 0xfe, 0xc6, 0x0, 0x0, 0x1d,
    0xff, 0xff, 0xff, 0xa0, 0x0, 0xcf, 0xe7, 0x34,
    0x7c, 0x10, 0x4, 0xff, 0x20, 0x0, 0x0, 0x0,
    0xa, 0xf9, 0x0, 0x0, 0x0, 0x0, 0xe, 0xf4,
    0x6d, 0xfe, 0x91, 0x0, 0xf, 0xfc, 0xff, 0xff,
    0xfe, 0x20, 0x2f, 0xff, 0xb3, 0x16, 0xff, 0xc0,
    0x2f, 0xfe, 0x0, 0x0, 0x5f, 0xf2, 0x1f, 0xf9,
    0x0, 0x0, 0xf, 0xf5, 0xe, 0xf9, 0x0, 0x0,
    0xf, 0xf5, 0xa, 0xfe, 0x0, 0x0, 0x6f, 0xf3,
    0x3, 0xff, 0xc4, 0x27, 0xff, 0xc0, 0x0, 0x7f,
    0xff, 0xff, 0xfe, 0x20, 0x0, 0x4, 0xbe, 0xfd,
    0x81, 0x0,

    /* U+0037 "7" */
    0x4f, 0xff, 0xff, 0xff, 0xff, 0xe4, 0xff, 0xff,
    0xff, 0xff, 0xfd, 0x14, 0x44, 0x44, 0x44, 0xff,
    0x90, 0x0, 0x0, 0x0, 0x6f, 0xf2, 0x0, 0x0,
    0x0, 0xe, 0xfa, 0x0, 0x0, 0x0, 0x6, 0xff,
    0x20, 0x0, 0x0, 0x0, 0xef, 0xa0, 0x0, 0x0,
    0x0, 0x6f, 0xf2, 0x0, 0x0, 0x0, 0xe, 0xfb,
    0x0, 0x0, 0x0, 0x6, 0xff, 0x30, 0x0, 0x0,
    0x0, 0xdf, 0xb0, 0x0, 0x0, 0x0, 0x6f, 0xf4,
    0x0, 0x0, 0x0, 0xd, 0xfc, 0x0, 0x0, 0x0,
    0x6, 0xff, 0x40, 0x0, 0x0, 0x0, 0xdf, 0xc0,
    0x0, 0x0, 0x0,

    /* U+0038 "8" */
    0x0, 0x5, 0xbe, 0xfe, 0xa4, 0x0, 0x0, 0x9f,
    0xff, 0xff, 0xff, 0x70, 0x3, 0xff, 0xb3, 0x13,
    0xdf, 0xf1, 0x7, 0xff, 0x0, 0x0, 0x2f, 0xf5,
    0x6, 0xff, 0x0, 0x0, 0x2f, 0xf4, 0x1, 0xef,
    0xa2, 0x3, 0xcf, 0xd0, 0x0, 0x3d, 0xff, 0xff,
    0xfc, 0x20, 0x0, 0x5e, 0xff, 0xff, 0xfe, 0x40,
    0x4, 0xff, 0xa3, 0x14, 0xcf, 0xf2, 0xc, 0xfb,
    0x0, 0x0, 0xd, 0xfa, 0xf, 0xf8, 0x0, 0x0,
    0xa, 0xfd, 0xe, 0xfb, 0x0, 0x0, 0xd, 0xfc,
    0x9, 0xff, 0xa3, 0x24, 0xcf, 0xf7, 0x1, 0xdf,
    0xff, 0xff, 0xff, 0xb0, 0x0, 0x6, 0xce, 0xfe,
    0xb5, 0x0,

    /* U+0039 "9" */
    0x0, 0x19, 0xdf, 0xeb, 0x50, 0x0, 0x3, 0xff,
    0xff, 0xff, 0xf8, 0x0, 0xd, 0xff, 0x72, 0x3a,
    0xff, 0x30, 0x3f, 0xf5, 0x0, 0x0, 0xcf, 0xa0,
    0x5f, 0xf1, 0x0, 0x0, 0x8f, 0xf0, 0x3f, 0xf4,
    0x0, 0x0, 0xbf, 0xf2, 0xd, 0xfe, 0x40, 0x18,
    0xff, 0xf3, 0x3, 0xff, 0xff, 0xff, 0xdf, 0xf2,
    0x0, 0x2a, 0xff, 0xe8, 0x2f, 0xf1, 0x0, 0x0,
    0x0, 0x0, 0x4f, 0xf0, 0x0, 0x0, 0x0, 0x0,
    0xaf, 0xb0, 0x0, 0x0, 0x0, 0x3, 0xff, 0x50,
    0x2, 0xf9, 0x53, 0x7f, 0xfd, 0x0, 0x9, 0xff,
    0xff, 0xff, 0xe2, 0x0, 0x0, 0x6b, 0xef, 0xd9,
    0x10, 0x0,

    /* U+003A ":" */
    0x2d, 0xd1, 0x7f, 0xf6, 0x2e, 0xd1, 0x0, 0x0,
    0x0, 0x0, 0x0, 0x0, 0x0, 0x0, 0x0, 0x0,
    0x2e, 0xe2, 0x7f, 0xf6, 0x2d, 0xd1,

    /* U+003B ";" */
    0x3, 0xed, 0x10, 0x8f, 0xf5, 0x3, 0xed, 0x10,
    0x0, 0x0, 0x0, 0x0, 0x0, 0x0, 0x0, 0x0,
    0x0, 0x0, 0x0, 0x0, 0x1, 0xde, 0x40, 0x5f,
    0xf0, 0x9, 0xf9, 0x0, 0xdf, 0x30, 0x1f, 0xd0,
    0x0,

    /* U+003C "<" */
    0x0, 0x0, 0x0, 0x29, 0x40, 0x0, 0x2, 0xaf,
    0xf5, 0x0, 0x4b, 0xff, 0xf9, 0x12, 0xcf, 0xfe,
    0x81, 0x0, 0x4f, 0xfb, 0x0, 0x0, 0x3, 0xff,
    0xfc, 0x50, 0x0, 0x0, 0x7e, 0xff, 0xe7, 0x0,
    0x0, 0x6, 0xdf, 0xf5, 0x0, 0x0, 0x0, 0x4c,
    0x40, 0x0, 0x0, 0x0, 0x0,

    /* U+003D "=" */
    0x9f, 0xff, 0xff, 0xff, 0xc9, 0xff, 0xff, 0xff,
    0xfc, 0x0, 0x0, 0x0, 0x0, 0x0, 0x0, 0x0,
    0x0, 0x0, 0x9f, 0xff, 0xff, 0xff, 0xc9, 0xff,
    0xff, 0xff, 0xfc,

    /* U+003E ">" */
    0x1a, 0x30, 0x0, 0x0, 0x2, 0xff, 0xb4, 0x0,
    0x0, 0x9, 0xff, 0xfd, 0x50, 0x0, 0x0, 0x7e,
    0xff, 0xe4, 0x0, 0x0, 0x8, 0xff, 0x70, 0x0,
    0x4b, 0xff, 0xf5, 0x5, 0xdf, 0xfe, 0x81, 0x2,
    0xff, 0xe7, 0x0, 0x0, 0x2d, 0x60, 0x0, 0x0,
    0x0, 0x0, 0x0, 0x0, 0x0,

    /* U+003F "?" */
    0x0, 0x5c, 0xef, 0xc6, 0x0, 0x9, 0xff, 0xff,
    0xff, 0xa0, 0x3f, 0xfa, 0x44, 0xaf, 0xf5, 0x3,
    0x60, 0x0, 0xb, 0xfb, 0x0, 0x0, 0x0, 0x7,
    0xfd, 0x0, 0x0, 0x0, 0xa, 0xfb, 0x0, 0x0,
    0x1, 0x7f, 0xf5, 0x0, 0x8, 0xff, 0xff, 0x80,
    0x0, 0x8, 0xff, 0x83, 0x0, 0x0, 0x7, 0xfd,
    0x0, 0x0, 0x0, 0x6, 0xdb, 0x0, 0x0, 0x0,
    0x0, 0x0, 0x0, 0x0, 0x0, 0x6, 0xfa, 0x0,
    0x0, 0x0, 0xc, 0xff, 0x10, 0x0, 0x0, 0x6,
    0xfa, 0x0, 0x0,

    /* U+0040 "@" */
    0x0, 0x0, 0x0, 0x27, 0xce, 0xfe, 0xd9, 0x40,
    0x0, 0x0, 0x0, 0x0, 0x1a, 0xff, 0xff, 0xde,
    0xff, 0xfc, 0x20, 0x0, 0x0, 0x3, 0xef, 0xd6,
    0x20, 0x0, 0x5, 0xcf, 0xe3, 0x0, 0x0, 0x2e,
    0xf8, 0x0, 0x0, 0x0, 0x0, 0x7, 0xfe, 0x20,
    0x0, 0xcf, 0x70, 0x5, 0xcf, 0xe8, 0x1f, 0xf0,
    0x8f, 0xb0, 0x5, 0xfc, 0x0, 0x8f, 0xff, 0xff,
    0xcf, 0xf0, 0xd, 0xf3, 0xb, 0xf4, 0x3, 0xff,
    0xb2, 0x17, 0xff, 0xf0, 0x6, 0xf8, 0xf, 0xe0,
    0x9, 0xfd, 0x0, 0x0, 0x7f, 0xf0, 0x1, 0xfc,
    0x1f, 0xc0, 0xc, 0xf8, 0x0, 0x0, 0x1f, 0xf0,
    0x0, 0xfe, 0x2f, 0xb0, 0xd, 0xf6, 0x0, 0x0,
    0xf, 0xf0, 0x0, 0xef, 0x1f, 0xc0, 0xc, 0xf8,
    0x0, 0x0, 0x1f, 0xf0, 0x0, 0xfe, 0xf, 0xe0,
    0x9, 0xfe, 0x0, 0x0, 0x6f, 0xf0, 0x3, 0xfb,
    0xb, 0xf4, 0x3, 0xff, 0xb2, 0x16, 0xff, 0xf1,
    0xb, 0xf5, 0x5, 0xfc, 0x0, 0x8f, 0xff, 0xff,
    0xbb, 0xfd, 0xdf, 0xb0, 0x0, 0xcf, 0x80, 0x6,
    0xdf, 0xe8, 0x2, 0xbf, 0xe8, 0x0, 0x0, 0x2f,
    0xf9, 0x0, 0x0, 0x0, 0x0, 0x0, 0x0, 0x0,
    0x0, 0x3, 0xef, 0xe6, 0x20, 0x0, 0x5, 0x10,
    0x0, 0x0, 0x0, 0x0, 0x1a, 0xff, 0xfe, 0xde,
    0xff, 0xa0, 0x0, 0x0, 0x0, 0x0, 0x0, 0x28,
    0xce, 0xff, 0xc7, 0x10, 0x0, 0x0,

    /* U+0041 "A" */
    0x0, 0x0, 0x2, 0xff, 0xd0, 0x0, 0x0, 0x0,
    0x0, 0x0, 0x8f, 0xff, 0x30, 0x0, 0x0, 0x0,
    0x0, 0xe, 0xff, 0xf9, 0x0, 0x0, 0x0, 0x0,
    0x5, 0xff, 0xaf, 0xf0, 0x0, 0x0, 0x0, 0x0,
    0xbf, 0xc1, 0xff, 0x60, 0x0, 0x0, 0x0, 0x1f,
    0xf6, 0xb, 0xfc, 0x0, 0x0, 0x0, 0x7, 0xff,
    0x0, 0x5f, 0xf2, 0x0, 0x0, 0x0, 0xef, 0x90,
    0x0, 0xef, 0x90, 0x0, 0x0, 0x4f, 0xf3, 0x0,
    0x8, 0xfe, 0x0, 0x0, 0xa, 0xff, 0xff, 0xff,
    0xff, 0xf5, 0x0, 0x1, 0xff, 0xff, 0xff, 0xff,
    0xff, 0xb0, 0x0, 0x7f, 0xf4, 0x33, 0x33, 0x37,
    0xff, 0x20, 0xd, 0xfb, 0x0, 0x0, 0x0, 0xf,
    0xf8, 0x3, 0xff, 0x50, 0x0, 0x0, 0x0, 0xaf,
    0xe0, 0x9f, 0xe0, 0x0, 0x0, 0x0, 0x4, 0xff,
    0x50,

    /* U+0042 "B" */
    0x4f, 0xff, 0xff, 0xeb, 0x50, 0x0, 0x4f, 0xff,
    0xff, 0xff, 0xfa, 0x0, 0x4f, 0xf2, 0x1, 0x3b,
    0xff, 0x30, 0x4f, 0xf2, 0x0, 0x1, 0xff, 0x70,
    0x4f, 0xf2, 0x0, 0x0, 0xff, 0x70, 0x4f, 0xf2,
    0x0, 0x1a, 0xff, 0x20, 0x4f, 0xff, 0xff, 0xff,
    0xf5, 0x0, 0x4f, 0xff, 0xff, 0xff, 0xf9, 0x0,
    0x4f, 0xf3, 0x11, 0x29, 0xff, 0x70, 0x4f, 0xf2,
    0x0, 0x0, 0xbf, 0xd0, 0x4f, 0xf2, 0x0, 0x0,
    0x8f, 0xf0, 0x4f, 0xf2, 0x0, 0x0, 0xbf, 0xe0,
    0x4f, 0xf5, 0x33, 0x4a, 0xff, 0xa0, 0x4f, 0xff,
    0xff, 0xff, 0xfe, 0x10, 0x4f, 0xff, 0xff, 0xfd,
    0x91, 0x0,

    /* U+0043 "C" */
    0x0, 0x0, 0x18, 0xce, 0xfd, 0x82, 0x0, 0x0,
    0x0, 0x6f, 0xff, 0xff, 0xff, 0xf7, 0x0, 0x0,
    0x6f, 0xff, 0x95, 0x58, 0xef, 0xf8, 0x0, 0x2f,
    0xfd, 0x10, 0x0, 0x1, 0xcf, 0xf3, 0x9, 0xff,
    0x20, 0x0, 0x0, 0x1, 0xb6, 0x10, 0xef, 0xa0,
    0x0, 0x0, 0x0, 0x0, 0x0, 0x1f, 0xf6, 0x0,
    0x0, 0x0, 0x0, 0x0, 0x2, 0xff, 0x50, 0x0,
    0x0, 0x0, 0x0, 0x0, 0x1f, 0xf6, 0x0, 0x0,
    0x0, 0x0, 0x0, 0x0, 0xef, 0xa0, 0x0, 0x0,
    0x0, 0x0, 0x0, 0x9, 0xff, 0x20, 0x0, 0x0,
    0x1, 0xe9, 0x20, 0x2f, 0xfd, 0x10, 0x0, 0x1,
    0xcf, 0xf3, 0x0, 0x6f, 0xff, 0x95, 0x47, 0xef,
    0xf7, 0x0, 0x0, 0x6f, 0xff, 0xff, 0xff, 0xf7,
    0x0, 0x0, 0x0, 0x18, 0xce, 0xfd, 0x92, 0x0,
    0x0,

    /* U+0044 "D" */
    0x4f, 0xff, 0xff, 0xdb, 0x40, 0x0, 0x4, 0xff,
    0xff, 0xff, 0xff, 0xc1, 0x0, 0x4f, 0xf7, 0x55,
    0x7d, 0xff, 0xe1, 0x4, 0xff, 0x20, 0x0, 0x8,
    0xff, 0xb0, 0x4f, 0xf2, 0x0, 0x0, 0x9, 0xff,
    0x24, 0xff, 0x20, 0x0, 0x0, 0x1f, 0xf8, 0x4f,
    0xf2, 0x0, 0x0, 0x0, 0xdf, 0xa4, 0xff, 0x20,
    0x0, 0x0, 0xb, 0xfc, 0x4f, 0xf2, 0x0, 0x0,
    0x0, 0xcf, 0xa4, 0xff, 0x20, 0x0, 0x0, 0x1f,
    0xf8, 0x4f, 0xf2, 0x0, 0x0, 0x9, 0xff, 0x24,
    0xff, 0x20, 0x0, 0x7, 0xff, 0xb0, 0x4f, 0xf7,
    0x55, 0x7d, 0xff, 0xe1, 0x4, 0xff, 0xff, 0xff,
    0xff, 0xc1, 0x0, 0x4f, 0xff, 0xff, 0xdb, 0x50,
    0x0, 0x0,

    /* U+0045 "E" */
    0x4f, 0xff, 0xff, 0xff, 0xfc, 0x4f, 0xff, 0xff,
    0xff, 0xfc, 0x4f, 0xf6, 0x44, 0x44, 0x43, 0x4f,
    0xf2, 0x0, 0x0, 0x0, 0x4f, 0xf2, 0x0, 0x0,
    0x0, 0x4f, 0xf2, 0x0, 0x0, 0x0, 0x4f, 0xff,
    0xff, 0xff, 0xf0, 0x4f, 0xff, 0xff, 0xff, 0xf0,
    0x4f, 0xf5, 0x33, 0x33, 0x30, 0x4f, 0xf2, 0x0,
    0x0, 0x0, 0x4f, 0xf2, 0x0, 0x0, 0x0, 0x4f,
    0xf2, 0x0, 0x0, 0x0, 0x4f, 0xf6, 0x44, 0x44,
    0x43, 0x4f, 0xff, 0xff, 0xff, 0xfd, 0x4f, 0xff,
    0xff, 0xff, 0xfd,

    /* U+0046 "F" */
    0x4f, 0xff, 0xff, 0xff, 0xfe, 0x4f, 0xff, 0xff,
    0xff, 0xfe, 0x4f, 0xf6, 0x44, 0x44, 0x43, 0x4f,
    0xf2, 0x0, 0x0, 0x0, 0x4f, 0xf2, 0x0, 0x0,
    0x0, 0x4f, 0xf2, 0x0, 0x0, 0x0, 0x4f, 0xf6,
    0x44, 0x44, 0x30, 0x4f, 0xff, 0xff, 0xff, 0xe0,
    0x4f, 0xff, 0xff, 0xff, 0xe0, 0x4f, 0xf2, 0x0,
    0x0, 0x0, 0x4f, 0xf2, 0x0, 0x0, 0x0, 0x4f,
    0xf2, 0x0, 0x0, 0x0, 0x4f, 0xf2, 0x0, 0x0,
    0x0, 0x4f, 0xf2, 0x0, 0x0, 0x0, 0x4f, 0xf2,
    0x0, 0x0, 0x0,

    /* U+0047 "G" */
    0x0, 0x0, 0x6, 0xbe, 0xfe, 0xb5, 0x0, 0x0,
    0x0, 0x4, 0xef, 0xff, 0xff, 0xff, 0xc1, 0x0,
    0x0, 0x5f, 0xff, 0xa6, 0x57, 0xcf, 0xfd, 0x10,
    0x2, 0xff, 0xe3, 0x0, 0x0, 0x6, 0xf9, 0x10,
    0x9, 0xff, 0x30, 0x0, 0x0, 0x0, 0x10, 0x0,
    0xe, 0xfb, 0x0, 0x0, 0x0, 0x0, 0x0, 0x0,
    0x1f, 0xf6, 0x0, 0x0, 0x0, 0x0, 0x0, 0x0,
    0x2f, 0xf5, 0x0, 0x0, 0xb, 0xff, 0xff, 0xf2,
    0x1f, 0xf6, 0x0, 0x0, 0xb, 0xff, 0xff, 0xf2,
    0xe, 0xfa, 0x0, 0x0, 0x0, 0x0, 0x4f, 0xf0,
    0x9, 0xff, 0x30, 0x0, 0x0, 0x0, 0x9f, 0xd0,
    0x2, 0xff, 0xe3, 0x0, 0x0, 0x5, 0xff, 0x70,
    0x0, 0x5f, 0xff, 0xa6, 0x45, 0xaf, 0xfd, 0x0,
    0x0, 0x4, 0xef, 0xff, 0xff, 0xff, 0xc1, 0x0,
    0x0, 0x0, 0x16, 0xce, 0xfe, 0xb6, 0x0, 0x0,

    /* U+0048 "H" */
    0x4f, 0xf2, 0x0, 0x0, 0x0, 0x6f, 0xf4, 0xff,
    0x20, 0x0, 0x0, 0x6, 0xff, 0x4f, 0xf2, 0x0,
    0x0, 0x0, 0x6f, 0xf4, 0xff, 0x20, 0x0, 0x0,
    0x6, 0xff, 0x4f, 0xf2, 0x0, 0x0, 0x0, 0x6f,
    0xf4, 0xff, 0x20, 0x0, 0x0, 0x6, 0xff, 0x4f,
    0xff, 0xff, 0xff, 0xff, 0xff, 0xf4, 0xff, 0xff,
    0xff, 0xff, 0xff, 0xff, 0x4f, 0xf6, 0x44, 0x44,
    0x44, 0x9f, 0xf4, 0xff, 0x20, 0x0, 0x0, 0x6,
    0xff, 0x4f, 0xf2, 0x0, 0x0, 0x0, 0x6f, 0xf4,
    0xff, 0x20, 0x0, 0x0, 0x6, 0xff, 0x4f, 0xf2,
    0x0, 0x0, 0x0, 0x6f, 0xf4, 0xff, 0x20, 0x0,
    0x0, 0x6, 0xff, 0x4f, 0xf2, 0x0, 0x0, 0x0,
    0x6f, 0xf0,

    /* U+0049 "I" */
    0x4f, 0xf2, 0x4f, 0xf2, 0x4f, 0xf2, 0x4f, 0xf2,
    0x4f, 0xf2, 0x4f, 0xf2, 0x4f, 0xf2, 0x4f, 0xf2,
    0x4f, 0xf2, 0x4f, 0xf2, 0x4f, 0xf2, 0x4f, 0xf2,
    0x4f, 0xf2, 0x4f, 0xf2, 0x4f, 0xf2,

    /* U+004A "J" */
    0x0, 0x0, 0x0, 0xa, 0xfc, 0x0, 0x0, 0x0,
    0xa, 0xfc, 0x0, 0x0, 0x0, 0xa, 0xfc, 0x0,
    0x0, 0x0, 0xa, 0xfc, 0x0, 0x0, 0x0, 0xa,
    0xfc, 0x0, 0x0, 0x0, 0xa, 0xfc, 0x0, 0x0,
    0x0, 0xa, 0xfc, 0x0, 0x0, 0x0, 0xa, 0xfc,
    0x0, 0x0, 0x0, 0xa, 0xfc, 0x0, 0x0, 0x0,
    0xa, 0xfc, 0x0, 0x0, 0x0, 0xc, 0xfb, 0x5d,
    0x80, 0x0, 0x3f, 0xf9, 0x7f, 0xf9, 0x57, 0xef,
    0xf3, 0xb, 0xff, 0xff, 0xff, 0x70, 0x0, 0x7d,
    0xfe, 0xb4, 0x0,

    /* U+004B "K" */
    0x4f, 0xf2, 0x0, 0x0, 0x7f, 0xfa, 0x4, 0xff,
    0x20, 0x0, 0x6f, 0xfb, 0x0, 0x4f, 0xf2, 0x0,
    0x5f, 0xfc, 0x0, 0x4, 0xff, 0x20, 0x4f, 0xfd,
    0x0, 0x0, 0x4f, 0xf2, 0x3f, 0xfd, 0x10, 0x0,
    0x4, 0xff, 0x4e, 0xfe, 0x20, 0x0, 0x0, 0x4f,
    0xff, 0xff, 0x20, 0x0, 0x0, 0x4, 0xff, 0xff,
    0xf7, 0x0, 0x0, 0x0, 0x4f, 0xff, 0xcf, 0xf4,
    0x0, 0x0, 0x4, 0xff, 0x61, 0xdf, 0xe1, 0x0,
    0x0, 0x4f, 0xf2, 0x3, 0xff, 0xc0, 0x0, 0x4,
    0xff, 0x20, 0x5, 0xff, 0x90, 0x0, 0x4f, 0xf2,
    0x0, 0x9, 0xff, 0x60, 0x4, 0xff, 0x20, 0x0,
    0xc, 0xff, 0x30, 0x4f, 0xf2, 0x0, 0x0, 0x1e,
    0xfe, 0x10,

    /* U+004C "L" */
    0x4f, 0xf2, 0x0, 0x0, 0x0, 0x4f, 0xf2, 0x0,
    0x0, 0x0, 0x4f, 0xf2, 0x0, 0x0, 0x0, 0x4f,
    0xf2, 0x0, 0x0, 0x0, 0x4f, 0xf2, 0x0, 0x0,
    0x0, 0x4f, 0xf2, 0x0, 0x0, 0x0, 0x4f, 0xf2,
    0x0, 0x0, 0x0, 0x4f, 0xf2, 0x0, 0x0, 0x0,
    0x4f, 0xf2, 0x0, 0x0, 0x0, 0x4f, 0xf2, 0x0,
    0x0, 0x0, 0x4f, 0xf2, 0x0, 0x0, 0x0, 0x4f,
    0xf2, 0x0, 0x0, 0x0, 0x4f, 0xf6, 0x44, 0x44,
    0x43, 0x4f, 0xff, 0xff, 0xff, 0xfd, 0x4f, 0xff,
    0xff, 0xff, 0xfd,

    /* U+004D "M" */
    0x4f, 0xfa, 0x0, 0x0, 0x0, 0x0, 0xcf, 0xf2,
    0x4f, 0xff, 0x50, 0x0, 0x0, 0x7, 0xff, 0xf2,
    0x4f, 0xff, 0xe1, 0x0, 0x0, 0x2f, 0xff, 0xf2,
    0x4f, 0xff, 0xfa, 0x0, 0x0, 0xcf, 0xff, 0xf2,
    0x4f, 0xfa, 0xff, 0x50, 0x6, 0xff, 0x9f, 0xf2,
    0x4f, 0xf2, 0xcf, 0xe1, 0x2f, 0xfb, 0x4f, 0xf2,
    0x4f, 0xf2, 0x2f, 0xfa, 0xbf, 0xe1, 0x4f, 0xf2,
    0x4f, 0xf2, 0x7, 0xff, 0xff, 0x50, 0x4f, 0xf2,
    0x4f, 0xf2, 0x0, 0xcf, 0xfb, 0x0, 0x4f, 0xf2,
    0x4f, 0xf2, 0x0, 0x2f, 0xe1, 0x0, 0x4f, 0xf2,
    0x4f, 0xf2, 0x0, 0x7, 0x60, 0x0, 0x4f, 0xf2,
    0x4f, 0xf2, 0x0, 0x0, 0x0, 0x0, 0x4f, 0xf2,
    0x4f, 0xf2, 0x0, 0x0, 0x0, 0x0, 0x4f, 0xf2,
    0x4f, 0xf2, 0x0, 0x0, 0x0, 0x0, 0x4f, 0xf2,
    0x4f, 0xf2, 0x0, 0x0, 0x0, 0x0, 0x4f, 0xf2,

    /* U+004E "N" */
    0x4f, 0xf9, 0x0, 0x0, 0x0, 0xe, 0xf8, 0x4f,
    0xff, 0x50, 0x0, 0x0, 0xe, 0xf8, 0x4f, 0xff,
    0xf2, 0x0, 0x0, 0xe, 0xf8, 0x4f, 0xff, 0xfc,
    0x0, 0x0, 0xe, 0xf8, 0x4f, 0xfa, 0xff, 0x80,
    0x0, 0xe, 0xf8, 0x4f, 0xf2, 0xcf, 0xf3, 0x0,
    0xe, 0xf8, 0x4f, 0xf2, 0x1e, 0xfe, 0x10, 0xe,
    0xf8, 0x4f, 0xf2, 0x5, 0xff, 0xa0, 0xe, 0xf8,
    0x4f, 0xf2, 0x0, 0x9f, 0xf6, 0xe, 0xf8, 0x4f,
    0xf2, 0x0, 0xd, 0xff, 0x2e, 0xf8, 0x4f, 0xf2,
    0x0, 0x3, 0xff, 0xcf, 0xf8, 0x4f, 0xf2, 0x0,
    0x0, 0x7f, 0xff, 0xf8, 0x4f, 0xf2, 0x0, 0x0,
    0xb, 0xff, 0xf8, 0x4f, 0xf2, 0x0, 0x0, 0x1,
    0xef, 0xf8, 0x4f, 0xf2, 0x0, 0x0, 0x0, 0x4f,
    0xf8,

    /* U+004F "O" */
    0x0, 0x0, 0x17, 0xce, 0xfd, 0xa4, 0x0, 0x0,
    0x0, 0x5, 0xff, 0xff, 0xff, 0xff, 0xb1, 0x0,
    0x0, 0x6f, 0xff, 0x96, 0x57, 0xdf, 0xfc, 0x0,
    0x2, 0xff, 0xd2, 0x0, 0x0, 0x9, 0xff, 0x80,
    0x9, 0xff, 0x20, 0x0, 0x0, 0x0, 0xbf, 0xf0,
    0xe, 0xfa, 0x0, 0x0, 0x0, 0x0, 0x4f, 0xf5,
    0x1f, 0xf6, 0x0, 0x0, 0x0, 0x0, 0xf, 0xf7,
    0x2f, 0xf5, 0x0, 0x0, 0x0, 0x0, 0xe, 0xf9,
    0x1f, 0xf6, 0x0, 0x0, 0x0, 0x0, 0xf, 0xf7,
    0xe, 0xfa, 0x0, 0x0, 0x0, 0x0, 0x3f, 0xf5,
    0x9, 0xff, 0x20, 0x0, 0x0, 0x0, 0xbf, 0xf0,
    0x2, 0xff, 0xd2, 0x0, 0x0, 0x8, 0xff, 0x90,
    0x0, 0x6f, 0xff, 0x96, 0x57, 0xdf, 0xfd, 0x0,
    0x0, 0x5, 0xff, 0xff, 0xff, 0xff, 0xb1, 0x0,
    0x0, 0x0, 0x17, 0xce, 0xfd, 0xa4, 0x0, 0x0,

    /* U+0050 "P" */
    0x4f, 0xff, 0xff, 0xec, 0x50, 0x0, 0x4f, 0xff,
    0xff, 0xff, 0xfa, 0x0, 0x4f, 0xf6, 0x44, 0x6c,
    0xff, 0x60, 0x4f, 0xf2, 0x0, 0x0, 0xdf, 0xd0,
    0x4f, 0xf2, 0x0, 0x0, 0x7f, 0xf0, 0x4f, 0xf2,
    0x0, 0x0, 0x7f, 0xf0, 0x4f, 0xf2, 0x0, 0x0,
    0xcf, 0xd0, 0x4f, 0xf6, 0x44, 0x5b, 0xff, 0x60,
    0x4f, 0xff, 0xff, 0xff, 0xfb, 0x0, 0x4f, 0xff,
    0xff, 0xfd, 0x70, 0x0, 0x4f, 0xf2, 0x0, 0x0,
    0x0, 0x0, 0x4f, 0xf2, 0x0, 0x0, 0x0, 0x0,
    0x4f, 0xf2, 0x0, 0x0, 0x0, 0x0, 0x4f, 0xf2,
    0x0, 0x0, 0x0, 0x0, 0x4f, 0xf2, 0x0, 0x0,
    0x0, 0x0,

    /* U+0051 "Q" */
    0x0, 0x0, 0x18, 0xce, 0xfd, 0xa4, 0x0, 0x0,
    0x0, 0x6, 0xff, 0xff, 0xff, 0xff, 0xb1, 0x0,
    0x0, 0x6f, 0xff, 0x95, 0x57, 0xdf, 0xfc, 0x0,
    0x2, 0xff, 0xd2, 0x0, 0x0, 0x9, 0xff, 0x90,
    0x9, 0xff, 0x20, 0x0, 0x0, 0x0, 0xbf, 0xf0,
    0xe, 0xfa, 0x0, 0x0, 0x0, 0x0, 0x4f, 0xf5,
    0x1f, 0xf6, 0x0, 0x0, 0x0, 0x0, 0xf, 0xf7,
    0x2f, 0xf5, 0x0, 0x0, 0x0, 0x0, 0xe, 0xf9,
    0x1f, 0xf6, 0x0, 0x0, 0x0, 0x10, 0xf, 0xf8,
    0xe, 0xfa, 0x0, 0x0, 0x9, 0xd1, 0x4f, 0xf5,
    0x9, 0xff, 0x20, 0x0, 0x2e, 0xfd, 0xcf, 0xf1,
    0x2, 0xff, 0xd2, 0x0, 0x2, 0xef, 0xff, 0x80,
    0x0, 0x6f, 0xff, 0x96, 0x58, 0xef, 0xff, 0x20,
    0x0, 0x5, 0xff, 0xff, 0xff, 0xff, 0xff, 0xd1,
    0x0, 0x0, 0x17, 0xce, 0xfe, 0xa4, 0x2e, 0xe2,
    0x0, 0x0, 0x0, 0x0, 0x0, 0x0, 0x3, 0x20,

    /* U+0052 "R" */
    0x4f, 0xff, 0xff, 0xfc, 0x60, 0x0, 0x4f, 0xff,
    0xff, 0xff, 0xfb, 0x0, 0x4f, 0xf6, 0x44, 0x6c,
    0xff, 0x80, 0x4f, 0xf2, 0x0, 0x0, 0xcf, 0xe0,
    0x4f, 0xf2, 0x0, 0x0, 0x7f, 0xf0, 0x4f, 0xf2,
    0x0, 0x0, 0xaf, 0xe0, 0x4f, 0xf2, 0x0, 0x18,
    0xff, 0x90, 0x4f, 0xff, 0xff, 0xff, 0xfd, 0x10,
    0x4f, 0xff, 0xff, 0xff, 0xa1, 0x0, 0x4f, 0xf6,
    0x45, 0xff, 0x80, 0x0, 0x4f, 0xf2, 0x0, 0x9f,
    0xf2, 0x0, 0x4f, 0xf2, 0x0, 0x1f, 0xfa, 0x0,
    0x4f, 0xf2, 0x0, 0x7, 0xff, 0x30, 0x4f, 0xf2,
    0x0, 0x0, 0xef, 0xc0, 0x4f, 0xf2, 0x0, 0x0,
    0x6f, 0xf5,

    /* U+0053 "S" */
    0x0, 0x5, 0xbe, 0xfe, 0xb5, 0x0, 0x0, 0x9f,
    0xff, 0xff, 0xff, 0xa0, 0x3, 0xff, 0xd5, 0x35,
    0xcf, 0xf7, 0x8, 0xff, 0x10, 0x0, 0xc, 0xb5,
    0x8, 0xff, 0x0, 0x0, 0x0, 0x0, 0x5, 0xff,
    0x80, 0x0, 0x0, 0x0, 0x0, 0xcf, 0xfe, 0xa6,
    0x10, 0x0, 0x0, 0x8, 0xef, 0xff, 0xfa, 0x10,
    0x0, 0x0, 0x4, 0x8d, 0xff, 0xd1, 0x0, 0x0,
    0x0, 0x0, 0x6f, 0xf9, 0x0, 0x0, 0x0, 0x0,
    0xc, 0xfd, 0x8, 0xda, 0x0, 0x0, 0xd, 0xfc,
    0xa, 0xff, 0xb4, 0x35, 0xcf, 0xf7, 0x0, 0xbf,
    0xff, 0xff, 0xff, 0xb0, 0x0, 0x4, 0xbe, 0xfe,
    0xc6, 0x0,

    /* U+0054 "T" */
    0xbf, 0xff, 0xff, 0xff, 0xff, 0xfb, 0xbf, 0xff,
    0xff, 0xff, 0xff, 0xfb, 0x34, 0x44, 0x7f, 0xf7,
    0x44, 0x43, 0x0, 0x0, 0x3f, 0xf3, 0x0, 0x0,
    0x0, 0x0, 0x3f, 0xf3, 0x0, 0x0, 0x0, 0x0,
    0x3f, 0xf3, 0x0, 0x0, 0x0, 0x0, 0x3f, 0xf3,
    0x0, 0x0, 0x0, 0x0, 0x3f, 0xf3, 0x0, 0x0,
    0x0, 0x0, 0x3f, 0xf3, 0x0, 0x0, 0x0, 0x0,
    0x3f, 0xf3, 0x0, 0x0, 0x0, 0x0, 0x3f, 0xf3,
    0x0, 0x0, 0x0, 0x0, 0x3f, 0xf3, 0x0, 0x0,
    0x0, 0x0, 0x3f, 0xf3, 0x0, 0x0, 0x0, 0x0,
    0x3f, 0xf3, 0x0, 0x0, 0x0, 0x0, 0x3f, 0xf3,
    0x0, 0x0,

    /* U+0055 "U" */
    0x7f, 0xf0, 0x0, 0x0, 0x2, 0xff, 0x47, 0xff,
    0x0, 0x0, 0x0, 0x2f, 0xf4, 0x7f, 0xf0, 0x0,
    0x0, 0x2, 0xff, 0x47, 0xff, 0x0, 0x0, 0x0,
    0x2f, 0xf4, 0x7f, 0xf0, 0x0, 0x0, 0x2, 0xff,
    0x47, 0xff, 0x0, 0x0, 0x0, 0x2f, 0xf4, 0x7f,
    0xf0, 0x0, 0x0, 0x2, 0xff, 0x47, 0xff, 0x0,
    0x0, 0x0, 0x2f, 0xf4, 0x7f, 0xf0, 0x0, 0x0,
    0x2, 0xff, 0x47, 0xff, 0x0, 0x0, 0x0, 0x2f,
    0xf3, 0x5f, 0xf2, 0x0, 0x0, 0x5, 0xff, 0x21,
    0xff, 0xb0, 0x0, 0x1, 0xdf, 0xd0, 0x9, 0xff,
    0xc6, 0x57, 0xef, 0xf6, 0x0, 0xb, 0xff, 0xff,
    0xff, 0xf8, 0x0, 0x0, 0x5, 0xbe, 0xfe, 0xa3,
    0x0, 0x0,

    /* U+0056 "V" */
    0x9f, 0xe0, 0x0, 0x0, 0x0, 0x1, 0xff, 0x83,
    0xff, 0x50, 0x0, 0x0, 0x0, 0x7f, 0xf2, 0xd,
    0xfb, 0x0, 0x0, 0x0, 0xd, 0xfb, 0x0, 0x6f,
    0xf2, 0x0, 0x0, 0x3, 0xff, 0x50, 0x1, 0xff,
    0x80, 0x0, 0x0, 0x9f, 0xe0, 0x0, 0xa, 0xfe,
    0x0, 0x0, 0xf, 0xf8, 0x0, 0x0, 0x3f, 0xf4,
    0x0, 0x6, 0xff, 0x20, 0x0, 0x0, 0xdf, 0xa0,
    0x0, 0xcf, 0xc0, 0x0, 0x0, 0x7, 0xff, 0x10,
    0x2f, 0xf5, 0x0, 0x0, 0x0, 0x1f, 0xf7, 0x8,
    0xfe, 0x0, 0x0, 0x0, 0x0, 0xaf, 0xd0, 0xef,
    0x90, 0x0, 0x0, 0x0, 0x4, 0xff, 0x8f, 0xf2,
    0x0, 0x0, 0x0, 0x0, 0xd, 0xff, 0xfc, 0x0,
    0x0, 0x0, 0x0, 0x0, 0x7f, 0xff, 0x60, 0x0,
    0x0, 0x0, 0x0, 0x1, 0xff, 0xf0, 0x0, 0x0,
    0x0,

    /* U+0057 "W" */
    0xaf, 0xc0, 0x0, 0x0, 0x1f, 0xf9, 0x0, 0x0,
    0x5, 0xff, 0x26, 0xff, 0x10, 0x0, 0x6, 0xff,
    0xd0, 0x0, 0x0, 0xaf, 0xd0, 0x1f, 0xf5, 0x0,
    0x0, 0xaf, 0xff, 0x20, 0x0, 0xe, 0xf8, 0x0,
    0xcf, 0xa0, 0x0, 0xe, 0xff, 0xf6, 0x0, 0x3,
    0xff, 0x30, 0x7, 0xfe, 0x0, 0x3, 0xff, 0xbf,
    0xb0, 0x0, 0x8f, 0xe0, 0x0, 0x3f, 0xf3, 0x0,
    0x8f, 0xc5, 0xff, 0x0, 0xc, 0xfa, 0x0, 0x0,
    0xef, 0x80, 0xc, 0xf8, 0x1f, 0xf4, 0x1, 0xff,
    0x50, 0x0, 0x9, 0xfd, 0x1, 0xff, 0x30, 0xcf,
    0x80, 0x6f, 0xf1, 0x0, 0x0, 0x5f, 0xf1, 0x5f,
    0xf0, 0x8, 0xfd, 0xb, 0xfc, 0x0, 0x0, 0x0,
    0xff, 0x6a, 0xfa, 0x0, 0x4f, 0xf2, 0xff, 0x70,
    0x0, 0x0, 0xb, 0xfb, 0xef, 0x60, 0x0, 0xff,
    0xaf, 0xf2, 0x0, 0x0, 0x0, 0x7f, 0xff, 0xf2,
    0x0, 0xb, 0xff, 0xfd, 0x0, 0x0, 0x0, 0x2,
    0xff, 0xfd, 0x0, 0x0, 0x6f, 0xff, 0x90, 0x0,
    0x0, 0x0, 0xd, 0xff, 0x90, 0x0, 0x2, 0xff,
    0xf4, 0x0, 0x0, 0x0, 0x0, 0x9f, 0xf4, 0x0,
    0x0, 0xe, 0xff, 0x0, 0x0, 0x0,

    /* U+0058 "X" */
    0x6f, 0xf8, 0x0, 0x0, 0x0, 0xcf, 0xf2, 0xa,
    0xff, 0x30, 0x0, 0x7, 0xff, 0x50, 0x1, 0xef,
    0xd0, 0x0, 0x3f, 0xfa, 0x0, 0x0, 0x4f, 0xf9,
    0x0, 0xdf, 0xe1, 0x0, 0x0, 0x8, 0xff, 0x48,
    0xff, 0x40, 0x0, 0x0, 0x0, 0xcf, 0xef, 0xf8,
    0x0, 0x0, 0x0, 0x0, 0x2f, 0xff, 0xc0, 0x0,
    0x0, 0x0, 0x0, 0xb, 0xff, 0x60, 0x0, 0x0,
    0x0, 0x0, 0x4f, 0xff, 0xe1, 0x0, 0x0, 0x0,
    0x1, 0xef, 0xcf, 0xfb, 0x0, 0x0, 0x0, 0xa,
    0xff, 0x26, 0xff, 0x60, 0x0, 0x0, 0x6f, 0xf7,
    0x0, 0xbf, 0xf2, 0x0, 0x1, 0xff, 0xc0, 0x0,
    0x2f, 0xfc, 0x0, 0xc, 0xff, 0x20, 0x0, 0x6,
    0xff, 0x70, 0x7f, 0xf7, 0x0, 0x0, 0x0, 0xcf,
    0xf2,

    /* U+0059 "Y" */
    0x8f, 0xf4, 0x0, 0x0, 0x1, 0xff, 0xc0, 0xe,
    0xfd, 0x0, 0x0, 0x9, 0xff, 0x20, 0x5, 0xff,
    0x70, 0x0, 0x3f, 0xf8, 0x0, 0x0, 0xbf, 0xf1,
    0x0, 0xcf, 0xe0, 0x0, 0x0, 0x2f, 0xf9, 0x6,
    0xff, 0x50, 0x0, 0x0, 0x8, 0xff, 0x4e, 0xfb,
    0x0, 0x0, 0x0, 0x0, 0xef, 0xff, 0xf2, 0x0,
    0x0, 0x0, 0x0, 0x5f, 0xff, 0x80, 0x0, 0x0,
    0x0, 0x0, 0xc, 0xfe, 0x0, 0x0, 0x0, 0x0,
    0x0, 0x9, 0xfd, 0x0, 0x0, 0x0, 0x0, 0x0,
    0x9, 0xfd, 0x0, 0x0, 0x0, 0x0, 0x0, 0x9,
    0xfd, 0x0, 0x0, 0x0, 0x0, 0x0, 0x9, 0xfd,
    0x0, 0x0, 0x0, 0x0, 0x0, 0x9, 0xfd, 0x0,
    0x0, 0x0, 0x0, 0x0, 0x9, 0xfd, 0x0, 0x0,
    0x0,

    /* U+005A "Z" */
    0x1f, 0xff, 0xff, 0xff, 0xff, 0xff, 0x71, 0xff,
    0xff, 0xff, 0xff, 0xff, 0xf7, 0x5, 0x55, 0x55,
    0x55, 0x5e, 0xff, 0x40, 0x0, 0x0, 0x0, 0x9,
    0xff, 0x80, 0x0, 0x0, 0x0, 0x7, 0xff, 0xa0,
    0x0, 0x0, 0x0, 0x4, 0xff, 0xd0, 0x0, 0x0,
    0x0, 0x2, 0xef, 0xe2, 0x0, 0x0, 0x0, 0x0,
    0xdf, 0xf3, 0x0, 0x0, 0x0, 0x0, 0xbf, 0xf6,
    0x0, 0x0, 0x0, 0x0, 0x8f, 0xf9, 0x0, 0x0,
    0x0, 0x0, 0x5f, 0xfb, 0x0, 0x0, 0x0, 0x0,
    0x3f, 0xfd, 0x10, 0x0, 0x0, 0x0, 0xe, 0xff,
    0x85, 0x55, 0x55, 0x55, 0x22, 0xff, 0xff, 0xff,
    0xff, 0xff, 0xf6, 0x2f, 0xff, 0xff, 0xff, 0xff,
    0xff, 0x60,

    /* U+005B "[" */
    0x3, 0x33, 0x24, 0xff, 0xfb, 0x4f, 0xff, 0xb4,
    0xfd, 0x0, 0x4f, 0xd0, 0x4, 0xfd, 0x0, 0x4f,
    0xd0, 0x4, 0xfd, 0x0, 0x4f, 0xd0, 0x4, 0xfd,
    0x0, 0x4f, 0xd0, 0x4, 0xfd, 0x0, 0x4f, 0xd0,
    0x4, 0xfd, 0x0, 0x4f, 0xd0, 0x4, 0xfd, 0x0,
    0x4f, 0xd0, 0x4, 0xfe, 0x32, 0x4f, 0xff, 0xb4,
    0xff, 0xfb,

    /* U+005C "\\" */
    0x8f, 0xc0, 0x0, 0x0, 0x3, 0xff, 0x10, 0x0,
    0x0, 0xe, 0xf6, 0x0, 0x0, 0x0, 0x9f, 0xb0,
    0x0, 0x0, 0x4, 0xff, 0x10, 0x0, 0x0, 0xe,
    0xf6, 0x0, 0x0, 0x0, 0x9f, 0xb0, 0x0, 0x0,
    0x4, 0xff, 0x0, 0x0, 0x0, 0xf, 0xf5, 0x0,
    0x0, 0x0, 0xaf, 0xa0, 0x0, 0x0, 0x5, 0xff,
    0x0, 0x0, 0x0, 0xf, 0xf4, 0x0, 0x0, 0x0,
    0xbf, 0xa0, 0x0, 0x0, 0x6, 0xfe, 0x0, 0x0,
    0x0, 0x1f, 0xf4, 0x0, 0x0, 0x0, 0xbf, 0x90,
    0x0, 0x0, 0x6, 0xfe, 0x0, 0x0, 0x0, 0x1f,
    0xf3,

    /* U+005D "]" */
    0x23, 0x33, 0xa, 0xff, 0xf5, 0xaf, 0xff, 0x50,
    0xd, 0xf5, 0x0, 0xdf, 0x50, 0xd, 0xf5, 0x0,
    0xdf, 0x50, 0xd, 0xf5, 0x0, 0xdf, 0x50, 0xd,
    0xf5, 0x0, 0xdf, 0x50, 0xd, 0xf5, 0x0, 0xdf,
    0x50, 0xd, 0xf5, 0x0, 0xdf, 0x50, 0xd, 0xf5,
    0x0, 0xdf, 0x52, 0x3d, 0xf5, 0xaf, 0xff, 0x5a,
    0xff, 0xf5,

    /* U+005E "^" */
    0x0, 0x6, 0xff, 0x40, 0x0, 0x0, 0xd, 0xff,
    0xc0, 0x0, 0x0, 0x5f, 0xde, 0xf3, 0x0, 0x0,
    0xcf, 0x57, 0xfb, 0x0, 0x3, 0xfe, 0x0, 0xef,
    0x20, 0xb, 0xf6, 0x0, 0x7f, 0xa0, 0x2f, 0xe0,
    0x0, 0xe, 0xf2,

    /* U+005F "_" */
    0x1, 0x11, 0x11, 0x11, 0xa, 0xff, 0xff, 0xff,
    0xfc, 0xaf, 0xff, 0xff, 0xff, 0xc0,

    /* U+0060 "`" */
    0x8f, 0xf2, 0x0, 0xa, 0xfe, 0x10, 0x0, 0xbf,
    0xc0,

    /* U+0061 "a" */
    0x0, 0x3a, 0xef, 0xd8, 0x10, 0x3, 0xff, 0xff,
    0xff, 0xd0, 0x9, 0xfc, 0x32, 0x6f, 0xf7, 0x0,
    0x10, 0x0, 0x9, 0xfc, 0x0, 0x4a, 0xcd, 0xde,
    0xfe, 0x9, 0xff, 0xff, 0xff, 0xfe, 0x1f, 0xfa,
    0x20, 0x6, 0xfe, 0x4f, 0xf2, 0x0, 0xb, 0xfe,
    0x2f, 0xf9, 0x11, 0x8f, 0xfe, 0xc, 0xff, 0xff,
    0xfe, 0xfe, 0x0, 0x8d, 0xfe, 0x85, 0xfe,

    /* U+0062 "b" */
    0xbf, 0xa0, 0x0, 0x0, 0x0, 0xb, 0xfa, 0x0,
    0x0, 0x0, 0x0, 0xbf, 0xa0, 0x0, 0x0, 0x0,
    0xb, 0xfa, 0x0, 0x0, 0x0, 0x0, 0xbf, 0xa2,
    0xbf, 0xeb, 0x30, 0xb, 0xfc, 0xef, 0xff, 0xff,
    0x50, 0xbf, 0xfe, 0x64, 0x7f, 0xff, 0x1b, 0xff,
    0x30, 0x0, 0x4f, 0xf6, 0xbf, 0xc0, 0x0, 0x0,
    0xdf, 0x9b, 0xfa, 0x0, 0x0, 0xb, 0xfb, 0xbf,
    0xc0, 0x0, 0x0, 0xdf, 0x9b, 0xff, 0x30, 0x0,
    0x4f, 0xf6, 0xbf, 0xfe, 0x63, 0x7f, 0xfe, 0x1b,
    0xfb, 0xff, 0xff, 0xff, 0x50, 0xbf, 0x82, 0xbf,
    0xeb, 0x30, 0x0,

    /* U+0063 "c" */
    0x0, 0x5, 0xbe, 0xfc, 0x70, 0x0, 0xa, 0xff,
    0xff, 0xff, 0xc0, 0x7, 0xff, 0xb5, 0x49, 0xff,
    0x90, 0xef, 0xb0, 0x0, 0x6, 0x61, 0x2f, 0xf4,
    0x0, 0x0, 0x0, 0x4, 0xff, 0x20, 0x0, 0x0,
    0x0, 0x2f, 0xf4, 0x0, 0x0, 0x0, 0x0, 0xef,
    0xb0, 0x0, 0x8, 0x93, 0x7, 0xff, 0xb5, 0x49,
    0xff, 0x80, 0x9, 0xff, 0xff, 0xff, 0xc0, 0x0,
    0x5, 0xbe, 0xfd, 0x70, 0x0,

    /* U+0064 "d" */
    0x0, 0x0, 0x0, 0x0, 0x3f, 0xf1, 0x0, 0x0,
    0x0, 0x0, 0x3f, 0xf1, 0x0, 0x0, 0x0, 0x0,
    0x3f, 0xf1, 0x0, 0x0, 0x0, 0x0, 0x3f, 0xf1,
    0x0, 0x18, 0xdf, 0xd6, 0x3f, 0xf1, 0x1, 0xdf,
    0xff, 0xff, 0xbf, 0xf1, 0x9, 0xff, 0xb4, 0x4b,
    0xff, 0xf1, 0xf, 0xfb, 0x0, 0x0, 0xcf, 0xf1,
    0x3f, 0xf4, 0x0, 0x0, 0x5f, 0xf1, 0x4f, 0xf2,
    0x0, 0x0, 0x3f, 0xf1, 0x3f, 0xf4, 0x0, 0x0,
    0x5f, 0xf1, 0xf, 0xfb, 0x0, 0x0, 0xcf, 0xf1,
    0x9, 0xff, 0xb4, 0x4a, 0xff, 0xf1, 0x1, 0xdf,
    0xff, 0xff, 0xbf, 0xf1, 0x0, 0x18, 0xef, 0xd6,
    0x2f, 0xf1,

    /* U+0065 "e" */
    0x0, 0x5, 0xce, 0xfb, 0x40, 0x0, 0x0, 0xaf,
    0xff, 0xff, 0xf7, 0x0, 0x7, 0xff, 0x82, 0x29,
    0xff, 0x30, 0xe, 0xf8, 0x0, 0x0, 0xaf, 0xa0,
    0x2f, 0xfe, 0xdd, 0xdd, 0xef, 0xe0, 0x4f, 0xff,
    0xff, 0xff, 0xff, 0xf0, 0x2f, 0xf4, 0x0, 0x0,
    0x0, 0x0, 0xe, 0xfa, 0x0, 0x0, 0x56, 0x0,
    0x7, 0xff, 0xa4, 0x37, 0xff, 0x90, 0x0, 0xaf,
    0xff, 0xff, 0xfc, 0x0, 0x0, 0x6, 0xcf, 0xfd,
    0x70, 0x0,

    /* U+0066 "f" */
    0x0, 0x5, 0xdf, 0xd8, 0x0, 0x4, 0xff, 0xff,
    0x90, 0x0, 0x8f, 0xe2, 0x21, 0x0, 0xa, 0xfb,
    0x0, 0x0, 0x7f, 0xff, 0xff, 0xf7, 0x7, 0xff,
    0xff, 0xff, 0x70, 0x0, 0xaf, 0xb0, 0x0, 0x0,
    0xa, 0xfb, 0x0, 0x0, 0x0, 0xaf, 0xb0, 0x0,
    0x0, 0xa, 0xfb, 0x0, 0x0, 0x0, 0xaf, 0xb0,
    0x0, 0x0, 0xa, 0xfb, 0x0, 0x0, 0x0, 0xaf,
    0xb0, 0x0, 0x0, 0xa, 0xfb, 0x0, 0x0, 0x0,
    0xaf, 0xb0, 0x0, 0x0,

    /* U+0067 "g" */
    0x0, 0x8, 0xdf, 0xd6, 0x2f, 0xf3, 0x0, 0xdf,
    0xff, 0xff, 0xaf, 0xf3, 0x9, 0xff, 0xa3, 0x39,
    0xff, 0xf3, 0xf, 0xfc, 0x0, 0x0, 0xbf, 0xf3,
    0x2f, 0xf5, 0x0, 0x0, 0x5f, 0xf3, 0x4f, 0xf4,
    0x0, 0x0, 0x3f, 0xf3, 0x3f, 0xf5, 0x0, 0x0,
    0x5f, 0xf3, 0xf, 0xfb, 0x0, 0x0, 0xaf, 0xf3,
    0x9, 0xff, 0x92, 0x18, 0xff, 0xf3, 0x1, 0xdf,
    0xff, 0xff, 0xaf, 0xf3, 0x0, 0x19, 0xef, 0xd6,
    0x3f, 0xf1, 0x0, 0x0, 0x0, 0x0, 0x8f, 0xe0,
    0x0, 0xa6, 0x32, 0x38, 0xff, 0x70, 0x6, 0xff,
    0xff, 0xff, 0xfb, 0x0, 0x0, 0x6b, 0xef, 0xec,
    0x60, 0x0,

    /* U+0068 "h" */
    0xaf, 0xa0, 0x0, 0x0, 0x0, 0xaf, 0xa0, 0x0,
    0x0, 0x0, 0xaf, 0xa0, 0x0, 0x0, 0x0, 0xaf,
    0xa0, 0x0, 0x0, 0x0, 0xaf, 0xa3, 0xcf, 0xea,
    0x10, 0xaf, 0xdf, 0xff, 0xff, 0xe0, 0xaf, 0xfd,
    0x64, 0xbf, 0xf6, 0xaf, 0xf1, 0x0, 0xe, 0xfa,
    0xaf, 0xc0, 0x0, 0xa, 0xfc, 0xaf, 0xa0, 0x0,
    0x9, 0xfc, 0xaf, 0xa0, 0x0, 0x9, 0xfc, 0xaf,
    0xa0, 0x0, 0x9, 0xfc, 0xaf, 0xa0, 0x0, 0x9,
    0xfc, 0xaf, 0xa0, 0x0, 0x9, 0xfc, 0xaf, 0xa0,
    0x0, 0x9, 0xfc,

    /* U+0069 "i" */
    0x17, 0x20, 0xaf, 0xe0, 0x9f, 0xc0, 0x4, 0x10,
    0x0, 0x0, 0x8f, 0xc0, 0x8f, 0xc0, 0x8f, 0xc0,
    0x8f, 0xc0, 0x8f, 0xc0, 0x8f, 0xc0, 0x8f, 0xc0,
    0x8f, 0xc0, 0x8f, 0xc0, 0x8f, 0xc0, 0x8f, 0xc0,

    /* U+006A "j" */
    0x0, 0x0, 0x36, 0x0, 0x0, 0xf, 0xf9, 0x0,
    0x0, 0xef, 0x80, 0x0, 0x2, 0x40, 0x0, 0x0,
    0x0, 0x0, 0x0, 0xe, 0xf7, 0x0, 0x0, 0xef,
    0x70, 0x0, 0xe, 0xf7, 0x0, 0x0, 0xef, 0x70,
    0x0, 0xe, 0xf7, 0x0, 0x0, 0xef, 0x70, 0x0,
    0xe, 0xf7, 0x0, 0x0, 0xef, 0x70, 0x0, 0xe,
    0xf7, 0x0, 0x0, 0xef, 0x70, 0x0, 0xe, 0xf7,
    0x0, 0x0, 0xff, 0x60, 0x45, 0x7f, 0xf4, 0xd,
    0xff, 0xfd, 0x1, 0xae, 0xea, 0x20,

    /* U+006B "k" */
    0xbf, 0xa0, 0x0, 0x0, 0x0, 0xbf, 0xa0, 0x0,
    0x0, 0x0, 0xbf, 0xa0, 0x0, 0x0, 0x0, 0xbf,
    0xa0, 0x0, 0x0, 0x0, 0xbf, 0xa0, 0x0, 0xcf,
    0xe1, 0xbf, 0xa0, 0xb, 0xff, 0x20, 0xbf, 0xa0,
    0xaf, 0xf4, 0x0, 0xbf, 0xa8, 0xff, 0x60, 0x0,
    0xbf, 0xef, 0xfa, 0x0, 0x0, 0xbf, 0xff, 0xff,
    0x20, 0x0, 0xbf, 0xfc, 0xef, 0xc0, 0x0, 0xbf,
    0xd1, 0x4f, 0xf6, 0x0, 0xbf, 0xa0, 0xa, 0xff,
    0x20, 0xbf, 0xa0, 0x1, 0xef, 0xc0, 0xbf, 0xa0,
    0x0, 0x5f, 0xf6,

    /* U+006C "l" */
    0xbf, 0xab, 0xfa, 0xbf, 0xab, 0xfa, 0xbf, 0xab,
    0xfa, 0xbf, 0xab, 0xfa, 0xbf, 0xab, 0xfa, 0xbf,
    0xab, 0xfa, 0xbf, 0xab, 0xfa, 0xbf, 0xa0,

    /* U+006D "m" */
    0xbf, 0x85, 0xdf, 0xd7, 0x0, 0x7e, 0xfc, 0x40,
    0xb, 0xfd, 0xff, 0xff, 0xf8, 0x8f, 0xff, 0xff,
    0x40, 0xbf, 0xfc, 0x55, 0xef, 0xff, 0xa4, 0x7f,
    0xfb, 0xb, 0xff, 0x10, 0x4, 0xff, 0xc0, 0x0,
    0x9f, 0xf0, 0xbf, 0xc0, 0x0, 0x1f, 0xf7, 0x0,
    0x5, 0xff, 0xb, 0xfa, 0x0, 0x0, 0xff, 0x50,
    0x0, 0x4f, 0xf0, 0xbf, 0xa0, 0x0, 0xf, 0xf5,
    0x0, 0x4, 0xff, 0xb, 0xfa, 0x0, 0x0, 0xff,
    0x50, 0x0, 0x4f, 0xf0, 0xbf, 0xa0, 0x0, 0xf,
    0xf5, 0x0, 0x4, 0xff, 0xb, 0xfa, 0x0, 0x0,
    0xff, 0x50, 0x0, 0x4f, 0xf0, 0xbf, 0xa0, 0x0,
    0xf, 0xf5, 0x0, 0x4, 0xff, 0x0,

    /* U+006E "n" */
    0xbf, 0x83, 0xcf, 0xea, 0x10, 0xbf, 0xcf, 0xff,
    0xff, 0xd0, 0xbf, 0xfd, 0x64, 0xbf, 0xf6, 0xbf,
    0xf1, 0x0, 0xe, 0xfa, 0xbf, 0xc0, 0x0, 0xa,
    0xfb, 0xbf, 0xa0, 0x0, 0x9, 0xfc, 0xbf, 0xa0,
    0x0, 0x9, 0xfc, 0xbf, 0xa0, 0x0, 0x9, 0xfc,
    0xbf, 0xa0, 0x0, 0x9, 0xfc, 0xbf, 0xa0, 0x0,
    0x9, 0xfc, 0xbf, 0xa0, 0x0, 0x9, 0xfc,

    /* U+006F "o" */
    0x0, 0x5, 0xce, 0xfc, 0x70, 0x0, 0x0, 0xaf,
    0xff, 0xff, 0xfc, 0x0, 0x7, 0xff, 0xb4, 0x49,
    0xff, 0xa0, 0xe, 0xfb, 0x0, 0x0, 0x8f, 0xf1,
    0x2f, 0xf4, 0x0, 0x0, 0x1f, 0xf5, 0x4f, 0xf2,
    0x0, 0x0, 0xe, 0xf7, 0x2f, 0xf4, 0x0, 0x0,
    0xf, 0xf5, 0xe, 0xfb, 0x0, 0x0, 0x7f, 0xf1,
    0x7, 0xff, 0xb4, 0x49, 0xff, 0xa0, 0x0, 0xaf,
    0xff, 0xff, 0xfc, 0x10, 0x0, 0x5, 0xbe, 0xfd,
    0x70, 0x0,

    /* U+0070 "p" */
    0x9f, 0xa1, 0xae, 0xfc, 0x40, 0x9, 0xfc, 0xef,
    0xff, 0xff, 0x70, 0x9f, 0xff, 0x74, 0x6e, 0xff,
    0x29, 0xff, 0x40, 0x0, 0x3f, 0xf8, 0x9f, 0xe0,
    0x0, 0x0, 0xbf, 0xb9, 0xfc, 0x0, 0x0, 0x9,
    0xfc, 0x9f, 0xe0, 0x0, 0x0, 0xbf, 0xb9, 0xff,
    0x40, 0x0, 0x3f, 0xf8, 0x9f, 0xff, 0x63, 0x6e,
    0xff, 0x29, 0xfd, 0xdf, 0xff, 0xff, 0x60, 0x9f,
    0xc1, 0xae, 0xfc, 0x40, 0x9, 0xfc, 0x0, 0x0,
    0x0, 0x0, 0x9f, 0xc0, 0x0, 0x0, 0x0, 0x9,
    0xfc, 0x0, 0x0, 0x0, 0x0, 0x9f, 0xc0, 0x0,
    0x0, 0x0, 0x0,

    /* U+0071 "q" */
    0x0, 0x18, 0xdf, 0xd6, 0x1f, 0xf2, 0x1, 0xdf,
    0xff, 0xff, 0xaf, 0xf2, 0x9, 0xff, 0xb4, 0x4b,
    0xff, 0xf2, 0xf, 0xfb, 0x0, 0x0, 0xcf, 0xf2,
    0x3f, 0xf4, 0x0, 0x0, 0x5f, 0xf2, 0x4f, 0xf2,
    0x0, 0x0, 0x3f, 0xf2, 0x3f, 0xf4, 0x0, 0x0,
    0x5f, 0xf2, 0xf, 0xfb, 0x0, 0x0, 0xcf, 0xf2,
    0x9, 0xff, 0xb4, 0x4b, 0xff, 0xf2, 0x1, 0xdf,
    0xff, 0xff, 0xbf, 0xf2, 0x0, 0x18, 0xef, 0xd6,
    0x3f, 0xf2, 0x0, 0x0, 0x0, 0x0, 0x3f, 0xf2,
    0x0, 0x0, 0x0, 0x0, 0x3f, 0xf2, 0x0, 0x0,
    0x0, 0x0, 0x3f, 0xf2, 0x0, 0x0, 0x0, 0x0,
    0x3f, 0xf2,

    /* U+0072 "r" */
    0xbf, 0xa1, 0x9e, 0x5b, 0xfb, 0xdf, 0xf6, 0xbf,
    0xff, 0x95, 0x1b, 0xff, 0x30, 0x0, 0xbf, 0xb0,
    0x0, 0xb, 0xfa, 0x0, 0x0, 0xbf, 0xa0, 0x0,
    0xb, 0xfa, 0x0, 0x0, 0xbf, 0xa0, 0x0, 0xb,
    0xfa, 0x0, 0x0, 0xbf, 0xa0, 0x0, 0x0,

    /* U+0073 "s" */
    0x0, 0x3b, 0xef, 0xd6, 0x0, 0x3, 0xff, 0xff,
    0xff, 0xb0, 0xa, 0xfe, 0x42, 0x7f, 0xa0, 0xa,
    0xfc, 0x0, 0x0, 0x0, 0x5, 0xff, 0xe9, 0x50,
    0x0, 0x0, 0x7f, 0xff, 0xfd, 0x20, 0x0, 0x0,
    0x5a, 0xff, 0xd0, 0x0, 0x50, 0x0, 0x4f, 0xf2,
    0x1e, 0xfb, 0x33, 0x9f, 0xf1, 0x8, 0xff, 0xff,
    0xff, 0x90, 0x0, 0x4c, 0xff, 0xd7, 0x0,

    /* U+0074 "t" */
    0x0, 0x78, 0x30, 0x0, 0x0, 0xef, 0x60, 0x0,
    0x0, 0xef, 0x60, 0x0, 0x0, 0xef, 0x60, 0x0,
    0xaf, 0xff, 0xff, 0xf4, 0xaf, 0xff, 0xff, 0xf4,
    0x1, 0xef, 0x71, 0x10, 0x0, 0xef, 0x60, 0x0,
    0x0, 0xef, 0x60, 0x0, 0x0, 0xef, 0x60, 0x0,
    0x0, 0xef, 0x60, 0x0, 0x0, 0xef, 0x70, 0x0,
    0x0, 0xcf, 0xd4, 0x60, 0x0, 0x7f, 0xff, 0xf5,
    0x0, 0x7, 0xdf, 0xc3,

    /* U+0075 "u" */
    0xef, 0x60, 0x0, 0xc, 0xf8, 0xef, 0x60, 0x0,
    0xc, 0xf8, 0xef, 0x60, 0x0, 0xc, 0xf8, 0xef,
    0x60, 0x0, 0xc, 0xf8, 0xef, 0x60, 0x0, 0xc,
    0xf8, 0xef, 0x60, 0x0, 0xc, 0xf8, 0xef, 0x70,
    0x0, 0xe, 0xf8, 0xcf, 0xc0, 0x0, 0x3f, 0xf8,
    0x8f, 0xf9, 0x46, 0xef, 0xf8, 0x1f, 0xff, 0xff,
    0xed, 0xf8, 0x2, 0xbf, 0xfb, 0x2b, 0xf8,

    /* U+0076 "v" */
    0xaf, 0xc0, 0x0, 0x0, 0x6f, 0xf0, 0x3f, 0xf2,
    0x0, 0x0, 0xcf, 0xa0, 0xd, 0xf8, 0x0, 0x2,
    0xff, 0x30, 0x7, 0xfe, 0x0, 0x8, 0xfd, 0x0,
    0x1, 0xff, 0x40, 0xe, 0xf7, 0x0, 0x0, 0xaf,
    0xa0, 0x4f, 0xf1, 0x0, 0x0, 0x4f, 0xf1, 0xaf,
    0xa0, 0x0, 0x0, 0xd, 0xf8, 0xff, 0x40, 0x0,
    0x0, 0x7, 0xff, 0xfd, 0x0, 0x0, 0x0, 0x1,
    0xff, 0xf7, 0x0, 0x0, 0x0, 0x0, 0xaf, 0xf1,
    0x0, 0x0,

    /* U+0077 "w" */
    0xaf, 0xb0, 0x0, 0xc, 0xfd, 0x0, 0x0, 0xaf,
    0xb4, 0xff, 0x10, 0x1, 0xff, 0xf3, 0x0, 0xe,
    0xf6, 0xf, 0xf5, 0x0, 0x6f, 0xff, 0x80, 0x4,
    0xff, 0x10, 0xaf, 0xa0, 0xb, 0xfc, 0xfd, 0x0,
    0x9f, 0xc0, 0x5, 0xff, 0x0, 0xff, 0x2f, 0xf2,
    0xe, 0xf7, 0x0, 0xf, 0xf5, 0x5f, 0xd0, 0xbf,
    0x73, 0xff, 0x10, 0x0, 0xaf, 0xaa, 0xf8, 0x6,
    0xfc, 0x8f, 0xc0, 0x0, 0x5, 0xfe, 0xef, 0x30,
    0x1f, 0xfe, 0xf7, 0x0, 0x0, 0xf, 0xff, 0xe0,
    0x0, 0xcf, 0xff, 0x20, 0x0, 0x0, 0xbf, 0xf9,
    0x0, 0x7, 0xff, 0xd0, 0x0, 0x0, 0x6, 0xff,
    0x40, 0x0, 0x2f, 0xf7, 0x0, 0x0,

    /* U+0078 "x" */
    0x3f, 0xf9, 0x0, 0xc, 0xfe, 0x10, 0x7f, 0xf3,
    0x7, 0xff, 0x40, 0x0, 0xcf, 0xd2, 0xff, 0x90,
    0x0, 0x2, 0xff, 0xff, 0xe0, 0x0, 0x0, 0x7,
    0xff, 0xf4, 0x0, 0x0, 0x0, 0x1f, 0xfd, 0x0,
    0x0, 0x0, 0xb, 0xff, 0xf7, 0x0, 0x0, 0x6,
    0xff, 0xbf, 0xf3, 0x0, 0x2, 0xff, 0x90, 0xdf,
    0xd0, 0x0, 0xcf, 0xe1, 0x3, 0xff, 0x80, 0x7f,
    0xf5, 0x0, 0x9, 0xff, 0x30,

    /* U+0079 "y" */
    0xaf, 0xe0, 0x0, 0x0, 0x3f, 0xf5, 0x3f, 0xf4,
    0x0, 0x0, 0x9f, 0xe0, 0xc, 0xfb, 0x0, 0x0,
    0xff, 0x80, 0x4, 0xff, 0x20, 0x6, 0xff, 0x10,
    0x0, 0xdf, 0x80, 0xd, 0xfb, 0x0, 0x0, 0x6f,
    0xe0, 0x3f, 0xf4, 0x0, 0x0, 0xe, 0xf5, 0xaf,
    0xd0, 0x0, 0x0, 0x8, 0xfd, 0xff, 0x60, 0x0,
    0x0, 0x1, 0xff, 0xff, 0x0, 0x0, 0x0, 0x0,
    0xaf, 0xf9, 0x0, 0x0, 0x0, 0x0, 0x5f, 0xf2,
    0x0, 0x0, 0x0, 0x0, 0xaf, 0xc0, 0x0, 0x0,
    0x5, 0x47, 0xff, 0x40, 0x0, 0x0, 0xe, 0xff,
    0xfb, 0x0, 0x0, 0x0, 0x1a, 0xef, 0xa1, 0x0,
    0x0, 0x0,

    /* U+007A "z" */
    0x3f, 0xff, 0xff, 0xff, 0xf5, 0x3f, 0xff, 0xff,
    0xff, 0xf4, 0x0, 0x0, 0x2, 0xef, 0xb0, 0x0,
    0x0, 0xc, 0xfe, 0x10, 0x0, 0x0, 0x8f, 0xf3,
    0x0, 0x0, 0x5, 0xff, 0x70, 0x0, 0x0, 0x2f,
    0xfa, 0x0, 0x0, 0x0, 0xdf, 0xd0, 0x0, 0x0,
    0xa, 0xff, 0x20, 0x0, 0x0, 0x3f, 0xff, 0xff,
    0xff, 0xf5, 0x3f, 0xff, 0xff, 0xff, 0xf5,

    /* U+007B "{" */
    0x0, 0x5, 0xdf, 0x0, 0x2, 0xff, 0xf0, 0x0,
    0x8f, 0xd1, 0x0, 0xb, 0xf7, 0x0, 0x0, 0xcf,
    0x50, 0x0, 0xd, 0xf4, 0x0, 0x0, 0xdf, 0x40,
    0x0, 0xf, 0xf2, 0x0, 0x5b, 0xfc, 0x0, 0xf,
    0xfe, 0x20, 0x0, 0x5b, 0xfd, 0x0, 0x0, 0xf,
    0xf2, 0x0, 0x0, 0xdf, 0x40, 0x0, 0xd, 0xf5,
    0x0, 0x0, 0xcf, 0x50, 0x0, 0xb, 0xf7, 0x0,
    0x0, 0x8f, 0xd1, 0x0, 0x2, 0xff, 0xf0, 0x0,
    0x5, 0xdf, 0x0,

    /* U+007C "|" */
    0x2b, 0x74, 0xfa, 0x4f, 0xa4, 0xfa, 0x4f, 0xa4,
    0xfa, 0x4f, 0xa4, 0xfa, 0x4f, 0xa4, 0xfa, 0x4f,
    0xa4, 0xfa, 0x4f, 0xa4, 0xfa, 0x4f, 0xa4, 0xfa,
    0x4f, 0xa4, 0xfa, 0x4f, 0xa4, 0xfa, 0x4f, 0xa4,
    0xfa,

    /* U+007D "}" */
    0xcd, 0x70, 0x0, 0xd, 0xff, 0x50, 0x0, 0xa,
    0xfb, 0x0, 0x0, 0x4f, 0xe0, 0x0, 0x2, 0xff,
    0x0, 0x0, 0x2f, 0xf0, 0x0, 0x1, 0xff, 0x0,
    0x0, 0xf, 0xf2, 0x0, 0x0, 0x9f, 0xd7, 0x0,
    0x0, 0xcf, 0xf0, 0x0, 0xaf, 0xd6, 0x0, 0xf,
    0xf2, 0x0, 0x1, 0xff, 0x0, 0x0, 0x2f, 0xf0,
    0x0, 0x2, 0xff, 0x0, 0x0, 0x4f, 0xe0, 0x0,
    0xa, 0xfb, 0x0, 0xd, 0xff, 0x50, 0x0, 0xcd,
    0x70, 0x0, 0x0,

    /* U+007E "~" */
    0x4, 0xdf, 0xd5, 0x0, 0x0, 0x0, 0x2f, 0xff,
    0xff, 0x50, 0xb, 0xb0, 0x9f, 0xb6, 0xef, 0xf6,
    0x9f, 0xc0, 0x9b, 0x20, 0x2e, 0xff, 0xff, 0x50,
    0x0, 0x0, 0x2, 0xbf, 0xe6, 0x0,

    /* U+00A0 " " */

    /* U+00A1 "¡" */
    0xb, 0xe4, 0x3f, 0xfa, 0xc, 0xf4, 0x0, 0x0,
    0x5, 0x52, 0xe, 0xf6, 0xf, 0xf6, 0xf, 0xf6,
    0xf, 0xf6, 0xf, 0xf7, 0xf, 0xf7, 0xf, 0xf7,
    0xf, 0xf7, 0xf, 0xf7, 0xf, 0xf8,

    /* U+00A2 "¢" */
    0x0, 0x0, 0xa, 0xc0, 0x0, 0x0, 0x0, 0x0,
    0xcf, 0x0, 0x0, 0x0, 0x8, 0xff, 0xff, 0xa1,
    0x0, 0xc, 0xff, 0xff, 0xff, 0xe2, 0x8, 0xff,
    0x8b, 0xd6, 0xff, 0x90, 0xff, 0x90, 0xac, 0x4,
    0x30, 0x2f, 0xf3, 0xa, 0xc0, 0x0, 0x4, 0xff,
    0x20, 0xac, 0x0, 0x0, 0x2f, 0xf4, 0xa, 0xc0,
    0x0, 0x0, 0xef, 0xb0, 0xac, 0x8, 0xa3, 0x6,
    0xff, 0xcf, 0xf9, 0xff, 0x80, 0x9, 0xff, 0xff,
    0xff, 0xc0, 0x0, 0x5, 0xbf, 0xfd, 0x70, 0x0,
    0x0, 0x0, 0xac, 0x0, 0x0, 0x0, 0x0, 0xa,
    0xc0, 0x0, 0x0,

    /* U+00A3 "£" */
    0x0, 0x0, 0x5c, 0xff, 0xc5, 0x0, 0x0, 0x8,
    0xff, 0xff, 0xff, 0x80, 0x0, 0x2f, 0xfc, 0x33,
    0xbf, 0xf1, 0x0, 0x6f, 0xf1, 0x0, 0xf, 0xf6,
    0x0, 0x7f, 0xe0, 0x0, 0x3, 0x42, 0x0, 0x8f,
    0xe0, 0x0, 0x0, 0x0, 0x0, 0x8f, 0xe0, 0x0,
    0x0, 0x0, 0xf, 0xff, 0xff, 0xff, 0xf2, 0x0,
    0xf, 0xff, 0xff, 0xff, 0xf2, 0x0, 0x0, 0x8f,
    0xe0, 0x0, 0x0, 0x0, 0x0, 0x8f, 0xe0, 0x0,
    0x0, 0x0, 0x0, 0x8f, 0xd0, 0x0, 0x0, 0x0,
    0x5, 0xef, 0xb4, 0x44, 0x44, 0x42, 0xf, 0xff,
    0xff, 0xff, 0xff, 0xf7, 0xf, 0xff, 0xff, 0xff,
    0xff, 0xf7,

    /* U+00A4 "¤" */
    0x6, 0x30, 0x0, 0x1, 0x80, 0x4f, 0xfd, 0xef,
    0xdf, 0xf7, 0xa, 0xff, 0xff, 0xff, 0xf0, 0x8,
    0xff, 0x31, 0xbf, 0xd0, 0xc, 0xf6, 0x0, 0x2f,
    0xf1, 0xc, 0xf6, 0x0, 0x2f, 0xf0, 0x8, 0xff,
    0x31, 0xaf, 0xe0, 0xb, 0xff, 0xff, 0xff, 0xf1,
    0x3f, 0xfc, 0xef, 0xcf, 0xf6, 0x5, 0x20, 0x0,
    0x1, 0x70,

    /* U+00A5 "¥" */
    0x8f, 0xf3, 0x0, 0x0, 0x2f, 0xf9, 0xe, 0xfb,
    0x0, 0x0, 0xaf, 0xf1, 0x6, 0xff, 0x40, 0x3,
    0xff, 0x70, 0x0, 0xdf, 0xc0, 0xb, 0xfe, 0x0,
    0x0, 0x4f, 0xf5, 0x4f, 0xf5, 0x0, 0x0, 0xb,
    0xfd, 0xdf, 0xc0, 0x0, 0x0, 0x24, 0xff, 0xff,
    0x52, 0x0, 0x2, 0xff, 0xff, 0xff, 0xff, 0x30,
    0x0, 0x55, 0x9f, 0xfa, 0x55, 0x10, 0x0, 0x22,
    0x5f, 0xf6, 0x22, 0x0, 0x2, 0xff, 0xff, 0xff,
    0xff, 0x30, 0x0, 0x55, 0x8f, 0xf9, 0x55, 0x10,
    0x0, 0x0, 0x2f, 0xf4, 0x0, 0x0, 0x0, 0x0,
    0x2f, 0xf4, 0x0, 0x0, 0x0, 0x0, 0x2f, 0xf4,
    0x0, 0x0,

    /* U+00A6 "¦" */
    0x67, 0xe, 0xf0, 0xef, 0xe, 0xf0, 0xef, 0xe,
    0xf0, 0xef, 0xe, 0xf0, 0xef, 0xe, 0xf0, 0x0,
    0x0, 0x0, 0x67, 0xe, 0xf0, 0xef, 0xe, 0xf0,
    0xef, 0xe, 0xf0, 0xef, 0xe, 0xf0, 0xef, 0xe,
    0xf0,

    /* U+00A7 "§" */
    0x0, 0x7d, 0xff, 0xb3, 0x0, 0xaf, 0xfc, 0xdf,
    0xf3, 0x1f, 0xf1, 0x0, 0x7f, 0x82, 0xfd, 0x0,
    0x0, 0x0, 0xf, 0xf8, 0x10, 0x0, 0x0, 0x5f,
    0xff, 0xfd, 0x10, 0x6, 0xff, 0xff, 0xff, 0x20,
    0xff, 0x50, 0x5f, 0xff, 0x2f, 0xf0, 0x0, 0x4f,
    0xd0, 0xff, 0x70, 0x8, 0xfb, 0xe, 0xff, 0xff,
    0xff, 0x40, 0x9, 0xff, 0xff, 0xf0, 0x0, 0x0,
    0x4, 0xdf, 0x80, 0x0, 0x0, 0x3, 0xfd, 0x4e,
    0xc0, 0x0, 0x7f, 0xc1, 0xdf, 0xec, 0xdf, 0xf4,
    0x0, 0x8d, 0xfe, 0xb4, 0x0,

    /* U+00A8 "¨" */
    0x4, 0x80, 0x0, 0x18, 0x20, 0xff, 0x60, 0xa,
    0xfc, 0xa, 0xe3, 0x0, 0x5f, 0x70,

    /* U+00A9 "©" */
    0x0, 0x0, 0x1, 0x69, 0xa9, 0x51, 0x0, 0x0,
    0x0, 0x0, 0x9f, 0xff, 0xff, 0xff, 0x70, 0x0,
    0x0, 0x1c, 0xfc, 0x51, 0x2, 0x6d, 0xfb, 0x0,
    0x0, 0xbf, 0x80, 0x0, 0x0, 0x0, 0xaf, 0x90,
    0x5, 0xfb, 0x0, 0x7d, 0xfc, 0x40, 0xd, 0xf2,
    0xb, 0xf2, 0x9, 0xfe, 0xcf, 0xf4, 0x5, 0xf8,
    0xf, 0xd0, 0x2f, 0xd1, 0x3, 0xfb, 0x0, 0xfd,
    0x2f, 0xa0, 0x6f, 0x60, 0x0, 0x10, 0x0, 0xdf,
    0x2f, 0xa0, 0x7f, 0x40, 0x0, 0x0, 0x0, 0xcf,
    0x1f, 0xc0, 0x5f, 0x70, 0x0, 0x63, 0x0, 0xee,
    0xd, 0xf1, 0x1f, 0xe4, 0x7, 0xfb, 0x3, 0xfa,
    0x7, 0xf7, 0x6, 0xff, 0xff, 0xe2, 0xa, 0xf4,
    0x0, 0xef, 0x40, 0x39, 0xa8, 0x10, 0x6f, 0xc0,
    0x0, 0x3f, 0xf7, 0x10, 0x0, 0x19, 0xfe, 0x10,
    0x0, 0x3, 0xdf, 0xfd, 0xbd, 0xff, 0xc1, 0x0,
    0x0, 0x0, 0x6, 0xbe, 0xfe, 0xb5, 0x0, 0x0,

    /* U+00AA "ª" */
    0x0, 0x1, 0x0, 0x0, 0x9f, 0xfe, 0x50, 0x29,
    0x86, 0xef, 0x10, 0x9e, 0xff, 0xf3, 0x6f, 0x92,
    0xff, 0x46, 0xf9, 0x4f, 0xf4, 0xa, 0xfd, 0xaf,
    0x40,

    /* U+00AB "«" */
    0x0, 0x3f, 0xf8, 0xa, 0xff, 0x20, 0xd, 0xfc,
    0x5, 0xff, 0x60, 0xa, 0xff, 0x22, 0xff, 0xa0,
    0x6, 0xff, 0x60, 0xcf, 0xe1, 0x0, 0xcf, 0xf0,
    0x3f, 0xf9, 0x0, 0x2, 0xff, 0x90, 0x9f, 0xf3,
    0x0, 0x6, 0xff, 0x50, 0xdf, 0xd0, 0x0, 0xb,
    0xfe, 0x12, 0xff, 0x90, 0x0, 0x1a, 0xb7, 0x5,
    0xba, 0x20,

    /* U+00AC "¬" */
    0x0, 0x0, 0x0, 0x1, 0x4, 0xff, 0xff, 0xff,
    0xfc, 0x4f, 0xff, 0xff, 0xff, 0xc0, 0x0, 0x0,
    0x9, 0xf6, 0x0, 0x0, 0x0, 0x9f, 0x60, 0x0,
    0x0, 0x4, 0x83,

    /* U+00AE "®" */
    0x0, 0x0, 0x0, 0x0, 0x0, 0x0, 0x0, 0x0,
    0x3a, 0xff, 0xfa, 0x30, 0x0, 0x0, 0x7f, 0xa5,
    0x45, 0xbf, 0x60, 0x0, 0x5f, 0x5b, 0xff, 0xc2,
    0x5f, 0x40, 0xd, 0x90, 0xba, 0x3b, 0xb0, 0x9d,
    0x2, 0xf3, 0xb, 0x90, 0xac, 0x3, 0xf2, 0x4f,
    0x10, 0xbf, 0xff, 0x30, 0x1f, 0x33, 0xf2, 0xb,
    0xa7, 0xe1, 0x3, 0xf2, 0xe, 0x70, 0xb9, 0xc,
    0x90, 0x8e, 0x0, 0x7f, 0x24, 0x30, 0x25, 0x3f,
    0x60, 0x0, 0xaf, 0x73, 0x13, 0x8f, 0x90, 0x0,
    0x0, 0x6e, 0xff, 0xfe, 0x60, 0x0, 0x0, 0x0,
    0x2, 0x32, 0x0, 0x0, 0x0,

    /* U+00AF "¯" */
    0x1, 0x11, 0x11, 0x10, 0x3f, 0xff, 0xff, 0xf7,
    0x3f, 0xff, 0xff, 0xf7,

    /* U+00B0 "°" */
    0x0, 0x9f, 0xe8, 0x0, 0xbf, 0xcd, 0xf8, 0x1f,
    0xc0, 0xe, 0xe1, 0xfd, 0x0, 0xee, 0xa, 0xfd,
    0xdf, 0x80, 0x9, 0xfe, 0x80,

    /* U+00B1 "±" */
    0x0, 0x0, 0x6f, 0x90, 0x0, 0x0, 0x0, 0x6,
    0xf9, 0x0, 0x0, 0x0, 0x0, 0x6f, 0x90, 0x0,
    0x3, 0xee, 0xef, 0xff, 0xee, 0xe6, 0x3f, 0xff,
    0xff, 0xff, 0xff, 0x60, 0x0, 0x6, 0xf9, 0x0,
    0x0, 0x0, 0x0, 0x6f, 0x90, 0x0, 0x0, 0x0,
    0x6, 0xf9, 0x0, 0x0, 0x0, 0x0, 0x4d, 0x70,
    0x0, 0x0, 0x0, 0x0, 0x0, 0x0, 0x0, 0x2b,
    0xbb, 0xbb, 0xbb, 0xbb, 0x43, 0xff, 0xff, 0xff,
    0xff, 0xf6,

    /* U+00B2 "²" */
    0x3, 0xcf, 0xd7, 0x3, 0xff, 0xbe, 0xf6, 0x49,
    0x60, 0x3f, 0xb0, 0x0, 0x7, 0xfa, 0x0, 0x8,
    0xfe, 0x20, 0x1c, 0xfd, 0x20, 0xc, 0xfa, 0x0,
    0x3, 0xff, 0xaa, 0xa9, 0x4f, 0xff, 0xff, 0xe0,

    /* U+00B3 "³" */
    0x2, 0xbf, 0xe8, 0x1, 0xef, 0xbe, 0xf6, 0x4,
    0x40, 0x4f, 0xa0, 0x1, 0x3a, 0xf5, 0x0, 0xbf,
    0xfa, 0x0, 0x1, 0x4a, 0xf7, 0x2, 0x30, 0x1f,
    0xc1, 0xff, 0xad, 0xf9, 0x4, 0xcf, 0xe9, 0x0,

    /* U+00B4 "´" */
    0x1, 0xdf, 0xb0, 0xb, 0xfc, 0x0, 0x9f, 0xd1,
    0x0,

    /* U+00B5 "µ" */
    0xef, 0x60, 0x0, 0xc, 0xf8, 0xef, 0x60, 0x0,
    0xc, 0xf8, 0xef, 0x60, 0x0, 0xc, 0xf8, 0xef,
    0x60, 0x0, 0xc, 0xf8, 0xef, 0x60, 0x0, 0xc,
    0xf8, 0xef, 0x70, 0x0, 0xe, 0xf8, 0xef, 0xe0,
    0x0, 0xf, 0xf8, 0xef, 0xf0, 0x0, 0x2f, 0xf8,
    0xef, 0xf9, 0x46, 0xef, 0xf8, 0xef, 0xff, 0xff,
    0xff, 0xf8, 0xef, 0x6c, 0xfd, 0x6b, 0xf8, 0xef,
    0x30, 0x0, 0x0, 0x0, 0xef, 0x30, 0x0, 0x0,
    0x0, 0xef, 0x30, 0x0, 0x0, 0x0, 0xef, 0x30,
    0x0, 0x0, 0x0,

    /* U+00B6 "¶" */
    0x0, 0x3b, 0xef, 0xff, 0xff, 0x30, 0x5f, 0xff,
    0xff, 0xff, 0xf3, 0x1f, 0xff, 0xff, 0xf9, 0xcf,
    0x36, 0xff, 0xff, 0xff, 0x69, 0xf3, 0x8f, 0xff,
    0xff, 0xf6, 0x9f, 0x38, 0xff, 0xff, 0xff, 0x69,
    0xf3, 0x5f, 0xff, 0xff, 0xf6, 0x9f, 0x30, 0xef,
    0xff, 0xff, 0x69, 0xf3, 0x3, 0xef, 0xff, 0xf6,
    0x9f, 0x30, 0x1, 0x8c, 0xff, 0x69, 0xf3, 0x0,
    0x0, 0x7, 0xf6, 0x9f, 0x30, 0x0, 0x0, 0x7f,
    0x69, 0xf3, 0x0, 0x0, 0x7, 0xf6, 0x9f, 0x30,
    0x0, 0x0, 0x7f, 0x69, 0xf3, 0x0, 0x0, 0x7,
    0xf6, 0x9f, 0x30, 0x0, 0x0, 0x7f, 0x69, 0xf3,
    0x0, 0x0, 0x5, 0xd5, 0x8d, 0x30,

    /* U+00B7 "·" */
    0x0, 0x0, 0x5f, 0xb0, 0xbf, 0xf2, 0x5f, 0xb0,

    /* U+00B8 "¸" */
    0x0, 0x41, 0x0, 0x6f, 0x60, 0x2, 0xaf, 0x53,
    0x37, 0xf7, 0x9f, 0xfe, 0x20, 0x34, 0x0,

    /* U+00B9 "¹" */
    0x0, 0xff, 0x63, 0xef, 0xf6, 0x3d, 0xdf, 0x60,
    0x6, 0xf6, 0x0, 0x6f, 0x60, 0x6, 0xf6, 0x0,
    0x6f, 0x60, 0x6, 0xf6, 0x0, 0x6f, 0x60,

    /* U+00BA "º" */
    0x0, 0x69, 0x83, 0x0, 0xb, 0xff, 0xff, 0x50,
    0x4f, 0xc1, 0x3f, 0xe0, 0x7f, 0x60, 0xb, 0xf1,
    0x6f, 0x90, 0xe, 0xf0, 0x1e, 0xfb, 0xdf, 0x90,
    0x2, 0xbf, 0xe8, 0x0,

    /* U+00BB "»" */
    0x8f, 0xf3, 0xd, 0xfc, 0x0, 0x0, 0xcf, 0xd0,
    0x3f, 0xf8, 0x0, 0x2, 0xff, 0xa0, 0x8f, 0xf4,
    0x0, 0x6, 0xff, 0x60, 0xcf, 0xe1, 0x0, 0xf,
    0xfd, 0x6, 0xff, 0x60, 0x9, 0xff, 0x31, 0xef,
    0xb0, 0x5, 0xff, 0x70, 0xbf, 0xe1, 0x1, 0xef,
    0xb0, 0x7f, 0xf4, 0x0, 0x6b, 0xa1, 0xa, 0xb7,
    0x0, 0x0,

    /* U+00BC "¼" */
    0x0, 0x0, 0x0, 0x0, 0x0, 0x0, 0x0, 0x0,
    0x0, 0x1, 0xff, 0x60, 0x0, 0x0, 0x1, 0xfd,
    0x0, 0x0, 0x3f, 0xff, 0x60, 0x0, 0x0, 0xb,
    0xf3, 0x0, 0x0, 0x3d, 0xcf, 0x60, 0x0, 0x0,
    0x7f, 0x70, 0x0, 0x0, 0x0, 0x6f, 0x60, 0x0,
    0x2, 0xfc, 0x0, 0x0, 0x0, 0x0, 0x6f, 0x60,
    0x0, 0xd, 0xf2, 0x0, 0x0, 0x0, 0x0, 0x6f,
    0x60, 0x0, 0x8f, 0x60, 0x0, 0x0, 0x0, 0x0,
    0x6f, 0x60, 0x3, 0xfb, 0x0, 0xf, 0xf9, 0x0,
    0x0, 0x6f, 0x60, 0xd, 0xe1, 0x0, 0x7f, 0xf9,
    0x0, 0x0, 0x6f, 0x60, 0xaf, 0x40, 0x3, 0xfd,
    0xf9, 0x0, 0x0, 0x0, 0x5, 0xf9, 0x0, 0xd,
    0xe4, 0xf9, 0x0, 0x0, 0x0, 0x1e, 0xd0, 0x0,
    0x9f, 0x43, 0xf9, 0x0, 0x0, 0x0, 0xbf, 0x30,
    0x3, 0xff, 0xad, 0xff, 0xa0, 0x0, 0x6, 0xf8,
    0x0, 0x4, 0xff, 0xff, 0xff, 0xf1, 0x0, 0x2f,
    0xc0, 0x0, 0x0, 0x0, 0x3, 0xf9, 0x0, 0x0,
    0x48, 0x20, 0x0, 0x0, 0x0, 0x1, 0x84, 0x0,

    /* U+00BD "½" */
    0x0, 0x0, 0x0, 0x0, 0x0, 0x0, 0x0, 0x0,
    0x0, 0x0, 0xff, 0x60, 0x0, 0x0, 0x1, 0xed,
    0x0, 0x0, 0x3e, 0xff, 0x60, 0x0, 0x0, 0xb,
    0xf3, 0x0, 0x0, 0x3e, 0xdf, 0x60, 0x0, 0x0,
    0x6f, 0x80, 0x0, 0x0, 0x0, 0x6f, 0x60, 0x0,
    0x1, 0xfd, 0x0, 0x0, 0x0, 0x0, 0x6f, 0x60,
    0x0, 0xb, 0xf3, 0x0, 0x0, 0x0, 0x0, 0x6f,
    0x60, 0x0, 0x6f, 0x80, 0x0, 0x0, 0x0, 0x0,
    0x6f, 0x60, 0x2, 0xfd, 0x0, 0x9e, 0xfb, 0x30,
    0x0, 0x6f, 0x60, 0xb, 0xf3, 0xb, 0xfe, 0xcf,
    0xe0, 0x0, 0x6f, 0x60, 0x6f, 0x80, 0x7, 0x90,
    0xa, 0xf4, 0x0, 0x0, 0x2, 0xfc, 0x0, 0x0,
    0x0, 0x1d, 0xf2, 0x0, 0x0, 0xc, 0xf2, 0x0,
    0x0, 0x3, 0xdf, 0x90, 0x0, 0x0, 0x7f, 0x70,
    0x0, 0x0, 0x5f, 0xf8, 0x0, 0x0, 0x2, 0xfc,
    0x0, 0x0, 0x4, 0xfe, 0x40, 0x0, 0x0, 0xc,
    0xf2, 0x0, 0x0, 0xd, 0xff, 0xaa, 0xa4, 0x0,
    0x7f, 0x70, 0x0, 0x0, 0xc, 0xff, 0xff, 0xf7,

    /* U+00BE "¾" */
    0x0, 0x59, 0x82, 0x0, 0x0, 0x0, 0x3, 0xa5,
    0x0, 0x0, 0xbf, 0xff, 0xf4, 0x0, 0x0, 0x0,
    0xde, 0x10, 0x0, 0x18, 0x91, 0x6f, 0xa0, 0x0,
    0x0, 0x9f, 0x50, 0x0, 0x0, 0x1, 0x49, 0xf6,
    0x0, 0x0, 0x4f, 0xa0, 0x0, 0x0, 0x0, 0xbf,
    0xfa, 0x0, 0x0, 0xd, 0xe1, 0x0, 0x0, 0x0,
    0x1, 0x5b, 0xf5, 0x0, 0x9, 0xf5, 0x0, 0x0,
    0x0, 0x0, 0x0, 0x1f, 0xc0, 0x4, 0xfa, 0x0,
    0x1d, 0xb1, 0x1, 0xbb, 0x6, 0xfb, 0x0, 0xde,
    0x10, 0x9, 0xff, 0x20, 0xc, 0xff, 0xff, 0x40,
    0x9f, 0x50, 0x3, 0xff, 0xf2, 0x0, 0x6, 0x98,
    0x20, 0x4f, 0xa0, 0x0, 0xde, 0xaf, 0x20, 0x0,
    0x0, 0x0, 0xd, 0xe1, 0x0, 0x7f, 0x5a, 0xf2,
    0x0, 0x0, 0x0, 0x9, 0xf5, 0x0, 0x2f, 0xa0,
    0xaf, 0x20, 0x0, 0x0, 0x4, 0xfa, 0x0, 0xd,
    0xfb, 0xaf, 0xfc, 0x60, 0x0, 0x0, 0xee, 0x10,
    0x0, 0xbf, 0xff, 0xff, 0xfa, 0x0, 0x0, 0x9f,
    0x50, 0x0, 0x0, 0x0, 0xa, 0xf2, 0x0, 0x0,
    0x7, 0x60, 0x0, 0x0, 0x0, 0x0, 0x58, 0x10,

    /* U+00BF "¿" */
    0x0, 0x0, 0x8f, 0x70, 0x0, 0x0, 0x0, 0xff,
    0xe0, 0x0, 0x0, 0x0, 0x9f, 0x70, 0x0, 0x0,
    0x0, 0x0, 0x0, 0x0, 0x0, 0x0, 0xbf, 0x90,
    0x0, 0x0, 0x0, 0xbf, 0x90, 0x0, 0x0, 0x4a,
    0xff, 0xa0, 0x0, 0x9, 0xff, 0xfd, 0x80, 0x0,
    0x5f, 0xf7, 0x0, 0x0, 0x0, 0xaf, 0xb0, 0x0,
    0x0, 0x0, 0xbf, 0x90, 0x0, 0x0, 0x0, 0x9f,
    0xd0, 0x0, 0x6, 0x40, 0x4f, 0xfb, 0x43, 0x9f,
    0xf5, 0x8, 0xff, 0xff, 0xff, 0xa0, 0x0, 0x5b,
    0xef, 0xc6, 0x0,

    /* U+00C0 "À" */
    0x0, 0x0, 0x3f, 0xf8, 0x0, 0x0, 0x0, 0x0,
    0x0, 0x0, 0x4f, 0xf5, 0x0, 0x0, 0x0, 0x0,
    0x0, 0x0, 0x5f, 0xf3, 0x0, 0x0, 0x0, 0x0,
    0x0, 0x0, 0x0, 0x0, 0x0, 0x0, 0x0, 0x0,
    0x2, 0xff, 0xd0, 0x0, 0x0, 0x0, 0x0, 0x0,
    0x8f, 0xff, 0x30, 0x0, 0x0, 0x0, 0x0, 0xe,
    0xff, 0xf9, 0x0, 0x0, 0x0, 0x0, 0x5, 0xff,
    0xaf, 0xf0, 0x0, 0x0, 0x0, 0x0, 0xbf, 0xc1,
    0xff, 0x60, 0x0, 0x0, 0x0, 0x1f, 0xf6, 0xb,
    0xfc, 0x0, 0x0, 0x0, 0x7, 0xff, 0x0, 0x5f,
    0xf2, 0x0, 0x0, 0x0, 0xef, 0x90, 0x0, 0xef,
    0x90, 0x0, 0x0, 0x4f, 0xf3, 0x0, 0x8, 0xfe,
    0x0, 0x0, 0xa, 0xff, 0xff, 0xff, 0xff, 0xf5,
    0x0, 0x1, 0xff, 0xff, 0xff, 0xff, 0xff, 0xb0,
    0x0, 0x7f, 0xf4, 0x33, 0x33, 0x37, 0xff, 0x20,
    0xd, 0xfb, 0x0, 0x0, 0x0, 0xf, 0xf8, 0x3,
    0xff, 0x50, 0x0, 0x0, 0x0, 0xaf, 0xe0, 0x9f,
    0xe0, 0x0, 0x0, 0x0, 0x4, 0xff, 0x50,

    /* U+00C1 "Á" */
    0x0, 0x0, 0x0, 0x4, 0xff, 0x60, 0x0, 0x0,
    0x0, 0x0, 0x2, 0xef, 0x70, 0x0, 0x0, 0x0,
    0x0, 0x0, 0xdf, 0x90, 0x0, 0x0, 0x0, 0x0,
    0x0, 0x0, 0x0, 0x0, 0x0, 0x0, 0x0, 0x0,
    0x2, 0xff, 0xd0, 0x0, 0x0, 0x0, 0x0, 0x0,
    0x8f, 0xff, 0x30, 0x0, 0x0, 0x0, 0x0, 0xe,
    0xff, 0xf9, 0x0, 0x0, 0x0, 0x0, 0x5, 0xff,
    0xaf, 0xf0, 0x0, 0x0, 0x0, 0x0, 0xbf, 0xc1,
    0xff, 0x60, 0x0, 0x0, 0x0, 0x1f, 0xf6, 0xb,
    0xfc, 0x0, 0x0, 0x0, 0x7, 0xff, 0x0, 0x5f,
    0xf2, 0x0, 0x0, 0x0, 0xef, 0x90, 0x0, 0xef,
    0x90, 0x0, 0x0, 0x4f, 0xf3, 0x0, 0x8, 0xfe,
    0x0, 0x0, 0xa, 0xff, 0xff, 0xff, 0xff, 0xf5,
    0x0, 0x1, 0xff, 0xff, 0xff, 0xff, 0xff, 0xb0,
    0x0, 0x7f, 0xf4, 0x33, 0x33, 0x37, 0xff, 0x20,
    0xd, 0xfb, 0x0, 0x0, 0x0, 0xf, 0xf8, 0x3,
    0xff, 0x50, 0x0, 0x0, 0x0, 0xaf, 0xe0, 0x9f,
    0xe0, 0x0, 0x0, 0x0, 0x4, 0xff, 0x50,

    /* U+00C2 "Â" */
    0x0, 0x0, 0x8, 0xff, 0xf2, 0x0, 0x0, 0x0,
    0x0, 0x8, 0xfc, 0x6f, 0xe3, 0x0, 0x0, 0x0,
    0x2, 0x87, 0x0, 0x38, 0x60, 0x0, 0x0, 0x0,
    0x0, 0x0, 0x0, 0x0, 0x0, 0x0, 0x0, 0x0,
    0x2, 0xff, 0xd0, 0x0, 0x0, 0x0, 0x0, 0x0,
    0x8f, 0xff, 0x30, 0x0, 0x0, 0x0, 0x0, 0xe,
    0xff, 0xf9, 0x0, 0x0, 0x0, 0x0, 0x5, 0xff,
    0xaf, 0xf0, 0x0, 0x0, 0x0, 0x0, 0xbf, 0xc1,
    0xff, 0x60, 0x0, 0x0, 0x0, 0x1f, 0xf6, 0xb,
    0xfc, 0x0, 0x0, 0x0, 0x7, 0xff, 0x0, 0x5f,
    0xf2, 0x0, 0x0, 0x0, 0xef, 0x90, 0x0, 0xef,
    0x90, 0x0, 0x0, 0x4f, 0xf3, 0x0, 0x8, 0xfe,
    0x0, 0x0, 0xa, 0xff, 0xff, 0xff, 0xff, 0xf5,
    0x0, 0x1, 0xff, 0xff, 0xff, 0xff, 0xff, 0xb0,
    0x0, 0x7f, 0xf4, 0x33, 0x33, 0x37, 0xff, 0x20,
    0xd, 0xfb, 0x0, 0x0, 0x0, 0xf, 0xf8, 0x3,
    0xff, 0x50, 0x0, 0x0, 0x0, 0xaf, 0xe0, 0x9f,
    0xe0, 0x0, 0x0, 0x0, 0x4, 0xff, 0x50,

    /* U+00C3 "Ã" */
    0x0, 0x0, 0x3d, 0xfb, 0x12, 0x82, 0x0, 0x0,
    0x0, 0xc, 0xfc, 0xfe, 0xdf, 0x20, 0x0, 0x0,
    0x0, 0x54, 0x6, 0xee, 0x60, 0x0, 0x0, 0x0,
    0x0, 0x0, 0x0, 0x0, 0x0, 0x0, 0x0, 0x0,
    0x2, 0xff, 0xd0, 0x0, 0x0, 0x0, 0x0, 0x0,
    0x8f, 0xff, 0x30, 0x0, 0x0, 0x0, 0x0, 0xe,
    0xff, 0xf9, 0x0, 0x0, 0x0, 0x0, 0x5, 0xff,
    0xaf, 0xf0, 0x0, 0x0, 0x0, 0x0, 0xbf, 0xc1,
    0xff, 0x60, 0x0, 0x0, 0x0, 0x1f, 0xf6, 0xb,
    0xfc, 0x0, 0x0, 0x0, 0x7, 0xff, 0x0, 0x5f,
    0xf2, 0x0, 0x0, 0x0, 0xef, 0x90, 0x0, 0xef,
    0x90, 0x0, 0x0, 0x4f, 0xf3, 0x0, 0x8, 0xfe,
    0x0, 0x0, 0xa, 0xff, 0xff, 0xff, 0xff, 0xf5,
    0x0, 0x1, 0xff, 0xff, 0xff, 0xff, 0xff, 0xb0,
    0x0, 0x7f, 0xf4, 0x33, 0x33, 0x37, 0xff, 0x20,
    0xd, 0xfb, 0x0, 0x0, 0x0, 0xf, 0xf8, 0x3,
    0xff, 0x50, 0x0, 0x0, 0x0, 0xaf, 0xe0, 0x9f,
    0xe0, 0x0, 0x0, 0x0, 0x4, 0xff, 0x50,

    /* U+00C4 "Ä" */
    0x0, 0x1, 0x84, 0x0, 0x6, 0x70, 0x0, 0x0,
    0x0, 0x8f, 0xe0, 0x2, 0xff, 0x30, 0x0, 0x0,
    0x4, 0xe9, 0x0, 0xd, 0xd1, 0x0, 0x0, 0x0,
    0x0, 0x0, 0x0, 0x0, 0x0, 0x0, 0x0, 0x0,
    0x0, 0x0, 0x0, 0x0, 0x0, 0x0, 0x0, 0x0,
    0x2f, 0xfd, 0x0, 0x0, 0x0, 0x0, 0x0, 0x8,
    0xff, 0xf3, 0x0, 0x0, 0x0, 0x0, 0x0, 0xef,
    0xff, 0x90, 0x0, 0x0, 0x0, 0x0, 0x5f, 0xfa,
    0xff, 0x0, 0x0, 0x0, 0x0, 0xb, 0xfc, 0x1f,
    0xf6, 0x0, 0x0, 0x0, 0x1, 0xff, 0x60, 0xbf,
    0xc0, 0x0, 0x0, 0x0, 0x7f, 0xf0, 0x5, 0xff,
    0x20, 0x0, 0x0, 0xe, 0xf9, 0x0, 0xe, 0xf9,
    0x0, 0x0, 0x4, 0xff, 0x30, 0x0, 0x8f, 0xe0,
    0x0, 0x0, 0xaf, 0xff, 0xff, 0xff, 0xff, 0x50,
    0x0, 0x1f, 0xff, 0xff, 0xff, 0xff, 0xfb, 0x0,
    0x7, 0xff, 0x43, 0x33, 0x33, 0x7f, 0xf2, 0x0,
    0xdf, 0xb0, 0x0, 0x0, 0x0, 0xff, 0x80, 0x3f,
    0xf5, 0x0, 0x0, 0x0, 0xa, 0xfe, 0x9, 0xfe,
    0x0, 0x0, 0x0, 0x0, 0x4f, 0xf5,

    /* U+00C5 "Å" */
    0x0, 0x0, 0x0, 0x1, 0x0, 0x0, 0x0, 0x0,
    0x0, 0x0, 0x3e, 0xfc, 0x0, 0x0, 0x0, 0x0,
    0x0, 0xd, 0xd7, 0xf8, 0x0, 0x0, 0x0, 0x0,
    0x0, 0xdc, 0x3f, 0x90, 0x0, 0x0, 0x0, 0x0,
    0x5, 0xff, 0xe2, 0x0, 0x0, 0x0, 0x0, 0x0,
    0x2, 0x41, 0x0, 0x0, 0x0, 0x0, 0x0, 0x2,
    0xff, 0xd0, 0x0, 0x0, 0x0, 0x0, 0x0, 0x8f,
    0xff, 0x30, 0x0, 0x0, 0x0, 0x0, 0xe, 0xff,
    0xf9, 0x0, 0x0, 0x0, 0x0, 0x5, 0xff, 0xaf,
    0xf0, 0x0, 0x0, 0x0, 0x0, 0xbf, 0xc1, 0xff,
    0x60, 0x0, 0x0, 0x0, 0x1f, 0xf6, 0xb, 0xfc,
    0x0, 0x0, 0x0, 0x7, 0xff, 0x0, 0x5f, 0xf2,
    0x0, 0x0, 0x0, 0xef, 0x90, 0x0, 0xef, 0x90,
    0x0, 0x0, 0x4f, 0xf3, 0x0, 0x8, 0xfe, 0x0,
    0x0, 0xa, 0xff, 0xff, 0xff, 0xff, 0xf5, 0x0,
    0x1, 0xff, 0xff, 0xff, 0xff, 0xff, 0xb0, 0x0,
    0x7f, 0xf4, 0x33, 0x33, 0x37, 0xff, 0x20, 0xd,
    0xfb, 0x0, 0x0, 0x0, 0xf, 0xf8, 0x3, 0xff,
    0x50, 0x0, 0x0, 0x0, 0xaf, 0xe0, 0x9f, 0xe0,
    0x0, 0x0, 0x0, 0x4, 0xff, 0x50,

    /* U+00C6 "Æ" */
    0x0, 0x0, 0x0, 0x0, 0x8f, 0xff, 0xff, 0xff,
    0xff, 0xfa, 0x0, 0x0, 0x0, 0x2, 0xff, 0xff,
    0xff, 0xff, 0xff, 0xfa, 0x0, 0x0, 0x0, 0xa,
    0xfe, 0x9f, 0xf5, 0x44, 0x44, 0x42, 0x0, 0x0,
    0x0, 0x3f, 0xf6, 0x6f, 0xf1, 0x0, 0x0, 0x0,
    0x0, 0x0, 0x0, 0xcf, 0xd0, 0x6f, 0xf1, 0x0,
    0x0, 0x0, 0x0, 0x0, 0x6, 0xff, 0x40, 0x6f,
    0xf1, 0x0, 0x0, 0x0, 0x0, 0x0, 0xe, 0xfa,
    0x0, 0x6f, 0xff, 0xff, 0xff, 0xe0, 0x0, 0x0,
    0x8f, 0xf2, 0x0, 0x6f, 0xff, 0xff, 0xff, 0xe0,
    0x0, 0x2, 0xff, 0x80, 0x0, 0x6f, 0xf4, 0x33,
    0x33, 0x30, 0x0, 0xa, 0xff, 0xff, 0xff, 0xff,
    0xf1, 0x0, 0x0, 0x0, 0x0, 0x3f, 0xff, 0xff,
    0xff, 0xff, 0xf1, 0x0, 0x0, 0x0, 0x0, 0xcf,
    0xd3, 0x33, 0x33, 0x8f, 0xf1, 0x0, 0x0, 0x0,
    0x6, 0xff, 0x50, 0x0, 0x0, 0x6f, 0xf5, 0x44,
    0x44, 0x43, 0xe, 0xfc, 0x0, 0x0, 0x0, 0x6f,
    0xff, 0xff, 0xff, 0xfb, 0x8f, 0xf3, 0x0, 0x0,
    0x0, 0x6f, 0xff, 0xff, 0xff, 0xfb,

    /* U+00C7 "Ç" */
    0x0, 0x0, 0x18, 0xce, 0xfd, 0x82, 0x0, 0x0,
    0x0, 0x6f, 0xff, 0xff, 0xff, 0xf7, 0x0, 0x0,
    0x6f, 0xff, 0x95, 0x58, 0xef, 0xf8, 0x0, 0x2f,
    0xfd, 0x10, 0x0, 0x1, 0xcf, 0xf3, 0x9, 0xff,
    0x20, 0x0, 0x0, 0x1, 0xb6, 0x10, 0xef, 0xa0,
    0x0, 0x0, 0x0, 0x0, 0x0, 0x1f, 0xf6, 0x0,
    0x0, 0x0, 0x0, 0x0, 0x2, 0xff, 0x50, 0x0,
    0x0, 0x0, 0x0, 0x0, 0x1f, 0xf6, 0x0, 0x0,
    0x0, 0x0, 0x0, 0x0, 0xef, 0xa0, 0x0, 0x0,
    0x0, 0x0, 0x0, 0x9, 0xff, 0x20, 0x0, 0x0,
    0x1, 0xe9, 0x20, 0x2f, 0xfd, 0x10, 0x0, 0x1,
    0xcf, 0xf3, 0x0, 0x6f, 0xff, 0x95, 0x47, 0xef,
    0xf7, 0x0, 0x0, 0x6f, 0xff, 0xff, 0xff, 0xf7,
    0x0, 0x0, 0x0, 0x18, 0xdf, 0xfd, 0x92, 0x0,
    0x0, 0x0, 0x0, 0x5, 0xf9, 0x0, 0x0, 0x0,
    0x0, 0x0, 0x0, 0x7, 0xf7, 0x0, 0x0, 0x0,
    0x0, 0x0, 0x58, 0x9f, 0x80, 0x0, 0x0, 0x0,
    0x0, 0x5, 0xdf, 0xc1, 0x0, 0x0, 0x0,

    /* U+00C8 "È" */
    0x0, 0x3f, 0xf7, 0x0, 0x0, 0x0, 0x4, 0xff,
    0x40, 0x0, 0x0, 0x0, 0x6f, 0xf2, 0x0, 0x0,
    0x0, 0x0, 0x0, 0x0, 0x4f, 0xff, 0xff, 0xff,
    0xfc, 0x4f, 0xff, 0xff, 0xff, 0xfc, 0x4f, 0xf6,
    0x44, 0x44, 0x43, 0x4f, 0xf2, 0x0, 0x0, 0x0,
    0x4f, 0xf2, 0x0, 0x0, 0x0, 0x4f, 0xf2, 0x0,
    0x0, 0x0, 0x4f, 0xff, 0xff, 0xff, 0xf0, 0x4f,
    0xff, 0xff, 0xff, 0xf0, 0x4f, 0xf5, 0x33, 0x33,
    0x30, 0x4f, 0xf2, 0x0, 0x0, 0x0, 0x4f, 0xf2,
    0x0, 0x0, 0x0, 0x4f, 0xf2, 0x0, 0x0, 0x0,
    0x4f, 0xf6, 0x44, 0x44, 0x43, 0x4f, 0xff, 0xff,
    0xff, 0xfd, 0x4f, 0xff, 0xff, 0xff, 0xfd,

    /* U+00C9 "É" */
    0x0, 0x0, 0x5, 0xff, 0x50, 0x0, 0x0, 0x2f,
    0xf7, 0x0, 0x0, 0x1, 0xdf, 0x80, 0x0, 0x0,
    0x0, 0x0, 0x0, 0x0, 0x4f, 0xff, 0xff, 0xff,
    0xfc, 0x4f, 0xff, 0xff, 0xff, 0xfc, 0x4f, 0xf6,
    0x44, 0x44, 0x43, 0x4f, 0xf2, 0x0, 0x0, 0x0,
    0x4f, 0xf2, 0x0, 0x0, 0x0, 0x4f, 0xf2, 0x0,
    0x0, 0x0, 0x4f, 0xff, 0xff, 0xff, 0xf0, 0x4f,
    0xff, 0xff, 0xff, 0xf0, 0x4f, 0xf5, 0x33, 0x33,
    0x30, 0x4f, 0xf2, 0x0, 0x0, 0x0, 0x4f, 0xf2,
    0x0, 0x0, 0x0, 0x4f, 0xf2, 0x0, 0x0, 0x0,
    0x4f, 0xf6, 0x44, 0x44, 0x43, 0x4f, 0xff, 0xff,
    0xff, 0xfd, 0x4f, 0xff, 0xff, 0xff, 0xfd,

    /* U+00CA "Ê" */
    0x0, 0x9, 0xff, 0xf2, 0x0, 0x0, 0x9f, 0xb6,
    0xfe, 0x20, 0x3, 0x87, 0x0, 0x38, 0x60, 0x0,
    0x0, 0x0, 0x0, 0x0, 0x4f, 0xff, 0xff, 0xff,
    0xfc, 0x4f, 0xff, 0xff, 0xff, 0xfc, 0x4f, 0xf6,
    0x44, 0x44, 0x43, 0x4f, 0xf2, 0x0, 0x0, 0x0,
    0x4f, 0xf2, 0x0, 0x0, 0x0, 0x4f, 0xf2, 0x0,
    0x0, 0x0, 0x4f, 0xff, 0xff, 0xff, 0xf0, 0x4f,
    0xff, 0xff, 0xff, 0xf0, 0x4f, 0xf5, 0x33, 0x33,
    0x30, 0x4f, 0xf2, 0x0, 0x0, 0x0, 0x4f, 0xf2,
    0x0, 0x0, 0x0, 0x4f, 0xf2, 0x0, 0x0, 0x0,
    0x4f, 0xf6, 0x44, 0x44, 0x43, 0x4f, 0xff, 0xff,
    0xff, 0xfd, 0x4f, 0xff, 0xff, 0xff, 0xfd,

    /* U+00CB "Ë" */
    0x1, 0x83, 0x0, 0x7, 0x60, 0x9, 0xfd, 0x0,
    0x3f, 0xf2, 0x4, 0xf8, 0x0, 0x1d, 0xc0, 0x0,
    0x0, 0x0, 0x0, 0x0, 0x0, 0x0, 0x0, 0x0,
    0x0, 0x4f, 0xff, 0xff, 0xff, 0xfc, 0x4f, 0xff,
    0xff, 0xff, 0xfc, 0x4f, 0xf6, 0x44, 0x44, 0x43,
    0x4f, 0xf2, 0x0, 0x0, 0x0, 0x4f, 0xf2, 0x0,
    0x0, 0x0, 0x4f, 0xf2, 0x0, 0x0, 0x0, 0x4f,
    0xff, 0xff, 0xff, 0xf0, 0x4f, 0xff, 0xff, 0xff,
    0xf0, 0x4f, 0xf5, 0x33, 0x33, 0x30, 0x4f, 0xf2,
    0x0, 0x0, 0x0, 0x4f, 0xf2, 0x0, 0x0, 0x0,
    0x4f, 0xf2, 0x0, 0x0, 0x0, 0x4f, 0xf6, 0x44,
    0x44, 0x43, 0x4f, 0xff, 0xff, 0xff, 0xfd, 0x4f,
    0xff, 0xff, 0xff, 0xfd,

    /* U+00CC "Ì" */
    0x8f, 0xf3, 0x0, 0x9, 0xfe, 0x10, 0x0, 0xaf,
    0xc0, 0x0, 0x0, 0x0, 0x4, 0xff, 0x20, 0x4,
    0xff, 0x20, 0x4, 0xff, 0x20, 0x4, 0xff, 0x20,
    0x4, 0xff, 0x20, 0x4, 0xff, 0x20, 0x4, 0xff,
    0x20, 0x4, 0xff, 0x20, 0x4, 0xff, 0x20, 0x4,
    0xff, 0x20, 0x4, 0xff, 0x20, 0x4, 0xff, 0x20,
    0x4, 0xff, 0x20, 0x4, 0xff, 0x20, 0x4, 0xff,
    0x20,

    /* U+00CD "Í" */
    0x0, 0xaf, 0xe2, 0x7, 0xff, 0x30, 0x4f, 0xf4,
    0x0, 0x0, 0x0, 0x0, 0x4f, 0xf2, 0x0, 0x4f,
    0xf2, 0x0, 0x4f, 0xf2, 0x0, 0x4f, 0xf2, 0x0,
    0x4f, 0xf2, 0x0, 0x4f, 0xf2, 0x0, 0x4f, 0xf2,
    0x0, 0x4f, 0xf2, 0x0, 0x4f, 0xf2, 0x0, 0x4f,
    0xf2, 0x0, 0x4f, 0xf2, 0x0, 0x4f, 0xf2, 0x0,
    0x4f, 0xf2, 0x0, 0x4f, 0xf2, 0x0, 0x4f, 0xf2,
    0x0,

    /* U+00CE "Î" */
    0x1, 0xdf, 0xfb, 0x0, 0x1d, 0xf8, 0x9f, 0xb0,
    0x58, 0x50, 0x6, 0x84, 0x0, 0x0, 0x0, 0x0,
    0x0, 0x4f, 0xf2, 0x0, 0x0, 0x4f, 0xf2, 0x0,
    0x0, 0x4f, 0xf2, 0x0, 0x0, 0x4f, 0xf2, 0x0,
    0x0, 0x4f, 0xf2, 0x0, 0x0, 0x4f, 0xf2, 0x0,
    0x0, 0x4f, 0xf2, 0x0, 0x0, 0x4f, 0xf2, 0x0,
    0x0, 0x4f, 0xf2, 0x0, 0x0, 0x4f, 0xf2, 0x0,
    0x0, 0x4f, 0xf2, 0x0, 0x0, 0x4f, 0xf2, 0x0,
    0x0, 0x4f, 0xf2, 0x0, 0x0, 0x4f, 0xf2, 0x0,
    0x0, 0x4f, 0xf2, 0x0,

    /* U+00CF "Ï" */
    0x28, 0x21, 0x84, 0xcf, 0xa8, 0xfe, 0x7f, 0x53,
    0xe9, 0x0, 0x0, 0x0, 0x0, 0x0, 0x0, 0x4,
    0xff, 0x20, 0x4, 0xff, 0x20, 0x4, 0xff, 0x20,
    0x4, 0xff, 0x20, 0x4, 0xff, 0x20, 0x4, 0xff,
    0x20, 0x4, 0xff, 0x20, 0x4, 0xff, 0x20, 0x4,
    0xff, 0x20, 0x4, 0xff, 0x20, 0x4, 0xff, 0x20,
    0x4, 0xff, 0x20, 0x4, 0xff, 0x20, 0x4, 0xff,
    0x20, 0x4, 0xff, 0x20,

    /* U+00D0 "Ð" */
    0x2, 0xff, 0xff, 0xfe, 0xb5, 0x0, 0x0, 0x2,
    0xff, 0xff, 0xff, 0xff, 0xd2, 0x0, 0x2, 0xff,
    0x85, 0x57, 0xcf, 0xff, 0x20, 0x2, 0xff, 0x40,
    0x0, 0x6, 0xff, 0xd0, 0x2, 0xff, 0x40, 0x0,
    0x0, 0x8f, 0xf4, 0x2, 0xff, 0x40, 0x0, 0x0,
    0xf, 0xfa, 0x9f, 0xff, 0xfd, 0xd1, 0x0, 0xb,
    0xfc, 0xaf, 0xff, 0xff, 0xf2, 0x0, 0xa, 0xfd,
    0x2, 0xff, 0x40, 0x0, 0x0, 0xb, 0xfc, 0x2,
    0xff, 0x40, 0x0, 0x0, 0xf, 0xfa, 0x2, 0xff,
    0x40, 0x0, 0x0, 0x8f, 0xf4, 0x2, 0xff, 0x40,
    0x0, 0x6, 0xff, 0xc0, 0x2, 0xff, 0x85, 0x57,
    0xcf, 0xff, 0x20, 0x2, 0xff, 0xff, 0xff, 0xff,
    0xd2, 0x0, 0x2, 0xff, 0xff, 0xfe, 0xb5, 0x0,
    0x0,

    /* U+00D1 "Ñ" */
    0x0, 0x0, 0x5e, 0xf8, 0x4, 0x70, 0x0, 0x0,
    0x0, 0xfe, 0xdf, 0xcf, 0xd0, 0x0, 0x0, 0x1,
    0x52, 0x9, 0xfd, 0x30, 0x0, 0x0, 0x0, 0x0,
    0x0, 0x0, 0x0, 0x0, 0x4f, 0xf9, 0x0, 0x0,
    0x0, 0xe, 0xf8, 0x4f, 0xff, 0x50, 0x0, 0x0,
    0xe, 0xf8, 0x4f, 0xff, 0xf2, 0x0, 0x0, 0xe,
    0xf8, 0x4f, 0xff, 0xfc, 0x0, 0x0, 0xe, 0xf8,
    0x4f, 0xfa, 0xff, 0x80, 0x0, 0xe, 0xf8, 0x4f,
    0xf2, 0xcf, 0xf3, 0x0, 0xe, 0xf8, 0x4f, 0xf2,
    0x1e, 0xfe, 0x10, 0xe, 0xf8, 0x4f, 0xf2, 0x5,
    0xff, 0xa0, 0xe, 0xf8, 0x4f, 0xf2, 0x0, 0x9f,
    0xf6, 0xe, 0xf8, 0x4f, 0xf2, 0x0, 0xd, 0xff,
    0x2e, 0xf8, 0x4f, 0xf2, 0x0, 0x3, 0xff, 0xcf,
    0xf8, 0x4f, 0xf2, 0x0, 0x0, 0x7f, 0xff, 0xf8,
    0x4f, 0xf2, 0x0, 0x0, 0xb, 0xff, 0xf8, 0x4f,
    0xf2, 0x0, 0x0, 0x1, 0xef, 0xf8, 0x4f, 0xf2,
    0x0, 0x0, 0x0, 0x4f, 0xf8,

    /* U+00D2 "Ò" */
    0x0, 0x0, 0x3, 0x88, 0x10, 0x0, 0x0, 0x0,
    0x0, 0x0, 0x0, 0xcf, 0xc0, 0x0, 0x0, 0x0,
    0x0, 0x0, 0x0, 0x1d, 0xfa, 0x0, 0x0, 0x0,
    0x0, 0x0, 0x0, 0x1, 0x78, 0x20, 0x0, 0x0,
    0x0, 0x0, 0x0, 0x0, 0x0, 0x0, 0x0, 0x0,
    0x0, 0x0, 0x17, 0xce, 0xfd, 0xa4, 0x0, 0x0,
    0x0, 0x5, 0xff, 0xff, 0xff, 0xff, 0xb1, 0x0,
    0x0, 0x6f, 0xff, 0x96, 0x57, 0xdf, 0xfc, 0x0,
    0x2, 0xff, 0xd2, 0x0, 0x0, 0x9, 0xff, 0x80,
    0x9, 0xff, 0x20, 0x0, 0x0, 0x0, 0xbf, 0xf0,
    0xe, 0xfa, 0x0, 0x0, 0x0, 0x0, 0x4f, 0xf5,
    0x1f, 0xf6, 0x0, 0x0, 0x0, 0x0, 0xf, 0xf7,
    0x2f, 0xf5, 0x0, 0x0, 0x0, 0x0, 0xe, 0xf9,
    0x1f, 0xf6, 0x0, 0x0, 0x0, 0x0, 0xf, 0xf7,
    0xe, 0xfa, 0x0, 0x0, 0x0, 0x0, 0x3f, 0xf5,
    0x9, 0xff, 0x20, 0x0, 0x0, 0x0, 0xbf, 0xf0,
    0x2, 0xff, 0xd2, 0x0, 0x0, 0x8, 0xff, 0x90,
    0x0, 0x6f, 0xff, 0x96, 0x57, 0xdf, 0xfd, 0x0,
    0x0, 0x5, 0xff, 0xff, 0xff, 0xff, 0xb1, 0x0,
    0x0, 0x0, 0x17, 0xce, 0xfd, 0xa4, 0x0, 0x0,

    /* U+00D3 "Ó" */
    0x0, 0x0, 0x0, 0x0, 0x7f, 0xf5, 0x0, 0x0,
    0x0, 0x0, 0x0, 0x7, 0xfe, 0x30, 0x0, 0x0,
    0x0, 0x0, 0x0, 0x17, 0x82, 0x0, 0x0, 0x0,
    0x0, 0x0, 0x0, 0x0, 0x0, 0x0, 0x0, 0x0,
    0x0, 0x0, 0x17, 0xce, 0xfd, 0xa4, 0x0, 0x0,
    0x0, 0x5, 0xff, 0xff, 0xff, 0xff, 0xb1, 0x0,
    0x0, 0x6f, 0xff, 0x96, 0x57, 0xdf, 0xfc, 0x0,
    0x2, 0xff, 0xd2, 0x0, 0x0, 0x9, 0xff, 0x80,
    0x9, 0xff, 0x20, 0x0, 0x0, 0x0, 0xbf, 0xf0,
    0xe, 0xfa, 0x0, 0x0, 0x0, 0x0, 0x4f, 0xf5,
    0x1f, 0xf6, 0x0, 0x0, 0x0, 0x0, 0xf, 0xf7,
    0x2f, 0xf5, 0x0, 0x0, 0x0, 0x0, 0xe, 0xf9,
    0x1f, 0xf6, 0x0, 0x0, 0x0, 0x0, 0xf, 0xf7,
    0xe, 0xfa, 0x0, 0x0, 0x0, 0x0, 0x3f, 0xf5,
    0x9, 0xff, 0x20, 0x0, 0x0, 0x0, 0xbf, 0xf0,
    0x2, 0xff, 0xd2, 0x0, 0x0, 0x8, 0xff, 0x90,
    0x0, 0x6f, 0xff, 0x96, 0x57, 0xdf, 0xfd, 0x0,
    0x0, 0x5, 0xff, 0xff, 0xff, 0xff, 0xb1, 0x0,
    0x0, 0x0, 0x17, 0xce, 0xfd, 0xa4, 0x0, 0x0,

    /* U+00D4 "Ô" */
    0x0, 0x0, 0x0, 0x2e, 0xf7, 0x0, 0x0, 0x0,
    0x0, 0x0, 0x1, 0xef, 0xff, 0x50, 0x0, 0x0,
    0x0, 0x0, 0xc, 0xf9, 0x3f, 0xf3, 0x0, 0x0,
    0x0, 0x0, 0x38, 0x60, 0x3, 0x86, 0x0, 0x0,
    0x0, 0x0, 0x0, 0x0, 0x0, 0x0, 0x0, 0x0,
    0x0, 0x0, 0x17, 0xce, 0xfd, 0xa4, 0x0, 0x0,
    0x0, 0x5, 0xff, 0xff, 0xff, 0xff, 0xb1, 0x0,
    0x0, 0x6f, 0xff, 0x96, 0x57, 0xdf, 0xfc, 0x0,
    0x2, 0xff, 0xd2, 0x0, 0x0, 0x9, 0xff, 0x80,
    0x9, 0xff, 0x20, 0x0, 0x0, 0x0, 0xbf, 0xf0,
    0xe, 0xfa, 0x0, 0x0, 0x0, 0x0, 0x4f, 0xf5,
    0x1f, 0xf6, 0x0, 0x0, 0x0, 0x0, 0xf, 0xf7,
    0x2f, 0xf5, 0x0, 0x0, 0x0, 0x0, 0xe, 0xf9,
    0x1f, 0xf6, 0x0, 0x0, 0x0, 0x0, 0xf, 0xf7,
    0xe, 0xfa, 0x0, 0x0, 0x0, 0x0, 0x3f, 0xf5,
    0x9, 0xff, 0x20, 0x0, 0x0, 0x0, 0xbf, 0xf0,
    0x2, 0xff, 0xd2, 0x0, 0x0, 0x8, 0xff, 0x90,
    0x0, 0x6f, 0xff, 0x96, 0x57, 0xdf, 0xfd, 0x0,
    0x0, 0x5, 0xff, 0xff, 0xff, 0xff, 0xb1, 0x0,
    0x0, 0x0, 0x17, 0xce, 0xfd, 0xa4, 0x0, 0x0,

    /* U+00D5 "Õ" */
    0x0, 0x0, 0x0, 0x89, 0x20, 0x0, 0x0, 0x0,
    0x0, 0x0, 0xa, 0xff, 0xe1, 0x38, 0x10, 0x0,
    0x0, 0x0, 0xf, 0xb2, 0xfd, 0xef, 0x0, 0x0,
    0x0, 0x0, 0x0, 0x0, 0x4e, 0xe5, 0x0, 0x0,
    0x0, 0x0, 0x0, 0x0, 0x0, 0x0, 0x0, 0x0,
    0x0, 0x0, 0x17, 0xce, 0xfd, 0xa4, 0x0, 0x0,
    0x0, 0x5, 0xff, 0xff, 0xff, 0xff, 0xb1, 0x0,
    0x0, 0x6f, 0xff, 0x96, 0x57, 0xdf, 0xfc, 0x0,
    0x2, 0xff, 0xd2, 0x0, 0x0, 0x9, 0xff, 0x80,
    0x9, 0xff, 0x20, 0x0, 0x0, 0x0, 0xbf, 0xf0,
    0xe, 0xfa, 0x0, 0x0, 0x0, 0x0, 0x4f, 0xf5,
    0x1f, 0xf6, 0x0, 0x0, 0x0, 0x0, 0xf, 0xf7,
    0x2f, 0xf5, 0x0, 0x0, 0x0, 0x0, 0xe, 0xf9,
    0x1f, 0xf6, 0x0, 0x0, 0x0, 0x0, 0xf, 0xf7,
    0xe, 0xfa, 0x0, 0x0, 0x0, 0x0, 0x3f, 0xf5,
    0x9, 0xff, 0x20, 0x0, 0x0, 0x0, 0xbf, 0xf0,
    0x2, 0xff, 0xd2, 0x0, 0x0, 0x8, 0xff, 0x90,
    0x0, 0x6f, 0xff, 0x96, 0x57, 0xdf, 0xfd, 0x0,
    0x0, 0x5, 0xff, 0xff, 0xff, 0xff, 0xb1, 0x0,
    0x0, 0x0, 0x17, 0xce, 0xfd, 0xa4, 0x0, 0x0,

    /* U+00D6 "Ö" */
    0x0, 0x0, 0x28, 0x20, 0x0, 0x75, 0x0, 0x0,
    0x0, 0x0, 0xaf, 0xc0, 0x4, 0xff, 0x10, 0x0,
    0x0, 0x0, 0x5f, 0x70, 0x1, 0xec, 0x0, 0x0,
    0x0, 0x0, 0x0, 0x0, 0x0, 0x0, 0x0, 0x0,
    0x0, 0x0, 0x0, 0x0, 0x0, 0x0, 0x0, 0x0,
    0x0, 0x0, 0x17, 0xce, 0xfd, 0xa4, 0x0, 0x0,
    0x0, 0x5, 0xff, 0xff, 0xff, 0xff, 0xb1, 0x0,
    0x0, 0x6f, 0xff, 0x96, 0x57, 0xdf, 0xfc, 0x0,
    0x2, 0xff, 0xd2, 0x0, 0x0, 0x9, 0xff, 0x80,
    0x9, 0xff, 0x20, 0x0, 0x0, 0x0, 0xbf, 0xf0,
    0xe, 0xfa, 0x0, 0x0, 0x0, 0x0, 0x4f, 0xf5,
    0x1f, 0xf6, 0x0, 0x0, 0x0, 0x0, 0xf, 0xf7,
    0x2f, 0xf5, 0x0, 0x0, 0x0, 0x0, 0xe, 0xf9,
    0x1f, 0xf6, 0x0, 0x0, 0x0, 0x0, 0xf, 0xf7,
    0xe, 0xfa, 0x0, 0x0, 0x0, 0x0, 0x3f, 0xf5,
    0x9, 0xff, 0x20, 0x0, 0x0, 0x0, 0xbf, 0xf0,
    0x2, 0xff, 0xd2, 0x0, 0x0, 0x8, 0xff, 0x90,
    0x0, 0x6f, 0xff, 0x96, 0x57, 0xdf, 0xfd, 0x0,
    0x0, 0x5, 0xff, 0xff, 0xff, 0xff, 0xb1, 0x0,
    0x0, 0x0, 0x17, 0xce, 0xfd, 0xa4, 0x0, 0x0,

    /* U+00D7 "×" */
    0x7, 0x10, 0x0, 0x7, 0x6, 0xfd, 0x10, 0xb,
    0xf9, 0xc, 0xfd, 0x1b, 0xfe, 0x20, 0xc, 0xff,
    0xfe, 0x20, 0x0, 0x1f, 0xff, 0x30, 0x0, 0xa,
    0xff, 0xfc, 0x0, 0x9, 0xfe, 0x4d, 0xfc, 0x6,
    0xfe, 0x20, 0x1d, 0xf9, 0xa, 0x30, 0x0, 0x1a,
    0x10,

    /* U+00D8 "Ø" */
    0x0, 0x0, 0x17, 0xce, 0xfd, 0xa4, 0x1d, 0xf6,
    0x0, 0x5, 0xff, 0xff, 0xff, 0xff, 0xff, 0x80,
    0x0, 0x6f, 0xff, 0x96, 0x57, 0xdf, 0xff, 0x0,
    0x2, 0xff, 0xd2, 0x0, 0x0, 0x7f, 0xff, 0x90,
    0x9, 0xff, 0x20, 0x0, 0x5, 0xfe, 0xcf, 0xf0,
    0xe, 0xfa, 0x0, 0x0, 0x3f, 0xf2, 0x3f, 0xf5,
    0xf, 0xf6, 0x0, 0x1, 0xef, 0x40, 0xf, 0xf8,
    0x2f, 0xf5, 0x0, 0xd, 0xf6, 0x0, 0xe, 0xf9,
    0xf, 0xf6, 0x0, 0xbf, 0x90, 0x0, 0xf, 0xf8,
    0xe, 0xfa, 0x9, 0xfb, 0x0, 0x0, 0x3f, 0xf5,
    0x8, 0xff, 0xaf, 0xd0, 0x0, 0x0, 0xbf, 0xf1,
    0x2, 0xff, 0xff, 0x10, 0x0, 0x8, 0xff, 0x90,
    0x0, 0x8f, 0xff, 0xa6, 0x57, 0xdf, 0xfd, 0x0,
    0x1, 0xef, 0xff, 0xff, 0xff, 0xff, 0xb1, 0x0,
    0xc, 0xf7, 0x17, 0xce, 0xfd, 0xa4, 0x0, 0x0,

    /* U+00D9 "Ù" */
    0x0, 0x2, 0x88, 0x30, 0x0, 0x0, 0x0, 0x0,
    0x9, 0xfe, 0x10, 0x0, 0x0, 0x0, 0x0, 0xb,
    0xfc, 0x0, 0x0, 0x0, 0x0, 0x0, 0x7, 0x83,
    0x0, 0x0, 0x0, 0x0, 0x0, 0x0, 0x0, 0x0,
    0x7, 0xff, 0x0, 0x0, 0x0, 0x2f, 0xf4, 0x7f,
    0xf0, 0x0, 0x0, 0x2, 0xff, 0x47, 0xff, 0x0,
    0x0, 0x0, 0x2f, 0xf4, 0x7f, 0xf0, 0x0, 0x0,
    0x2, 0xff, 0x47, 0xff, 0x0, 0x0, 0x0, 0x2f,
    0xf4, 0x7f, 0xf0, 0x0, 0x0, 0x2, 0xff, 0x47,
    0xff, 0x0, 0x0, 0x0, 0x2f, 0xf4, 0x7f, 0xf0,
    0x0, 0x0, 0x2, 0xff, 0x47, 0xff, 0x0, 0x0,
    0x0, 0x2f, 0xf4, 0x7f, 0xf0, 0x0, 0x0, 0x2,
    0xff, 0x35, 0xff, 0x20, 0x0, 0x0, 0x5f, 0xf2,
    0x1f, 0xfb, 0x0, 0x0, 0x1d, 0xfd, 0x0, 0x9f,
    0xfc, 0x65, 0x7e, 0xff, 0x60, 0x0, 0xbf, 0xff,
    0xff, 0xff, 0x80, 0x0, 0x0, 0x5b, 0xef, 0xea,
    0x30, 0x0,

    /* U+00DA "Ú" */
    0x0, 0x0, 0x0, 0x5f, 0xf6, 0x0, 0x0, 0x0,
    0x0, 0x4f, 0xf5, 0x0, 0x0, 0x0, 0x0, 0x7,
    0x83, 0x0, 0x0, 0x0, 0x0, 0x0, 0x0, 0x0,
    0x0, 0x0, 0x7f, 0xf0, 0x0, 0x0, 0x2, 0xff,
    0x47, 0xff, 0x0, 0x0, 0x0, 0x2f, 0xf4, 0x7f,
    0xf0, 0x0, 0x0, 0x2, 0xff, 0x47, 0xff, 0x0,
    0x0, 0x0, 0x2f, 0xf4, 0x7f, 0xf0, 0x0, 0x0,
    0x2, 0xff, 0x47, 0xff, 0x0, 0x0, 0x0, 0x2f,
    0xf4, 0x7f, 0xf0, 0x0, 0x0, 0x2, 0xff, 0x47,
    0xff, 0x0, 0x0, 0x0, 0x2f, 0xf4, 0x7f, 0xf0,
    0x0, 0x0, 0x2, 0xff, 0x47, 0xff, 0x0, 0x0,
    0x0, 0x2f, 0xf3, 0x5f, 0xf2, 0x0, 0x0, 0x5,
    0xff, 0x21, 0xff, 0xb0, 0x0, 0x1, 0xdf, 0xd0,
    0x9, 0xff, 0xc6, 0x57, 0xef, 0xf6, 0x0, 0xb,
    0xff, 0xff, 0xff, 0xf8, 0x0, 0x0, 0x5, 0xbe,
    0xfe, 0xa3, 0x0, 0x0,

    /* U+00DB "Û" */
    0x0, 0x0, 0x1d, 0xfa, 0x0, 0x0, 0x0, 0x0,
    0xc, 0xff, 0xf7, 0x0, 0x0, 0x0, 0xa, 0xfb,
    0x2e, 0xf5, 0x0, 0x0, 0x2, 0x87, 0x0, 0x28,
    0x70, 0x0, 0x0, 0x0, 0x0, 0x0, 0x0, 0x0,
    0x7, 0xff, 0x0, 0x0, 0x0, 0x2f, 0xf4, 0x7f,
    0xf0, 0x0, 0x0, 0x2, 0xff, 0x47, 0xff, 0x0,
    0x0, 0x0, 0x2f, 0xf4, 0x7f, 0xf0, 0x0, 0x0,
    0x2, 0xff, 0x47, 0xff, 0x0, 0x0, 0x0, 0x2f,
    0xf4, 0x7f, 0xf0, 0x0, 0x0, 0x2, 0xff, 0x47,
    0xff, 0x0, 0x0, 0x0, 0x2f, 0xf4, 0x7f, 0xf0,
    0x0, 0x0, 0x2, 0xff, 0x47, 0xff, 0x0, 0x0,
    0x0, 0x2f, 0xf4, 0x7f, 0xf0, 0x0, 0x0, 0x2,
    0xff, 0x35, 0xff, 0x20, 0x0, 0x0, 0x5f, 0xf2,
    0x1f, 0xfb, 0x0, 0x0, 0x1d, 0xfd, 0x0, 0x9f,
    0xfc, 0x65, 0x7e, 0xff, 0x60, 0x0, 0xbf, 0xff,
    0xff, 0xff, 0x80, 0x0, 0x0, 0x5b, 0xef, 0xea,
    0x30, 0x0,

    /* U+00DC "Ü" */
    0x0, 0x3e, 0xa0, 0x0, 0xcd, 0x10, 0x0, 0x7,
    0xff, 0x0, 0x1f, 0xf4, 0x0, 0x0, 0x8, 0x40,
    0x0, 0x67, 0x0, 0x0, 0x0, 0x0, 0x0, 0x0,
    0x0, 0x0, 0x0, 0x0, 0x0, 0x0, 0x0, 0x0,
    0x7, 0xff, 0x0, 0x0, 0x0, 0x2f, 0xf4, 0x7f,
    0xf0, 0x0, 0x0, 0x2, 0xff, 0x47, 0xff, 0x0,
    0x0, 0x0, 0x2f, 0xf4, 0x7f, 0xf0, 0x0, 0x0,
    0x2, 0xff, 0x47, 0xff, 0x0, 0x0, 0x0, 0x2f,
    0xf4, 0x7f, 0xf0, 0x0, 0x0, 0x2, 0xff, 0x47,
    0xff, 0x0, 0x0, 0x0, 0x2f, 0xf4, 0x7f, 0xf0,
    0x0, 0x0, 0x2, 0xff, 0x47, 0xff, 0x0, 0x0,
    0x0, 0x2f, 0xf4, 0x7f, 0xf0, 0x0, 0x0, 0x2,
    0xff, 0x35, 0xff, 0x20, 0x0, 0x0, 0x5f, 0xf2,
    0x1f, 0xfb, 0x0, 0x0, 0x1d, 0xfd, 0x0, 0x9f,
    0xfc, 0x65, 0x7e, 0xff, 0x60, 0x0, 0xbf, 0xff,
    0xff, 0xff, 0x80, 0x0, 0x0, 0x5b, 0xef, 0xea,
    0x30, 0x0,

    /* U+00DD "Ý" */
    0x0, 0x0, 0x0, 0x9, 0xb8, 0x0, 0x0, 0x0,
    0x0, 0x0, 0x9f, 0xe2, 0x0, 0x0, 0x0, 0x0,
    0x6, 0xfe, 0x20, 0x0, 0x0, 0x0, 0x0, 0x3,
    0x32, 0x0, 0x0, 0x0, 0x8f, 0xf4, 0x0, 0x0,
    0x1, 0xff, 0xc0, 0xe, 0xfd, 0x0, 0x0, 0x9,
    0xff, 0x20, 0x5, 0xff, 0x70, 0x0, 0x3f, 0xf8,
    0x0, 0x0, 0xbf, 0xf1, 0x0, 0xcf, 0xe0, 0x0,
    0x0, 0x2f, 0xf9, 0x6, 0xff, 0x50, 0x0, 0x0,
    0x8, 0xff, 0x4e, 0xfb, 0x0, 0x0, 0x0, 0x0,
    0xef, 0xff, 0xf2, 0x0, 0x0, 0x0, 0x0, 0x5f,
    0xff, 0x80, 0x0, 0x0, 0x0, 0x0, 0xc, 0xfe,
    0x0, 0x0, 0x0, 0x0, 0x0, 0x9, 0xfd, 0x0,
    0x0, 0x0, 0x0, 0x0, 0x9, 0xfd, 0x0, 0x0,
    0x0, 0x0, 0x0, 0x9, 0xfd, 0x0, 0x0, 0x0,
    0x0, 0x0, 0x9, 0xfd, 0x0, 0x0, 0x0, 0x0,
    0x0, 0x9, 0xfd, 0x0, 0x0, 0x0, 0x0, 0x0,
    0x9, 0xfd, 0x0, 0x0, 0x0,

    /* U+00DE "Þ" */
    0x2f, 0xf5, 0x0, 0x0, 0x0, 0x0, 0x2f, 0xf5,
    0x0, 0x0, 0x0, 0x0, 0x2f, 0xf7, 0x44, 0x31,
    0x0, 0x0, 0x2f, 0xff, 0xff, 0xff, 0xb2, 0x0,
    0x2f, 0xff, 0xff, 0xff, 0xff, 0x20, 0x2f, 0xf5,
    0x0, 0x17, 0xff, 0xb0, 0x2f, 0xf5, 0x0, 0x0,
    0x9f, 0xf1, 0x2f, 0xf5, 0x0, 0x0, 0x5f, 0xf2,
    0x2f, 0xf5, 0x0, 0x0, 0x8f, 0xf1, 0x2f, 0xf5,
    0x0, 0x5, 0xff, 0xc0, 0x2f, 0xff, 0xff, 0xff,
    0xff, 0x30, 0x2f, 0xff, 0xff, 0xff, 0xd3, 0x0,
    0x2f, 0xf8, 0x44, 0x42, 0x0, 0x0, 0x2f, 0xf5,
    0x0, 0x0, 0x0, 0x0, 0x2f, 0xf5, 0x0, 0x0,
    0x0, 0x0,

    /* U+00DF "ß" */
    0x0, 0x6c, 0xff, 0xd8, 0x0, 0x0, 0xaf, 0xff,
    0xff, 0xfd, 0x10, 0x4f, 0xfb, 0x32, 0x7f, 0xf8,
    0x9, 0xfe, 0x0, 0x0, 0xaf, 0xc0, 0xbf, 0xb0,
    0x0, 0x9, 0xfc, 0xb, 0xfb, 0x0, 0x5, 0xff,
    0x80, 0xbf, 0xb0, 0x7f, 0xff, 0xc0, 0xb, 0xfb,
    0x7, 0xff, 0xfc, 0x10, 0xbf, 0xb0, 0x25, 0x8f,
    0xfb, 0xb, 0xfb, 0x0, 0x0, 0x6f, 0xf2, 0xbf,
    0xb0, 0x0, 0x2, 0xff, 0x4b, 0xfb, 0x0, 0x0,
    0x5f, 0xf3, 0xbf, 0xb0, 0x14, 0x7e, 0xfe, 0xb,
    0xfb, 0x7, 0xff, 0xff, 0x50, 0xbf, 0xb0, 0x7f,
    0xeb, 0x30, 0x0,

    /* U+00E0 "à" */
    0x0, 0x3f, 0xf8, 0x0, 0x0, 0x0, 0x4, 0xff,
    0x50, 0x0, 0x0, 0x0, 0x4d, 0xd2, 0x0, 0x0,
    0x0, 0x0, 0x0, 0x0, 0x0, 0x3a, 0xef, 0xd8,
    0x10, 0x3, 0xff, 0xff, 0xff, 0xd0, 0x9, 0xfc,
    0x32, 0x6f, 0xf7, 0x0, 0x10, 0x0, 0x9, 0xfc,
    0x0, 0x4a, 0xcd, 0xde, 0xfe, 0x9, 0xff, 0xff,
    0xff, 0xfe, 0x1f, 0xfa, 0x20, 0x6, 0xfe, 0x4f,
    0xf2, 0x0, 0xb, 0xfe, 0x2f, 0xf9, 0x11, 0x8f,
    0xfe, 0xc, 0xff, 0xff, 0xfe, 0xfe, 0x0, 0x8d,
    0xfe, 0x85, 0xfe,

    /* U+00E1 "á" */
    0x0, 0x0, 0x5, 0xff, 0x50, 0x0, 0x0, 0x3f,
    0xf6, 0x0, 0x0, 0x1, 0xce, 0x70, 0x0, 0x0,
    0x0, 0x0, 0x0, 0x0, 0x0, 0x3a, 0xef, 0xd8,
    0x10, 0x3, 0xff, 0xff, 0xff, 0xd0, 0x9, 0xfc,
    0x32, 0x6f, 0xf7, 0x0, 0x10, 0x0, 0x9, 0xfc,
    0x0, 0x4a, 0xcd, 0xde, 0xfe, 0x9, 0xff, 0xff,
    0xff, 0xfe, 0x1f, 0xfa, 0x20, 0x6, 0xfe, 0x4f,
    0xf2, 0x0, 0xb, 0xfe, 0x2f, 0xf9, 0x11, 0x8f,
    0xfe, 0xc, 0xff, 0xff, 0xfe, 0xfe, 0x0, 0x8d,
    0xfe, 0x85, 0xfe,

    /* U+00E2 "â" */
    0x0, 0x8, 0xff, 0xf1, 0x0, 0x0, 0x8f, 0xd8,
    0xfd, 0x10, 0x3, 0xa9, 0x10, 0x5a, 0x80, 0x0,
    0x0, 0x0, 0x0, 0x0, 0x0, 0x3a, 0xef, 0xd8,
    0x10, 0x3, 0xff, 0xff, 0xff, 0xd0, 0x9, 0xfc,
    0x32, 0x6f, 0xf7, 0x0, 0x10, 0x0, 0x9, 0xfc,
    0x0, 0x4a, 0xcd, 0xde, 0xfe, 0x9, 0xff, 0xff,
    0xff, 0xfe, 0x1f, 0xfa, 0x20, 0x6, 0xfe, 0x4f,
    0xf2, 0x0, 0xb, 0xfe, 0x2f, 0xf9, 0x11, 0x8f,
    0xfe, 0xc, 0xff, 0xff, 0xfe, 0xfe, 0x0, 0x8d,
    0xfe, 0x85, 0xfe,

    /* U+00E3 "ã" */
    0x0, 0x3d, 0xfb, 0x36, 0xd3, 0x0, 0xdf, 0xbf,
    0xff, 0xd0, 0x0, 0x31, 0x4, 0x98, 0x20, 0x0,
    0x0, 0x0, 0x0, 0x0, 0x0, 0x3a, 0xef, 0xd8,
    0x10, 0x3, 0xff, 0xff, 0xff, 0xd0, 0x9, 0xfc,
    0x32, 0x6f, 0xf7, 0x0, 0x10, 0x0, 0x9, 0xfc,
    0x0, 0x4a, 0xcd, 0xde, 0xfe, 0x9, 0xff, 0xff,
    0xff, 0xfe, 0x1f, 0xfa, 0x20, 0x6, 0xfe, 0x4f,
    0xf2, 0x0, 0xb, 0xfe, 0x2f, 0xf9, 0x11, 0x8f,
    0xfe, 0xc, 0xff, 0xff, 0xfe, 0xfe, 0x0, 0x8d,
    0xfe, 0x85, 0xfe,

    /* U+00E4 "ä" */
    0x0, 0x72, 0x0, 0x5, 0x40, 0x8, 0xfd, 0x0,
    0x3f, 0xf2, 0x5, 0xf9, 0x0, 0x1e, 0xe1, 0x0,
    0x0, 0x0, 0x0, 0x0, 0x0, 0x0, 0x0, 0x0,
    0x0, 0x0, 0x3a, 0xef, 0xd8, 0x10, 0x3, 0xff,
    0xff, 0xff, 0xd0, 0x9, 0xfc, 0x32, 0x6f, 0xf7,
    0x0, 0x10, 0x0, 0x9, 0xfc, 0x0, 0x4a, 0xcd,
    0xde, 0xfe, 0x9, 0xff, 0xff, 0xff, 0xfe, 0x1f,
    0xfa, 0x20, 0x6, 0xfe, 0x4f, 0xf2, 0x0, 0xb,
    0xfe, 0x2f, 0xf9, 0x11, 0x8f, 0xfe, 0xc, 0xff,
    0xff, 0xfe, 0xfe, 0x0, 0x8d, 0xfe, 0x85, 0xfe,

    /* U+00E5 "å" */
    0x0, 0x0, 0x1, 0x0, 0x0, 0x0, 0x3, 0xef,
    0xb0, 0x0, 0x0, 0xe, 0xd7, 0xf7, 0x0, 0x0,
    0xe, 0xb4, 0xf8, 0x0, 0x0, 0x6, 0xff, 0xd1,
    0x0, 0x0, 0x0, 0x24, 0x0, 0x0, 0x0, 0x3a,
    0xef, 0xd8, 0x10, 0x3, 0xff, 0xff, 0xff, 0xd0,
    0x9, 0xfc, 0x32, 0x6f, 0xf7, 0x0, 0x10, 0x0,
    0x9, 0xfc, 0x0, 0x4a, 0xcd, 0xde, 0xfe, 0x9,
    0xff, 0xff, 0xff, 0xfe, 0x1f, 0xfa, 0x20, 0x6,
    0xfe, 0x4f, 0xf2, 0x0, 0xb, 0xfe, 0x2f, 0xf9,
    0x11, 0x8f, 0xfe, 0xc, 0xff, 0xff, 0xfe, 0xfe,
    0x0, 0x8d, 0xfe, 0x85, 0xfe,

    /* U+00E6 "æ" */
    0x0, 0x3b, 0xef, 0xd6, 0x0, 0x7d, 0xfe, 0xa3,
    0x0, 0x6, 0xff, 0xff, 0xff, 0x9c, 0xff, 0xff,
    0xff, 0x40, 0xa, 0xf8, 0x10, 0x6f, 0xff, 0xe5,
    0x12, 0xaf, 0xe1, 0x0, 0x0, 0x0, 0xe, 0xff,
    0x40, 0x0, 0xd, 0xf6, 0x0, 0x27, 0x9a, 0xaf,
    0xff, 0xee, 0xee, 0xef, 0xfb, 0x7, 0xff, 0xff,
    0xff, 0xff, 0xff, 0xff, 0xff, 0xfc, 0x1f, 0xf9,
    0x10, 0xf, 0xff, 0x10, 0x0, 0x0, 0x0, 0x4f,
    0xf1, 0x0, 0xf, 0xff, 0x70, 0x0, 0x7, 0x50,
    0x2f, 0xf6, 0x0, 0x7f, 0xff, 0xf8, 0x33, 0x9f,
    0xf5, 0xc, 0xff, 0xef, 0xff, 0x4d, 0xff, 0xff,
    0xff, 0x90, 0x0, 0x8d, 0xfe, 0xa2, 0x0, 0x7d,
    0xff, 0xc5, 0x0,

    /* U+00E7 "ç" */
    0x0, 0x5, 0xbe, 0xfc, 0x70, 0x0, 0xa, 0xff,
    0xff, 0xff, 0xc0, 0x7, 0xff, 0xb5, 0x49, 0xff,
    0x90, 0xef, 0xb0, 0x0, 0x6, 0x61, 0x2f, 0xf4,
    0x0, 0x0, 0x0, 0x4, 0xff, 0x20, 0x0, 0x0,
    0x0, 0x2f, 0xf4, 0x0, 0x0, 0x0, 0x0, 0xef,
    0xb0, 0x0, 0x8, 0x93, 0x7, 0xff, 0xb5, 0x49,
    0xff, 0x80, 0x9, 0xff, 0xff, 0xff, 0xc0, 0x0,
    0x5, 0xbf, 0xfd, 0x70, 0x0, 0x0, 0x4, 0xfa,
    0x0, 0x0, 0x0, 0x0, 0x5, 0xf9, 0x0, 0x0,
    0x0, 0x48, 0x8f, 0xa0, 0x0, 0x0, 0x4, 0xdf,
    0xc2, 0x0, 0x0,

    /* U+00E8 "è" */
    0x0, 0x6, 0xff, 0x40, 0x0, 0x0, 0x0, 0x0,
    0x6f, 0xf3, 0x0, 0x0, 0x0, 0x0, 0x7, 0xec,
    0x10, 0x0, 0x0, 0x0, 0x0, 0x0, 0x0, 0x0,
    0x0, 0x5, 0xce, 0xfb, 0x40, 0x0, 0x0, 0xaf,
    0xff, 0xff, 0xf7, 0x0, 0x7, 0xff, 0x82, 0x29,
    0xff, 0x30, 0xe, 0xf8, 0x0, 0x0, 0xaf, 0xa0,
    0x2f, 0xfe, 0xdd, 0xdd, 0xef, 0xe0, 0x4f, 0xff,
    0xff, 0xff, 0xff, 0xf0, 0x2f, 0xf4, 0x0, 0x0,
    0x0, 0x0, 0xe, 0xfa, 0x0, 0x0, 0x56, 0x0,
    0x7, 0xff, 0xa4, 0x37, 0xff, 0x90, 0x0, 0xaf,
    0xff, 0xff, 0xfc, 0x0, 0x0, 0x6, 0xcf, 0xfd,
    0x70, 0x0,

    /* U+00E9 "é" */
    0x0, 0x0, 0x0, 0x8f, 0xf3, 0x0, 0x0, 0x0,
    0x6, 0xff, 0x30, 0x0, 0x0, 0x0, 0x2d, 0xd4,
    0x0, 0x0, 0x0, 0x0, 0x0, 0x0, 0x0, 0x0,
    0x0, 0x5, 0xce, 0xfb, 0x40, 0x0, 0x0, 0xaf,
    0xff, 0xff, 0xf7, 0x0, 0x7, 0xff, 0x82, 0x29,
    0xff, 0x30, 0xe, 0xf8, 0x0, 0x0, 0xaf, 0xa0,
    0x2f, 0xfe, 0xdd, 0xdd, 0xef, 0xe0, 0x4f, 0xff,
    0xff, 0xff, 0xff, 0xf0, 0x2f, 0xf4, 0x0, 0x0,
    0x0, 0x0, 0xe, 0xfa, 0x0, 0x0, 0x56, 0x0,
    0x7, 0xff, 0xa4, 0x37, 0xff, 0x90, 0x0, 0xaf,
    0xff, 0xff, 0xfc, 0x0, 0x0, 0x6, 0xcf, 0xfd,
    0x70, 0x0,

    /* U+00EA "ê" */
    0x0, 0x0, 0xbf, 0xfd, 0x0, 0x0, 0x0, 0xa,
    0xfb, 0xaf, 0xb0, 0x0, 0x0, 0x5a, 0x80, 0x7,
    0xa6, 0x0, 0x0, 0x0, 0x0, 0x0, 0x0, 0x0,
    0x0, 0x5, 0xce, 0xfb, 0x40, 0x0, 0x0, 0xaf,
    0xff, 0xff, 0xf7, 0x0, 0x7, 0xff, 0x82, 0x29,
    0xff, 0x30, 0xe, 0xf8, 0x0, 0x0, 0xaf, 0xa0,
    0x2f, 0xfe, 0xdd, 0xdd, 0xef, 0xe0, 0x4f, 0xff,
    0xff, 0xff, 0xff, 0xf0, 0x2f, 0xf4, 0x0, 0x0,
    0x0, 0x0, 0xe, 0xfa, 0x0, 0x0, 0x56, 0x0,
    0x7, 0xff, 0xa4, 0x37, 0xff, 0x90, 0x0, 0xaf,
    0xff, 0xff, 0xfc, 0x0, 0x0, 0x6, 0xcf, 0xfd,
    0x70, 0x0,

    /* U+00EB "ë" */
    0x0, 0x27, 0x10, 0x0, 0x63, 0x0, 0x0, 0xcf,
    0x90, 0x6, 0xfe, 0x0, 0x0, 0x8f, 0x60, 0x3,
    0xfb, 0x0, 0x0, 0x0, 0x0, 0x0, 0x0, 0x0,
    0x0, 0x0, 0x0, 0x0, 0x0, 0x0, 0x0, 0x5,
    0xce, 0xfb, 0x40, 0x0, 0x0, 0xaf, 0xff, 0xff,
    0xf7, 0x0, 0x7, 0xff, 0x82, 0x29, 0xff, 0x30,
    0xe, 0xf8, 0x0, 0x0, 0xaf, 0xa0, 0x2f, 0xfe,
    0xdd, 0xdd, 0xef, 0xe0, 0x4f, 0xff, 0xff, 0xff,
    0xff, 0xf0, 0x2f, 0xf4, 0x0, 0x0, 0x0, 0x0,
    0xe, 0xfa, 0x0, 0x0, 0x56, 0x0, 0x7, 0xff,
    0xa4, 0x37, 0xff, 0x90, 0x0, 0xaf, 0xff, 0xff,
    0xfc, 0x0, 0x0, 0x6, 0xcf, 0xfd, 0x70, 0x0,

    /* U+00EC "ì" */
    0xc, 0xfd, 0x0, 0x0, 0xcf, 0xc0, 0x0, 0x9,
    0xb6, 0x0, 0x0, 0x0, 0x0, 0x8f, 0xc0, 0x0,
    0x8f, 0xc0, 0x0, 0x8f, 0xc0, 0x0, 0x8f, 0xc0,
    0x0, 0x8f, 0xc0, 0x0, 0x8f, 0xc0, 0x0, 0x8f,
    0xc0, 0x0, 0x8f, 0xc0, 0x0, 0x8f, 0xc0, 0x0,
    0x8f, 0xc0, 0x0, 0x8f, 0xc0,

    /* U+00ED "í" */
    0x0, 0x2e, 0xfa, 0x0, 0x1d, 0xfa, 0x0, 0x7,
    0xb8, 0x0, 0x0, 0x0, 0x0, 0x0, 0x8, 0xfc,
    0x0, 0x0, 0x8f, 0xc0, 0x0, 0x8, 0xfc, 0x0,
    0x0, 0x8f, 0xc0, 0x0, 0x8, 0xfc, 0x0, 0x0,
    0x8f, 0xc0, 0x0, 0x8, 0xfc, 0x0, 0x0, 0x8f,
    0xc0, 0x0, 0x8, 0xfc, 0x0, 0x0, 0x8f, 0xc0,
    0x0, 0x8, 0xfc, 0x0, 0x0,

    /* U+00EE "î" */
    0x0, 0x4f, 0xff, 0x50, 0x0, 0x4f, 0xe6, 0xdf,
    0x60, 0x7, 0x82, 0x1, 0x88, 0x10, 0x0, 0x0,
    0x0, 0x0, 0x0, 0x8, 0xfc, 0x0, 0x0, 0x0,
    0x8f, 0xc0, 0x0, 0x0, 0x8, 0xfc, 0x0, 0x0,
    0x0, 0x8f, 0xc0, 0x0, 0x0, 0x8, 0xfc, 0x0,
    0x0, 0x0, 0x8f, 0xc0, 0x0, 0x0, 0x8, 0xfc,
    0x0, 0x0, 0x0, 0x8f, 0xc0, 0x0, 0x0, 0x8,
    0xfc, 0x0, 0x0, 0x0, 0x8f, 0xc0, 0x0, 0x0,
    0x8, 0xfc, 0x0, 0x0,

    /* U+00EF "ï" */
    0x5, 0x50, 0x36, 0x2, 0xff, 0x2e, 0xf6, 0x1e,
    0xe1, 0xbf, 0x40, 0x0, 0x0, 0x0, 0x0, 0x0,
    0x0, 0x0, 0x8, 0xfc, 0x0, 0x0, 0x8f, 0xc0,
    0x0, 0x8, 0xfc, 0x0, 0x0, 0x8f, 0xc0, 0x0,
    0x8, 0xfc, 0x0, 0x0, 0x8f, 0xc0, 0x0, 0x8,
    0xfc, 0x0, 0x0, 0x8f, 0xc0, 0x0, 0x8, 0xfc,
    0x0, 0x0, 0x8f, 0xc0, 0x0, 0x8, 0xfc, 0x0,

    /* U+00F0 "ð" */
    0x0, 0x3, 0x20, 0x0, 0x0, 0x0, 0x0, 0xc,
    0xfd, 0x50, 0x14, 0x0, 0x0, 0xc, 0xff, 0xfc,
    0xed, 0x0, 0x0, 0x0, 0x19, 0xff, 0xf1, 0x0,
    0x0, 0x0, 0xd, 0xee, 0xfa, 0x0, 0x0, 0x0,
    0x5, 0x13, 0xff, 0x20, 0x0, 0x7, 0xdf, 0xe9,
    0xcf, 0x80, 0x0, 0xcf, 0xff, 0xff, 0xff, 0xc0,
    0x8, 0xff, 0xa4, 0x4b, 0xff, 0xf0, 0xe, 0xfa,
    0x0, 0x0, 0xcf, 0xf0, 0x2f, 0xf3, 0x0, 0x0,
    0x5f, 0xf1, 0x4f, 0xf2, 0x0, 0x0, 0x3f, 0xf2,
    0x2f, 0xf3, 0x0, 0x0, 0x5f, 0xf0, 0xe, 0xfa,
    0x0, 0x0, 0xcf, 0xc0, 0x7, 0xff, 0xa3, 0x4b,
    0xff, 0x50, 0x0, 0xbf, 0xff, 0xff, 0xf8, 0x0,
    0x0, 0x6, 0xcf, 0xec, 0x50, 0x0,

    /* U+00F1 "ñ" */
    0x0, 0x7f, 0xe5, 0x6, 0x60, 0x3, 0xfd, 0xef,
    0xcf, 0xa0, 0x2, 0x61, 0x1b, 0xfc, 0x10, 0x0,
    0x0, 0x0, 0x0, 0x0, 0xbf, 0x83, 0xcf, 0xea,
    0x10, 0xbf, 0xcf, 0xff, 0xff, 0xd0, 0xbf, 0xfd,
    0x64, 0xbf, 0xf6, 0xbf, 0xf1, 0x0, 0xe, 0xfa,
    0xbf, 0xc0, 0x0, 0xa, 0xfb, 0xbf, 0xa0, 0x0,
    0x9, 0xfc, 0xbf, 0xa0, 0x0, 0x9, 0xfc, 0xbf,
    0xa0, 0x0, 0x9, 0xfc, 0xbf, 0xa0, 0x0, 0x9,
    0xfc, 0xbf, 0xa0, 0x0, 0x9, 0xfc, 0xbf, 0xa0,
    0x0, 0x9, 0xfc,

    /* U+00F2 "ò" */
    0x0, 0x6, 0xff, 0x40, 0x0, 0x0, 0x0, 0x0,
    0x7f, 0xf2, 0x0, 0x0, 0x0, 0x0, 0x8, 0xec,
    0x0, 0x0, 0x0, 0x0, 0x0, 0x0, 0x0, 0x0,
    0x0, 0x5, 0xce, 0xfc, 0x70, 0x0, 0x0, 0xaf,
    0xff, 0xff, 0xfc, 0x0, 0x7, 0xff, 0xb4, 0x49,
    0xff, 0xa0, 0xe, 0xfb, 0x0, 0x0, 0x8f, 0xf1,
    0x2f, 0xf4, 0x0, 0x0, 0x1f, 0xf5, 0x4f, 0xf2,
    0x0, 0x0, 0xe, 0xf7, 0x2f, 0xf4, 0x0, 0x0,
    0xf, 0xf5, 0xe, 0xfb, 0x0, 0x0, 0x7f, 0xf1,
    0x7, 0xff, 0xb4, 0x49, 0xff, 0xa0, 0x0, 0xaf,
    0xff, 0xff, 0xfc, 0x10, 0x0, 0x5, 0xbe, 0xfd,
    0x70, 0x0,

    /* U+00F3 "ó" */
    0x0, 0x0, 0x0, 0x9f, 0xe2, 0x0, 0x0, 0x0,
    0x6, 0xff, 0x30, 0x0, 0x0, 0x0, 0x3d, 0xd3,
    0x0, 0x0, 0x0, 0x0, 0x0, 0x0, 0x0, 0x0,
    0x0, 0x5, 0xce, 0xfc, 0x70, 0x0, 0x0, 0xaf,
    0xff, 0xff, 0xfc, 0x0, 0x7, 0xff, 0xb4, 0x49,
    0xff, 0xa0, 0xe, 0xfb, 0x0, 0x0, 0x8f, 0xf1,
    0x2f, 0xf4, 0x0, 0x0, 0x1f, 0xf5, 0x4f, 0xf2,
    0x0, 0x0, 0xe, 0xf7, 0x2f, 0xf4, 0x0, 0x0,
    0xf, 0xf5, 0xe, 0xfb, 0x0, 0x0, 0x7f, 0xf1,
    0x7, 0xff, 0xb4, 0x49, 0xff, 0xa0, 0x0, 0xaf,
    0xff, 0xff, 0xfc, 0x10, 0x0, 0x5, 0xbe, 0xfd,
    0x70, 0x0,

    /* U+00F4 "ô" */
    0x0, 0x0, 0xcf, 0xfc, 0x0, 0x0, 0x0, 0xb,
    0xfb, 0xaf, 0xb0, 0x0, 0x0, 0x5a, 0x80, 0x8,
    0xa5, 0x0, 0x0, 0x0, 0x0, 0x0, 0x0, 0x0,
    0x0, 0x5, 0xce, 0xfc, 0x70, 0x0, 0x0, 0xaf,
    0xff, 0xff, 0xfc, 0x0, 0x7, 0xff, 0xb4, 0x49,
    0xff, 0xa0, 0xe, 0xfb, 0x0, 0x0, 0x8f, 0xf1,
    0x2f, 0xf4, 0x0, 0x0, 0x1f, 0xf5, 0x4f, 0xf2,
    0x0, 0x0, 0xe, 0xf7, 0x2f, 0xf4, 0x0, 0x0,
    0xf, 0xf5, 0xe, 0xfb, 0x0, 0x0, 0x7f, 0xf1,
    0x7, 0xff, 0xb4, 0x49, 0xff, 0xa0, 0x0, 0xaf,
    0xff, 0xff, 0xfc, 0x10, 0x0, 0x5, 0xbe, 0xfd,
    0x70, 0x0,

    /* U+00F5 "õ" */
    0x0, 0x6, 0xef, 0xa1, 0x9c, 0x0, 0x0, 0x1f,
    0xec, 0xff, 0xfa, 0x0, 0x0, 0x3, 0x10, 0x69,
    0x70, 0x0, 0x0, 0x0, 0x0, 0x0, 0x0, 0x0,
    0x0, 0x5, 0xce, 0xfc, 0x70, 0x0, 0x0, 0xaf,
    0xff, 0xff, 0xfc, 0x0, 0x7, 0xff, 0xb4, 0x49,
    0xff, 0xa0, 0xe, 0xfb, 0x0, 0x0, 0x8f, 0xf1,
    0x2f, 0xf4, 0x0, 0x0, 0x1f, 0xf5, 0x4f, 0xf2,
    0x0, 0x0, 0xe, 0xf7, 0x2f, 0xf4, 0x0, 0x0,
    0xf, 0xf5, 0xe, 0xfb, 0x0, 0x0, 0x7f, 0xf1,
    0x7, 0xff, 0xb4, 0x49, 0xff, 0xa0, 0x0, 0xaf,
    0xff, 0xff, 0xfc, 0x10, 0x0, 0x5, 0xbe, 0xfd,
    0x70, 0x0,

    /* U+00F6 "ö" */
    0x0, 0x27, 0x10, 0x0, 0x63, 0x0, 0x0, 0xcf,
    0x90, 0x7, 0xfe, 0x0, 0x0, 0x9f, 0x60, 0x4,
    0xfb, 0x0, 0x0, 0x0, 0x0, 0x0, 0x0, 0x0,
    0x0, 0x0, 0x0, 0x0, 0x0, 0x0, 0x0, 0x5,
    0xce, 0xfc, 0x70, 0x0, 0x0, 0xaf, 0xff, 0xff,
    0xfc, 0x0, 0x7, 0xff, 0xb4, 0x49, 0xff, 0xa0,
    0xe, 0xfb, 0x0, 0x0, 0x8f, 0xf1, 0x2f, 0xf4,
    0x0, 0x0, 0x1f, 0xf5, 0x4f, 0xf2, 0x0, 0x0,
    0xe, 0xf7, 0x2f, 0xf4, 0x0, 0x0, 0xf, 0xf5,
    0xe, 0xfb, 0x0, 0x0, 0x7f, 0xf1, 0x7, 0xff,
    0xb4, 0x49, 0xff, 0xa0, 0x0, 0xaf, 0xff, 0xff,
    0xfc, 0x10, 0x0, 0x5, 0xbe, 0xfd, 0x70, 0x0,

    /* U+00F7 "÷" */
    0x0, 0x4, 0xf7, 0x0, 0x0, 0x0, 0x6f, 0x90,
    0x0, 0x0, 0x0, 0x40, 0x0, 0x0, 0x0, 0x0,
    0x0, 0x0, 0x9f, 0xff, 0xff, 0xff, 0xd9, 0xff,
    0xff, 0xff, 0xfd, 0x0, 0x0, 0x0, 0x0, 0x0,
    0x0, 0x4f, 0x70, 0x0, 0x0, 0x6, 0xf9, 0x0,
    0x0, 0x0, 0x4, 0x0, 0x0,

    /* U+00F8 "ø" */
    0x0, 0x6, 0xce, 0xfc, 0x7d, 0xf4, 0x0, 0xbf,
    0xff, 0xff, 0xff, 0x80, 0x8, 0xff, 0xa4, 0x4f,
    0xff, 0x90, 0xf, 0xfa, 0x0, 0x5f, 0xff, 0xf1,
    0x3f, 0xf3, 0x3, 0xfe, 0x3f, 0xf4, 0x4f, 0xf1,
    0x1e, 0xf3, 0xf, 0xf6, 0x3f, 0xf3, 0xcf, 0x50,
    0x1f, 0xf4, 0xe, 0xff, 0xf8, 0x0, 0x8f, 0xf1,
    0x8, 0xff, 0xf4, 0x49, 0xff, 0x90, 0x5, 0xff,
    0xff, 0xff, 0xfc, 0x0, 0x3f, 0xe7, 0xce, 0xfc,
    0x60, 0x0,

    /* U+00F9 "ù" */
    0x0, 0x8f, 0xf3, 0x0, 0x0, 0x0, 0x8, 0xfe,
    0x20, 0x0, 0x0, 0x0, 0x7b, 0x90, 0x0, 0x0,
    0x0, 0x0, 0x0, 0x0, 0xef, 0x60, 0x0, 0xc,
    0xf8, 0xef, 0x60, 0x0, 0xc, 0xf8, 0xef, 0x60,
    0x0, 0xc, 0xf8, 0xef, 0x60, 0x0, 0xc, 0xf8,
    0xef, 0x60, 0x0, 0xc, 0xf8, 0xef, 0x60, 0x0,
    0xc, 0xf8, 0xef, 0x70, 0x0, 0xe, 0xf8, 0xcf,
    0xc0, 0x0, 0x3f, 0xf8, 0x8f, 0xf9, 0x46, 0xef,
    0xf8, 0x1f, 0xff, 0xff, 0xed, 0xf8, 0x2, 0xbf,
    0xfb, 0x2b, 0xf8,

    /* U+00FA "ú" */
    0x0, 0x0, 0xb, 0xfd, 0x10, 0x0, 0x0, 0xaf,
    0xd1, 0x0, 0x0, 0x4, 0xba, 0x10, 0x0, 0x0,
    0x0, 0x0, 0x0, 0x0, 0xef, 0x60, 0x0, 0xc,
    0xf8, 0xef, 0x60, 0x0, 0xc, 0xf8, 0xef, 0x60,
    0x0, 0xc, 0xf8, 0xef, 0x60, 0x0, 0xc, 0xf8,
    0xef, 0x60, 0x0, 0xc, 0xf8, 0xef, 0x60, 0x0,
    0xc, 0xf8, 0xef, 0x70, 0x0, 0xe, 0xf8, 0xcf,
    0xc0, 0x0, 0x3f, 0xf8, 0x8f, 0xf9, 0x46, 0xef,
    0xf8, 0x1f, 0xff, 0xff, 0xed, 0xf8, 0x2, 0xbf,
    0xfb, 0x2b, 0xf8,

    /* U+00FB "û" */
    0x0, 0x1e, 0xff, 0xa0, 0x0, 0x1, 0xdf, 0x7a,
    0xfa, 0x0, 0x6, 0x84, 0x0, 0x68, 0x30, 0x0,
    0x0, 0x0, 0x0, 0x0, 0xef, 0x60, 0x0, 0xc,
    0xf8, 0xef, 0x60, 0x0, 0xc, 0xf8, 0xef, 0x60,
    0x0, 0xc, 0xf8, 0xef, 0x60, 0x0, 0xc, 0xf8,
    0xef, 0x60, 0x0, 0xc, 0xf8, 0xef, 0x60, 0x0,
    0xc, 0xf8, 0xef, 0x70, 0x0, 0xe, 0xf8, 0xcf,
    0xc0, 0x0, 0x3f, 0xf8, 0x8f, 0xf9, 0x46, 0xef,
    0xf8, 0x1f, 0xff, 0xff, 0xed, 0xf8, 0x2, 0xbf,
    0xfb, 0x2b, 0xf8,

    /* U+00FC "ü" */
    0x3, 0x60, 0x0, 0x17, 0x20, 0xf, 0xf6, 0x0,
    0x9f, 0xc0, 0xb, 0xf4, 0x0, 0x6f, 0x80, 0x0,
    0x0, 0x0, 0x0, 0x0, 0x0, 0x0, 0x0, 0x0,
    0x0, 0xef, 0x60, 0x0, 0xc, 0xf8, 0xef, 0x60,
    0x0, 0xc, 0xf8, 0xef, 0x60, 0x0, 0xc, 0xf8,
    0xef, 0x60, 0x0, 0xc, 0xf8, 0xef, 0x60, 0x0,
    0xc, 0xf8, 0xef, 0x60, 0x0, 0xc, 0xf8, 0xef,
    0x70, 0x0, 0xe, 0xf8, 0xcf, 0xc0, 0x0, 0x3f,
    0xf8, 0x8f, 0xf9, 0x46, 0xef, 0xf8, 0x1f, 0xff,
    0xff, 0xed, 0xf8, 0x2, 0xbf, 0xfb, 0x2b, 0xf8,

    /* U+00FD "ý" */
    0x0, 0x0, 0x0, 0xcf, 0xc1, 0x0, 0x0, 0x0,
    0xb, 0xfc, 0x10, 0x0, 0x0, 0x0, 0x5b, 0xa1,
    0x0, 0x0, 0x0, 0x0, 0x0, 0x0, 0x0, 0x0,
    0xaf, 0xe0, 0x0, 0x0, 0x3f, 0xf5, 0x3f, 0xf4,
    0x0, 0x0, 0x9f, 0xe0, 0xc, 0xfb, 0x0, 0x0,
    0xff, 0x80, 0x4, 0xff, 0x20, 0x6, 0xff, 0x10,
    0x0, 0xdf, 0x80, 0xd, 0xfb, 0x0, 0x0, 0x6f,
    0xe0, 0x3f, 0xf4, 0x0, 0x0, 0xe, 0xf5, 0xaf,
    0xd0, 0x0, 0x0, 0x8, 0xfd, 0xff, 0x60, 0x0,
    0x0, 0x1, 0xff, 0xff, 0x0, 0x0, 0x0, 0x0,
    0xaf, 0xf9, 0x0, 0x0, 0x0, 0x0, 0x5f, 0xf2,
    0x0, 0x0, 0x0, 0x0, 0xaf, 0xc0, 0x0, 0x0,
    0x5, 0x47, 0xff, 0x40, 0x0, 0x0, 0xe, 0xff,
    0xfb, 0x0, 0x0, 0x0, 0x1a, 0xef, 0xa1, 0x0,
    0x0, 0x0,

    /* U+00FE "þ" */
    0xbf, 0xa0, 0x0, 0x0, 0x0, 0xb, 0xfa, 0x0,
    0x0, 0x0, 0x0, 0xbf, 0xa0, 0x0, 0x0, 0x0,
    0xb, 0xfa, 0x0, 0x0, 0x0, 0x0, 0xbf, 0xa2,
    0xbf, 0xeb, 0x30, 0xb, 0xfc, 0xef, 0xff, 0xff,
    0x50, 0xbf, 0xfe, 0x64, 0x7f, 0xff, 0x1b, 0xff,
    0x30, 0x0, 0x4f, 0xf6, 0xbf, 0xc0, 0x0, 0x0,
    0xdf, 0x9b, 0xfa, 0x0, 0x0, 0xb, 0xfb, 0xbf,
    0xc0, 0x0, 0x0, 0xdf, 0x9b, 0xff, 0x30, 0x0,
    0x4f, 0xf6, 0xbf, 0xfe, 0x63, 0x7f, 0xfe, 0x1b,
    0xfc, 0xef, 0xff, 0xff, 0x50, 0xbf, 0xa2, 0xbf,
    0xeb, 0x30, 0xb, 0xfa, 0x0, 0x0, 0x0, 0x0,
    0xbf, 0xa0, 0x0, 0x0, 0x0, 0xb, 0xfa, 0x0,
    0x0, 0x0, 0x0, 0xbf, 0xa0, 0x0, 0x0, 0x0,
    0x0,

    /* U+00FF "ÿ" */
    0x0, 0x36, 0x0, 0x1, 0x71, 0x0, 0x0, 0xff,
    0x50, 0xa, 0xfb, 0x0, 0x0, 0xcf, 0x30, 0x7,
    0xf7, 0x0, 0x0, 0x0, 0x0, 0x0, 0x0, 0x0,
    0x0, 0x0, 0x0, 0x0, 0x0, 0x0, 0xaf, 0xe0,
    0x0, 0x0, 0x3f, 0xf5, 0x3f, 0xf4, 0x0, 0x0,
    0x9f, 0xe0, 0xc, 0xfb, 0x0, 0x0, 0xff, 0x80,
    0x4, 0xff, 0x20, 0x6, 0xff, 0x10, 0x0, 0xdf,
    0x80, 0xd, 0xfb, 0x0, 0x0, 0x6f, 0xe0, 0x3f,
    0xf4, 0x0, 0x0, 0xe, 0xf5, 0xaf, 0xd0, 0x0,
    0x0, 0x8, 0xfd, 0xff, 0x60, 0x0, 0x0, 0x1,
    0xff, 0xff, 0x0, 0x0, 0x0, 0x0, 0xaf, 0xf9,
    0x0, 0x0, 0x0, 0x0, 0x5f, 0xf2, 0x0, 0x0,
    0x0, 0x0, 0xaf, 0xc0, 0x0, 0x0, 0x5, 0x47,
    0xff, 0x40, 0x0, 0x0, 0xe, 0xff, 0xfb, 0x0,
    0x0, 0x0, 0x1a, 0xef, 0xa1, 0x0, 0x0, 0x0,

    /* U+2013 "–" */
    0x11, 0x11, 0x11, 0x11, 0x11, 0x10, 0xff, 0xff,
    0xff, 0xff, 0xff, 0xf8, 0xff, 0xff, 0xff, 0xff,
    0xff, 0xf8,

    /* U+2014 "—" */
    0x11, 0x11, 0x11, 0x11, 0x11, 0x11, 0x11, 0x11,
    0x11, 0x11, 0x11, 0x10, 0xff, 0xff, 0xff, 0xff,
    0xff, 0xff, 0xff, 0xff, 0xff, 0xff, 0xff, 0xf1,
    0xff, 0xff, 0xff, 0xff, 0xff, 0xff, 0xff, 0xff,
    0xff, 0xff, 0xff, 0xf1,

    /* U+2018 "‘" */
    0x1, 0xfd, 0x7, 0xf9, 0xd, 0xf5, 0x3f, 0xf1,
    0x8e, 0xb0,

    /* U+2019 "’" */
    0x9, 0xfd, 0x0, 0xdf, 0x70, 0x1f, 0xf1, 0x5,
    0xfa, 0x0, 0x8e, 0x40, 0x0,

    /* U+201A "‚" */
    0x2, 0xee, 0x30, 0x6f, 0xe0, 0xa, 0xf8, 0x0,
    0xef, 0x20, 0x2f, 0xb0, 0x0,

    /* U+201C "“" */
    0x1, 0xfd, 0x5, 0xf8, 0x7, 0xf9, 0xb, 0xf4,
    0xd, 0xf5, 0x1f, 0xf0, 0x3f, 0xf1, 0x8f, 0xc0,
    0x8d, 0xb0, 0xbd, 0x70,

    /* U+201D "”" */
    0x8, 0xfd, 0xd, 0xf9, 0xd, 0xf7, 0x1f, 0xf2,
    0x1f, 0xf1, 0x5f, 0xc0, 0x5f, 0xb0, 0x9f, 0x60,
    0x8e, 0x40, 0xcd, 0x0,

    /* U+2022 "•" */
    0x4, 0xcc, 0x40, 0x2f, 0xff, 0xf2, 0x5f, 0xff,
    0xf5, 0x2f, 0xff, 0xf2, 0x6, 0xee, 0x50,

    /* U+2026 "…" */
    0x0, 0x0, 0x0, 0x0, 0x0, 0x0, 0x0, 0x9,
    0xf7, 0x1, 0xde, 0x20, 0x6f, 0xa0, 0xf, 0xfd,
    0x5, 0xff, 0x70, 0xcf, 0xf1, 0x9, 0xf7, 0x1,
    0xde, 0x20, 0x5f, 0xa0,

    /* U+20AC "€" */
    0x0, 0x0, 0x4, 0xbe, 0xfd, 0x81, 0x0, 0x0,
    0x0, 0xaf, 0xff, 0xff, 0xfe, 0x30, 0x0, 0x9,
    0xff, 0xc6, 0x59, 0xff, 0xe1, 0x0, 0x2f, 0xfb,
    0x0, 0x0, 0x2f, 0xf5, 0x11, 0xaf, 0xf3, 0x11,
    0x11, 0x2, 0x0, 0xaf, 0xff, 0xff, 0xff, 0xfc,
    0x0, 0x0, 0x34, 0xff, 0xc4, 0x44, 0x43, 0x0,
    0x0, 0x2, 0xff, 0x81, 0x11, 0x11, 0x0, 0x0,
    0xaf, 0xff, 0xff, 0xff, 0xfc, 0x0, 0x0, 0x24,
    0xff, 0xf4, 0x44, 0x43, 0x0, 0x0, 0x0, 0x8f,
    0xf1, 0x0, 0x0, 0xb, 0xa3, 0x0, 0x2f, 0xfb,
    0x0, 0x0, 0x6f, 0xf5, 0x0, 0x9, 0xff, 0xc6,
    0x59, 0xff, 0xc0, 0x0, 0x0, 0xaf, 0xff, 0xff,
    0xfc, 0x10, 0x0, 0x0, 0x4, 0xbe, 0xfd, 0x70,
    0x0,

    /* U+2212 "−" */
    0x0, 0x0, 0x0, 0x0, 0x3, 0xff, 0xff, 0xff,
    0xfd, 0x3f, 0xff, 0xff, 0xff, 0xc0
};


/*---------------------
 *  GLYPH DESCRIPTION
 *--------------------*/

static const lv_font_fmt_txt_glyph_dsc_t glyph_dsc[] = {
    {.bitmap_index = 0, .adv_w = 0, .box_w = 0, .box_h = 0, .ofs_x = 0, .ofs_y = 0} /* id = 0 reserved */,
    {.bitmap_index = 0, .adv_w = 81, .box_w = 0, .box_h = 0, .ofs_x = 0, .ofs_y = 0},
    {.bitmap_index = 0, .adv_w = 103, .box_w = 4, .box_h = 15, .ofs_x = 1, .ofs_y = 0},
    {.bitmap_index = 30, .adv_w = 126, .box_w = 6, .box_h = 6, .ofs_x = 1, .ofs_y = 9},
    {.bitmap_index = 48, .adv_w = 212, .box_w = 14, .box_h = 15, .ofs_x = 0, .ofs_y = 0},
    {.bitmap_index = 153, .adv_w = 187, .box_w = 11, .box_h = 20, .ofs_x = 0, .ofs_y = -2},
    {.bitmap_index = 263, .adv_w = 269, .box_w = 16, .box_h = 15, .ofs_x = 0, .ofs_y = 0},
    {.bitmap_index = 383, .adv_w = 217, .box_w = 14, .box_h = 15, .ofs_x = 0, .ofs_y = 0},
    {.bitmap_index = 488, .adv_w = 76, .box_w = 3, .box_h = 6, .ofs_x = 1, .ofs_y = 9},
    {.bitmap_index = 497, .adv_w = 124, .box_w = 6, .box_h = 20, .ofs_x = 1, .ofs_y = -2},
    {.bitmap_index = 557, .adv_w = 124, .box_w = 7, .box_h = 20, .ofs_x = 0, .ofs_y = -2},
    {.bitmap_index = 627, .adv_w = 163, .box_w = 8, .box_h = 8, .ofs_x = 1, .ofs_y = 7},
    {.bitmap_index = 659, .adv_w = 211, .box_w = 11, .box_h = 10, .ofs_x = 1, .ofs_y = 1},
    {.bitmap_index = 714, .adv_w = 82, .box_w = 5, .box_h = 5, .ofs_x = 0, .ofs_y = -2},
    {.bitmap_index = 727, .adv_w = 138, .box_w = 7, .box_h = 3, .ofs_x = 1, .ofs_y = 5},
    {.bitmap_index = 738, .adv_w = 78, .box_w = 4, .box_h = 4, .ofs_x = 0, .ofs_y = 0},
    {.bitmap_index = 746, .adv_w = 139, .box_w = 9, .box_h = 18, .ofs_x = 0, .ofs_y = -2},
    {.bitmap_index = 827, .adv_w = 217, .box_w = 13, .box_h = 15, .ofs_x = 0, .ofs_y = 0},
    {.bitmap_index = 925, .adv_w = 141, .box_w = 6, .box_h = 15, .ofs_x = 1, .ofs_y = 0},
    {.bitmap_index = 970, .adv_w = 192, .box_w = 11, .box_h = 15, .ofs_x = 0, .ofs_y = 0},
    {.bitmap_index = 1053, .adv_w = 185, .box_w = 11, .box_h = 15, .ofs_x = 0, .ofs_y = 0},
    {.bitmap_index = 1136, .adv_w = 211, .box_w = 13, .box_h = 15, .ofs_x = 0, .ofs_y = 0},
    {.bitmap_index = 1234, .adv_w = 194, .box_w = 11, .box_h = 15, .ofs_x = 1, .ofs_y = 0},
    {.bitmap_index = 1317, .adv_w = 193, .box_w = 12, .box_h = 15, .ofs_x = 0, .ofs_y = 0},
    {.bitmap_index = 1407, .adv_w = 184, .box_w = 11, .box_h = 15, .ofs_x = 0, .ofs_y = 0},
    {.bitmap_index = 1490, .adv_w = 206, .box_w = 12, .box_h = 15, .ofs_x = 0, .ofs_y = 0},
    {.bitmap_index = 1580, .adv_w = 193, .box_w = 12, .box_h = 15, .ofs_x = 0, .ofs_y = 0},
    {.bitmap_index = 1670, .adv_w = 95, .box_w = 4, .box_h = 11, .ofs_x = 1, .ofs_y = 0},
    {.bitmap_index = 1692, .adv_w = 96, .box_w = 5, .box_h = 13, .ofs_x = 0, .ofs_y = -2},
    {.bitmap_index = 1725, .adv_w = 211, .box_w = 9, .box_h = 10, .ofs_x = 2, .ofs_y = 1},
    {.bitmap_index = 1770, .adv_w = 211, .box_w = 9, .box_h = 6, .ofs_x = 2, .ofs_y = 3},
    {.bitmap_index = 1797, .adv_w = 211, .box_w = 9, .box_h = 10, .ofs_x = 2, .ofs_y = 1},
    {.bitmap_index = 1842, .adv_w = 171, .box_w = 10, .box_h = 15, .ofs_x = 0, .ofs_y = 0},
    {.bitmap_index = 1917, .adv_w = 333, .box_w = 20, .box_h = 19, .ofs_x = 0, .ofs_y = -4},
    {.bitmap_index = 2107, .adv_w = 235, .box_w = 15, .box_h = 15, .ofs_x = 0, .ofs_y = 0},
    {.bitmap_index = 2220, .adv_w = 206, .box_w = 12, .box_h = 15, .ofs_x = 1, .ofs_y = 0},
    {.bitmap_index = 2310, .adv_w = 243, .box_w = 15, .box_h = 15, .ofs_x = 0, .ofs_y = 0},
    {.bitmap_index = 2423, .adv_w = 234, .box_w = 13, .box_h = 15, .ofs_x = 1, .ofs_y = 0},
    {.bitmap_index = 2521, .adv_w = 198, .box_w = 10, .box_h = 15, .ofs_x = 1, .ofs_y = 0},
    {.bitmap_index = 2596, .adv_w = 185, .box_w = 10, .box_h = 15, .ofs_x = 1, .ofs_y = 0},
    {.bitmap_index = 2671, .adv_w = 252, .box_w = 16, .box_h = 15, .ofs_x = 0, .ofs_y = 0},
    {.bitmap_index = 2791, .adv_w = 252, .box_w = 13, .box_h = 15, .ofs_x = 1, .ofs_y = 0},
    {.bitmap_index = 2889, .adv_w = 95, .box_w = 4, .box_h = 15, .ofs_x = 1, .ofs_y = 0},
    {.bitmap_index = 2919, .adv_w = 180, .box_w = 10, .box_h = 15, .ofs_x = 0, .ofs_y = 0},
    {.bitmap_index = 2994, .adv_w = 216, .box_w = 13, .box_h = 15, .ofs_x = 1, .ofs_y = 0},
    {.bitmap_index = 3092, .adv_w = 178, .box_w = 10, .box_h = 15, .ofs_x = 1, .ofs_y = 0},
    {.bitmap_index = 3167, .adv_w = 287, .box_w = 16, .box_h = 15, .ofs_x = 1, .ofs_y = 0},
    {.bitmap_index = 3287, .adv_w = 260, .box_w = 14, .box_h = 15, .ofs_x = 1, .ofs_y = 0},
    {.bitmap_index = 3392, .adv_w = 263, .box_w = 16, .box_h = 15, .ofs_x = 0, .ofs_y = 0},
    {.bitmap_index = 3512, .adv_w = 200, .box_w = 12, .box_h = 15, .ofs_x = 1, .ofs_y = 0},
    {.bitmap_index = 3602, .adv_w = 264, .box_w = 16, .box_h = 16, .ofs_x = 0, .ofs_y = -1},
    {.bitmap_index = 3730, .adv_w = 214, .box_w = 12, .box_h = 15, .ofs_x = 1, .ofs_y = 0},
    {.bitmap_index = 3820, .adv_w = 205, .box_w = 12, .box_h = 15, .ofs_x = 0, .ofs_y = 0},
    {.bitmap_index = 3910, .adv_w = 192, .box_w = 12, .box_h = 15, .ofs_x = 0, .ofs_y = 0},
    {.bitmap_index = 4000, .adv_w = 237, .box_w = 13, .box_h = 15, .ofs_x = 1, .ofs_y = 0},
    {.bitmap_index = 4098, .adv_w = 239, .box_w = 15, .box_h = 15, .ofs_x = 0, .ofs_y = 0},
    {.bitmap_index = 4211, .adv_w = 328, .box_w = 21, .box_h = 15, .ofs_x = 0, .ofs_y = 0},
    {.bitmap_index = 4369, .adv_w = 219, .box_w = 14, .box_h = 15, .ofs_x = 0, .ofs_y = 0},
    {.bitmap_index = 4474, .adv_w = 212, .box_w = 14, .box_h = 15, .ofs_x = 0, .ofs_y = 0},
    {.bitmap_index = 4579, .adv_w = 213, .box_w = 13, .box_h = 15, .ofs_x = 0, .ofs_y = 0},
    {.bitmap_index = 4677, .adv_w = 113, .box_w = 5, .box_h = 20, .ofs_x = 1, .ofs_y = -2},
    {.bitmap_index = 4727, .adv_w = 139, .box_w = 9, .box_h = 18, .ofs_x = 0, .ofs_y = -2},
    {.bitmap_index = 4808, .adv_w = 113, .box_w = 5, .box_h = 20, .ofs_x = 1, .ofs_y = -2},
    {.bitmap_index = 4858, .adv_w = 191, .box_w = 10, .box_h = 7, .ofs_x = 1, .ofs_y = 8},
    {.bitmap_index = 4893, .adv_w = 146, .box_w = 9, .box_h = 3, .ofs_x = 0, .ofs_y = -2},
    {.bitmap_index = 4907, .adv_w = 83, .box_w = 6, .box_h = 3, .ofs_x = 0, .ofs_y = 12},
    {.bitmap_index = 4916, .adv_w = 176, .box_w = 10, .box_h = 11, .ofs_x = 0, .ofs_y = 0},
    {.bitmap_index = 4971, .adv_w = 199, .box_w = 11, .box_h = 15, .ofs_x = 1, .ofs_y = 0},
    {.bitmap_index = 5054, .adv_w = 183, .box_w = 11, .box_h = 11, .ofs_x = 0, .ofs_y = 0},
    {.bitmap_index = 5115, .adv_w = 199, .box_w = 12, .box_h = 15, .ofs_x = 0, .ofs_y = 0},
    {.bitmap_index = 5205, .adv_w = 185, .box_w = 12, .box_h = 11, .ofs_x = 0, .ofs_y = 0},
    {.bitmap_index = 5271, .adv_w = 129, .box_w = 9, .box_h = 15, .ofs_x = 0, .ofs_y = 0},
    {.bitmap_index = 5339, .adv_w = 200, .box_w = 12, .box_h = 15, .ofs_x = 0, .ofs_y = -4},
    {.bitmap_index = 5429, .adv_w = 190, .box_w = 10, .box_h = 15, .ofs_x = 1, .ofs_y = 0},
    {.bitmap_index = 5504, .adv_w = 84, .box_w = 4, .box_h = 16, .ofs_x = 1, .ofs_y = 0},
    {.bitmap_index = 5536, .adv_w = 95, .box_w = 7, .box_h = 20, .ofs_x = -2, .ofs_y = -4},
    {.bitmap_index = 5606, .adv_w = 174, .box_w = 10, .box_h = 15, .ofs_x = 1, .ofs_y = 0},
    {.bitmap_index = 5681, .adv_w = 79, .box_w = 3, .box_h = 15, .ofs_x = 1, .ofs_y = 0},
    {.bitmap_index = 5704, .adv_w = 290, .box_w = 17, .box_h = 11, .ofs_x = 1, .ofs_y = 0},
    {.bitmap_index = 5798, .adv_w = 190, .box_w = 10, .box_h = 11, .ofs_x = 1, .ofs_y = 0},
    {.bitmap_index = 5853, .adv_w = 195, .box_w = 12, .box_h = 11, .ofs_x = 0, .ofs_y = 0},
    {.bitmap_index = 5919, .adv_w = 201, .box_w = 11, .box_h = 15, .ofs_x = 1, .ofs_y = -4},
    {.bitmap_index = 6002, .adv_w = 197, .box_w = 12, .box_h = 15, .ofs_x = 0, .ofs_y = -4},
    {.bitmap_index = 6092, .adv_w = 122, .box_w = 7, .box_h = 11, .ofs_x = 1, .ofs_y = 0},
    {.bitmap_index = 6131, .adv_w = 157, .box_w = 10, .box_h = 11, .ofs_x = 0, .ofs_y = 0},
    {.bitmap_index = 6186, .adv_w = 132, .box_w = 8, .box_h = 15, .ofs_x = 0, .ofs_y = 0},
    {.bitmap_index = 6246, .adv_w = 190, .box_w = 10, .box_h = 11, .ofs_x = 1, .ofs_y = 0},
    {.bitmap_index = 6301, .adv_w = 182, .box_w = 12, .box_h = 11, .ofs_x = 0, .ofs_y = 0},
    {.bitmap_index = 6367, .adv_w = 274, .box_w = 17, .box_h = 11, .ofs_x = 0, .ofs_y = 0},
    {.bitmap_index = 6461, .adv_w = 172, .box_w = 11, .box_h = 11, .ofs_x = 0, .ofs_y = 0},
    {.bitmap_index = 6522, .adv_w = 187, .box_w = 12, .box_h = 15, .ofs_x = 0, .ofs_y = -4},
    {.bitmap_index = 6612, .adv_w = 162, .box_w = 10, .box_h = 11, .ofs_x = 0, .ofs_y = 0},
    {.bitmap_index = 6667, .adv_w = 131, .box_w = 7, .box_h = 19, .ofs_x = 1, .ofs_y = -2},
    {.bitmap_index = 6734, .adv_w = 86, .box_w = 3, .box_h = 22, .ofs_x = 1, .ofs_y = -4},
    {.bitmap_index = 6767, .adv_w = 131, .box_w = 7, .box_h = 19, .ofs_x = 1, .ofs_y = -2},
    {.bitmap_index = 6834, .adv_w = 211, .box_w = 12, .box_h = 5, .ofs_x = 1, .ofs_y = 4},
    {.bitmap_index = 6864, .adv_w = 81, .box_w = 0, .box_h = 0, .ofs_x = 0, .ofs_y = 0},
    {.bitmap_index = 6864, .adv_w = 100, .box_w = 4, .box_h = 15, .ofs_x = 1, .ofs_y = -4},
    {.bitmap_index = 6894, .adv_w = 181, .box_w = 11, .box_h = 15, .ofs_x = 0, .ofs_y = 0},
    {.bitmap_index = 6977, .adv_w = 198, .box_w = 12, .box_h = 15, .ofs_x = 0, .ofs_y = 0},
    {.bitmap_index = 7067, .adv_w = 195, .box_w = 10, .box_h = 10, .ofs_x = 1, .ofs_y = 2},
    {.bitmap_index = 7117, .adv_w = 193, .box_w = 12, .box_h = 15, .ofs_x = 0, .ofs_y = 0},
    {.bitmap_index = 7207, .adv_w = 98, .box_w = 3, .box_h = 22, .ofs_x = 2, .ofs_y = -4},
    {.bitmap_index = 7240, .adv_w = 182, .box_w = 9, .box_h = 17, .ofs_x = 1, .ofs_y = -2},
    {.bitmap_index = 7317, .adv_w = 157, .box_w = 9, .box_h = 3, .ofs_x = 0, .ofs_y = 13},
    {.bitmap_index = 7331, .adv_w = 269, .box_w = 16, .box_h = 16, .ofs_x = 0, .ofs_y = 0},
    {.bitmap_index = 7459, .adv_w = 113, .box_w = 7, .box_h = 7, .ofs_x = 0, .ofs_y = 8},
    {.bitmap_index = 7484, .adv_w = 202, .box_w = 11, .box_h = 9, .ofs_x = 1, .ofs_y = 2},
    {.bitmap_index = 7534, .adv_w = 211, .box_w = 9, .box_h = 6, .ofs_x = 2, .ofs_y = 3},
    {.bitmap_index = 7561, .adv_w = 208, .box_w = 13, .box_h = 13, .ofs_x = 0, .ofs_y = 3},
    {.bitmap_index = 7646, .adv_w = 101, .box_w = 8, .box_h = 3, .ofs_x = -1, .ofs_y = 12},
    {.bitmap_index = 7658, .adv_w = 126, .box_w = 7, .box_h = 6, .ofs_x = 0, .ofs_y = 9},
    {.bitmap_index = 7679, .adv_w = 211, .box_w = 11, .box_h = 12, .ofs_x = 1, .ofs_y = 0},
    {.bitmap_index = 7745, .adv_w = 123, .box_w = 7, .box_h = 9, .ofs_x = 0, .ofs_y = 8},
    {.bitmap_index = 7777, .adv_w = 119, .box_w = 7, .box_h = 9, .ofs_x = 0, .ofs_y = 8},
    {.bitmap_index = 7809, .adv_w = 83, .box_w = 6, .box_h = 3, .ofs_x = 0, .ofs_y = 12},
    {.bitmap_index = 7818, .adv_w = 190, .box_w = 10, .box_h = 15, .ofs_x = 1, .ofs_y = -4},
    {.bitmap_index = 7893, .adv_w = 192, .box_w = 11, .box_h = 17, .ofs_x = 0, .ofs_y = -2},
    {.bitmap_index = 7987, .adv_w = 87, .box_w = 4, .box_h = 4, .ofs_x = 1, .ofs_y = 6},
    {.bitmap_index = 7995, .adv_w = 76, .box_w = 5, .box_h = 6, .ofs_x = 0, .ofs_y = -5},
    {.bitmap_index = 8010, .adv_w = 94, .box_w = 5, .box_h = 9, .ofs_x = 0, .ofs_y = 8},
    {.bitmap_index = 8033, .adv_w = 122, .box_w = 8, .box_h = 7, .ofs_x = 0, .ofs_y = 8},
    {.bitmap_index = 8061, .adv_w = 202, .box_w = 11, .box_h = 9, .ofs_x = 1, .ofs_y = 2},
    {.bitmap_index = 8111, .adv_w = 280, .box_w = 18, .box_h = 16, .ofs_x = 0, .ofs_y = 0},
    {.bitmap_index = 8255, .adv_w = 291, .box_w = 18, .box_h = 16, .ofs_x = 0, .ofs_y = 0},
    {.bitmap_index = 8399, .adv_w = 305, .box_w = 19, .box_h = 16, .ofs_x = 0, .ofs_y = 0},
    {.bitmap_index = 8551, .adv_w = 157, .box_w = 10, .box_h = 15, .ofs_x = 0, .ofs_y = -4},
    {.bitmap_index = 8626, .adv_w = 235, .box_w = 15, .box_h = 19, .ofs_x = 0, .ofs_y = 0},
    {.bitmap_index = 8769, .adv_w = 235, .box_w = 15, .box_h = 19, .ofs_x = 0, .ofs_y = 0},
    {.bitmap_index = 8912, .adv_w = 235, .box_w = 15, .box_h = 19, .ofs_x = 0, .ofs_y = 0},
    {.bitmap_index = 9055, .adv_w = 235, .box_w = 15, .box_h = 19, .ofs_x = 0, .ofs_y = 0},
    {.bitmap_index = 9198, .adv_w = 235, .box_w = 15, .box_h = 20, .ofs_x = 0, .ofs_y = 0},
    {.bitmap_index = 9348, .adv_w = 235, .box_w = 15, .box_h = 21, .ofs_x = 0, .ofs_y = 0},
    {.bitmap_index = 9506, .adv_w = 340, .box_w = 20, .box_h = 15, .ofs_x = 0, .ofs_y = 0},
    {.bitmap_index = 9656, .adv_w = 243, .box_w = 15, .box_h = 19, .ofs_x = 0, .ofs_y = -4},
    {.bitmap_index = 9799, .adv_w = 198, .box_w = 10, .box_h = 19, .ofs_x = 1, .ofs_y = 0},
    {.bitmap_index = 9894, .adv_w = 198, .box_w = 10, .box_h = 19, .ofs_x = 1, .ofs_y = 0},
    {.bitmap_index = 9989, .adv_w = 198, .box_w = 10, .box_h = 19, .ofs_x = 1, .ofs_y = 0},
    {.bitmap_index = 10084, .adv_w = 198, .box_w = 10, .box_h = 20, .ofs_x = 1, .ofs_y = 0},
    {.bitmap_index = 10184, .adv_w = 95, .box_w = 6, .box_h = 19, .ofs_x = 0, .ofs_y = 0},
    {.bitmap_index = 10241, .adv_w = 95, .box_w = 6, .box_h = 19, .ofs_x = 1, .ofs_y = 0},
    {.bitmap_index = 10298, .adv_w = 95, .box_w = 8, .box_h = 19, .ofs_x = -1, .ofs_y = 0},
    {.bitmap_index = 10374, .adv_w = 98, .box_w = 6, .box_h = 20, .ofs_x = 0, .ofs_y = 0},
    {.bitmap_index = 10434, .adv_w = 251, .box_w = 14, .box_h = 15, .ofs_x = 1, .ofs_y = 0},
    {.bitmap_index = 10539, .adv_w = 260, .box_w = 14, .box_h = 19, .ofs_x = 1, .ofs_y = 0},
    {.bitmap_index = 10672, .adv_w = 263, .box_w = 16, .box_h = 20, .ofs_x = 0, .ofs_y = 0},
    {.bitmap_index = 10832, .adv_w = 263, .box_w = 16, .box_h = 19, .ofs_x = 0, .ofs_y = 0},
    {.bitmap_index = 10984, .adv_w = 263, .box_w = 16, .box_h = 20, .ofs_x = 0, .ofs_y = 0},
    {.bitmap_index = 11144, .adv_w = 263, .box_w = 16, .box_h = 20, .ofs_x = 0, .ofs_y = 0},
    {.bitmap_index = 11304, .adv_w = 263, .box_w = 16, .box_h = 20, .ofs_x = 0, .ofs_y = 0},
    {.bitmap_index = 11464, .adv_w = 211, .box_w = 9, .box_h = 9, .ofs_x = 2, .ofs_y = 2},
    {.bitmap_index = 11505, .adv_w = 264, .box_w = 16, .box_h = 15, .ofs_x = 0, .ofs_y = 0},
    {.bitmap_index = 11625, .adv_w = 237, .box_w = 13, .box_h = 20, .ofs_x = 1, .ofs_y = 0},
    {.bitmap_index = 11755, .adv_w = 237, .box_w = 13, .box_h = 19, .ofs_x = 1, .ofs_y = 0},
    {.bitmap_index = 11879, .adv_w = 237, .box_w = 13, .box_h = 20, .ofs_x = 1, .ofs_y = 0},
    {.bitmap_index = 12009, .adv_w = 237, .box_w = 13, .box_h = 20, .ofs_x = 1, .ofs_y = 0},
    {.bitmap_index = 12139, .adv_w = 212, .box_w = 14, .box_h = 19, .ofs_x = 0, .ofs_y = 0},
    {.bitmap_index = 12272, .adv_w = 202, .box_w = 12, .box_h = 15, .ofs_x = 1, .ofs_y = 0},
    {.bitmap_index = 12362, .adv_w = 194, .box_w = 11, .box_h = 15, .ofs_x = 1, .ofs_y = 0},
    {.bitmap_index = 12445, .adv_w = 175, .box_w = 10, .box_h = 15, .ofs_x = 0, .ofs_y = 0},
    {.bitmap_index = 12520, .adv_w = 175, .box_w = 10, .box_h = 15, .ofs_x = 0, .ofs_y = 0},
    {.bitmap_index = 12595, .adv_w = 175, .box_w = 10, .box_h = 15, .ofs_x = 0, .ofs_y = 0},
    {.bitmap_index = 12670, .adv_w = 175, .box_w = 10, .box_h = 15, .ofs_x = 0, .ofs_y = 0},
    {.bitmap_index = 12745, .adv_w = 175, .box_w = 10, .box_h = 16, .ofs_x = 0, .ofs_y = 0},
    {.bitmap_index = 12825, .adv_w = 175, .box_w = 10, .box_h = 17, .ofs_x = 0, .ofs_y = 0},
    {.bitmap_index = 12910, .adv_w = 294, .box_w = 18, .box_h = 11, .ofs_x = 0, .ofs_y = 0},
    {.bitmap_index = 13009, .adv_w = 183, .box_w = 11, .box_h = 15, .ofs_x = 0, .ofs_y = -4},
    {.bitmap_index = 13092, .adv_w = 186, .box_w = 12, .box_h = 15, .ofs_x = 0, .ofs_y = 0},
    {.bitmap_index = 13182, .adv_w = 186, .box_w = 12, .box_h = 15, .ofs_x = 0, .ofs_y = 0},
    {.bitmap_index = 13272, .adv_w = 186, .box_w = 12, .box_h = 15, .ofs_x = 0, .ofs_y = 0},
    {.bitmap_index = 13362, .adv_w = 186, .box_w = 12, .box_h = 16, .ofs_x = 0, .ofs_y = 0},
    {.bitmap_index = 13458, .adv_w = 84, .box_w = 6, .box_h = 15, .ofs_x = -1, .ofs_y = 0},
    {.bitmap_index = 13503, .adv_w = 84, .box_w = 7, .box_h = 15, .ofs_x = 0, .ofs_y = 0},
    {.bitmap_index = 13556, .adv_w = 84, .box_w = 9, .box_h = 15, .ofs_x = -2, .ofs_y = 0},
    {.bitmap_index = 13624, .adv_w = 84, .box_w = 7, .box_h = 16, .ofs_x = -1, .ofs_y = 0},
    {.bitmap_index = 13680, .adv_w = 194, .box_w = 12, .box_h = 17, .ofs_x = 0, .ofs_y = 0},
    {.bitmap_index = 13782, .adv_w = 190, .box_w = 10, .box_h = 15, .ofs_x = 1, .ofs_y = 0},
    {.bitmap_index = 13857, .adv_w = 195, .box_w = 12, .box_h = 15, .ofs_x = 0, .ofs_y = 0},
    {.bitmap_index = 13947, .adv_w = 195, .box_w = 12, .box_h = 15, .ofs_x = 0, .ofs_y = 0},
    {.bitmap_index = 14037, .adv_w = 195, .box_w = 12, .box_h = 15, .ofs_x = 0, .ofs_y = 0},
    {.bitmap_index = 14127, .adv_w = 195, .box_w = 12, .box_h = 15, .ofs_x = 0, .ofs_y = 0},
    {.bitmap_index = 14217, .adv_w = 195, .box_w = 12, .box_h = 16, .ofs_x = 0, .ofs_y = 0},
    {.bitmap_index = 14313, .adv_w = 211, .box_w = 9, .box_h = 10, .ofs_x = 2, .ofs_y = 1},
    {.bitmap_index = 14358, .adv_w = 195, .box_w = 12, .box_h = 11, .ofs_x = 0, .ofs_y = 0},
    {.bitmap_index = 14424, .adv_w = 190, .box_w = 10, .box_h = 15, .ofs_x = 1, .ofs_y = 0},
    {.bitmap_index = 14499, .adv_w = 190, .box_w = 10, .box_h = 15, .ofs_x = 1, .ofs_y = 0},
    {.bitmap_index = 14574, .adv_w = 190, .box_w = 10, .box_h = 15, .ofs_x = 1, .ofs_y = 0},
    {.bitmap_index = 14649, .adv_w = 190, .box_w = 10, .box_h = 16, .ofs_x = 1, .ofs_y = 0},
    {.bitmap_index = 14729, .adv_w = 187, .box_w = 12, .box_h = 19, .ofs_x = 0, .ofs_y = -4},
    {.bitmap_index = 14843, .adv_w = 199, .box_w = 11, .box_h = 19, .ofs_x = 1, .ofs_y = -4},
    {.bitmap_index = 14948, .adv_w = 187, .box_w = 12, .box_h = 20, .ofs_x = 0, .ofs_y = -4},
    {.bitmap_index = 15068, .adv_w = 185, .box_w = 12, .box_h = 3, .ofs_x = 0, .ofs_y = 5},
    {.bitmap_index = 15086, .adv_w = 370, .box_w = 24, .box_h = 3, .ofs_x = 0, .ofs_y = 5},
    {.bitmap_index = 15122, .adv_w = 69, .box_w = 4, .box_h = 5, .ofs_x = 0, .ofs_y = 10},
    {.bitmap_index = 15132, .adv_w = 69, .box_w = 5, .box_h = 5, .ofs_x = 0, .ofs_y = 10},
    {.bitmap_index = 15145, .adv_w = 79, .box_w = 5, .box_h = 5, .ofs_x = 0, .ofs_y = -2},
    {.bitmap_index = 15158, .adv_w = 128, .box_w = 8, .box_h = 5, .ofs_x = 0, .ofs_y = 10},
    {.bitmap_index = 15178, .adv_w = 128, .box_w = 8, .box_h = 5, .ofs_x = 0, .ofs_y = 10},
    {.bitmap_index = 15198, .adv_w = 160, .box_w = 6, .box_h = 5, .ofs_x = 2, .ofs_y = 4},
    {.bitmap_index = 15213, .adv_w = 225, .box_w = 14, .box_h = 4, .ofs_x = 0, .ofs_y = 0},
    {.bitmap_index = 15241, .adv_w = 229, .box_w = 14, .box_h = 15, .ofs_x = 0, .ofs_y = 0},
    {.bitmap_index = 15346, .adv_w = 211, .box_w = 9, .box_h = 3, .ofs_x = 2, .ofs_y = 5}
};

/*---------------------
 *  CHARACTER MAPPING
 *--------------------*/

static const uint16_t unicode_list_3[] = {
    0x0, 0x1, 0x5, 0x6, 0x7, 0x9, 0xa, 0xf,
    0x13, 0x99, 0x1ff
};

/*Collect the unicode lists and glyph_id offsets*/
static const lv_font_fmt_txt_cmap_t cmaps[] =
{
    {
        .range_start = 32, .range_length = 95, .glyph_id_start = 1,
        .unicode_list = NULL, .glyph_id_ofs_list = NULL, .list_length = 0, .type = LV_FONT_FMT_TXT_CMAP_FORMAT0_TINY
    },
    {
        .range_start = 160, .range_length = 13, .glyph_id_start = 96,
        .unicode_list = NULL, .glyph_id_ofs_list = NULL, .list_length = 0, .type = LV_FONT_FMT_TXT_CMAP_FORMAT0_TINY
    },
    {
        .range_start = 174, .range_length = 82, .glyph_id_start = 109,
        .unicode_list = NULL, .glyph_id_ofs_list = NULL, .list_length = 0, .type = LV_FONT_FMT_TXT_CMAP_FORMAT0_TINY
    },
    {
        .range_start = 8211, .range_length = 512, .glyph_id_start = 191,
        .unicode_list = unicode_list_3, .glyph_id_ofs_list = NULL, .list_length = 11, .type = LV_FONT_FMT_TXT_CMAP_SPARSE_TINY
    }
};

/*-----------------
 *    KERNING
 *----------------*/


/*Map glyph_ids to kern left classes*/
static const uint8_t kern_left_class_mapping[] =
{
    0, 0, 0, 0, 0, 0, 0, 0,
    0, 1, 0, 0, 0, 0, 0, 0,
    0, 0, 0, 0, 0, 0, 0, 0,
    0, 0, 0, 0, 0, 0, 0, 0,
    0, 0, 2, 0, 0, 3, 0, 4,
    5, 0, 0, 0, 6, 7, 0, 0,
    8, 9, 0, 10, 0, 11, 3, 12,
    13, 14, 15, 0, 0, 0, 0, 0,
    0, 0, 16, 17, 17, 0, 17, 18,
    0, 16, 0, 0, 19, 0, 16, 20,
    17, 17, 0, 0, 21, 22, 0, 23,
    23, 24, 23, 0, 0, 0, 0, 0,
    0, 0, 0, 0, 0, 0, 0, 0,
    0, 0, 0, 0, 0, 0, 0, 0,
    0, 0, 0, 0, 0, 0, 0, 0,
    0, 0, 0, 0, 0, 0, 0, 25,
    25, 25, 25, 25, 25, 0, 0, 0,
    0, 0, 0, 0, 0, 0, 0, 3,
    0, 3, 3, 3, 3, 3, 0, 3,
    3, 3, 3, 3, 26, 0, 0, 16,
    16, 16, 16, 16, 16, 17, 17, 17,
    17, 17, 17, 0, 0, 0, 0, 0,
    16, 17, 17, 17, 17, 17, 0, 17,
    0, 0, 0, 0, 23, 17, 23, 0,
    0, 0, 27, 0, 0, 0, 0, 0,
    0, 0
};

/*Map glyph_ids to kern right classes*/
static const uint8_t kern_right_class_mapping[] =
{
    0, 0, 0, 0, 0, 0, 0, 0,
    0, 0, 1, 0, 0, 0, 0, 0,
    0, 0, 0, 0, 0, 0, 0, 0,
    0, 0, 0, 0, 0, 0, 0, 0,
    0, 0, 2, 0, 3, 0, 0, 0,
    4, 0, 5, 0, 0, 0, 0, 0,
    6, 0, 0, 0, 0, 7, 0, 8,
    9, 0, 10, 0, 0, 0, 0, 0,
    0, 0, 11, 0, 11, 11, 11, 0,
    11, 0, 0, 12, 0, 0, 13, 13,
    11, 13, 11, 13, 14, 0, 13, 15,
    15, 16, 15, 17, 0, 0, 0, 0,
    0, 0, 0, 0, 0, 0, 0, 0,
    0, 0, 0, 0, 0, 0, 0, 0,
    0, 0, 0, 0, 0, 0, 0, 0,
    0, 0, 0, 0, 0, 0, 0, 0,
    0, 0, 0, 0, 0, 0, 0, 0,
    0, 0, 0, 0, 0, 0, 0, 0,
    0, 0, 0, 0, 0, 0, 0, 0,
    0, 0, 0, 0, 18, 0, 0, 11,
    11, 11, 11, 0, 11, 11, 11, 11,
    11, 11, 11, 0, 0, 0, 0, 11,
    13, 11, 11, 11, 11, 11, 0, 11,
    13, 13, 13, 13, 15, 0, 15, 0,
    0, 0, 19, 0, 0, 0, 0, 0,
    0, 0
};

/*Kern values between classes*/
static const int8_t kern_class_values[] =
{
    0, 0, 0, 0, 0, 0, 0, 0,
    0, 0, -3, 0, -1, -1, 0, 0,
    -1, 0, 0, 0, 0, -8, -11, 0,
    -8, -11, -22, -18, -9, -3, 0, 0,
    0, -10, 0, 0, 0, 0, 0, 0,
    0, 0, 0, 0, -5, -5, -5, -5,
    0, 0, 0, 0, 0, 0, 0, -5,
    0, 0, 0, 0, 0, 0, 0, 0,
    0, 0, 0, -2, -1, -3, -3, -1,
    0, -3, 0, 0, 0, -6, 0, 0,
    -4, 0, 0, 0, 0, 0, 0, 0,
    0, 0, 0, 0, 0, 0, 0, 0,
    0, 0, 0, 0, 0, 0, 0, 0,
    0, -7, 0, -2, -2, -7, 0, -2,
    0, 0, 0, 0, 0, 0, 0, -5,
    -28, 0, 0, -11, 0, 0, 0, 0,
    -4, 0, 0, 0, 0, 0, 0, 0,
    0, 0, 0, -5, -5, -5, -7, 0,
    0, 0, 0, 0, 0, 0, -5, 0,
    0, 0, 0, 0, 0, 0, 0, 0,
    0, 0, -3, 0, -1, -1, 0, 0,
    -1, 0, 0, 0, 1, 0, 0, 0,
    0, -3, 0, 0, 0, 0, 0, 0,
    0, -4, 0, 0, 0, 0, 0, -22,
    0, 0, 0, 0, 0, 0, 0, 0,
    -22, 0, -14, -14, -10, 0, -10, 0,
    0, 0, -22, 0, 0, 0, -3, 0,
    0, 0, 0, -13, 0, -4, -4, 0,
    0, -4, 0, 0, 0, -18, 0, 0,
    0, 0, 0, 0, 0, 0, -14, 0,
    -3, -3, -1, 0, -3, 0, 0, 0,
    0, 0, 0, 0, 0, 0, 0, 0,
    0, -10, 0, 0, 0, -7, 0, 0,
    0, 0, 0, 0, 0, 0, 0, 0,
    0, 0, 0, 0, -26, 0, -14, -14,
    -9, 0, -15, 0, 0, 0, 0, 0,
    0, 0, 0, 0, 0, 0, 0, 0,
    0, 0, 0, -4, 0, 0, 0, 0,
    -3, 0, 0, 0, 0, 0, 0, 0,
    0, 0, 0, 0, 0, 0, -6, -4,
    0, 0, 0, 0, 0, 0, 0, 0,
    0, 0, 0, 0, 0, -3, 0, 0,
    0, 0, 0, 0, 0, 0, -1, 0,
    0, 0, 0, 0, 0, 0, 0, 0,
    -7, 0, 0, 0, 0, 0, 0, 0,
    0, -1, 0, 0, 0, 0, 0, 0,
    0, 0, 0, 0, 0, 0, 0, -4,
    0, 0, 0, 0, 0, 0, 0, 0,
    0, 0, 0, 0, 0, 0, 0, 0,
    0, 0, 0, 0, 0, 0, 0, 0,
    0, 0, 0, 0, 0, 0, 0, 0,
    0, -2, 0, 0, 0, 0, 0, 0,
    0, 0, 0, 0, 0, 0, 0, 0,
    0, 0, 0, 0, -5, 0, 0, 0,
    0, 0, 0, 0, 7, 0, 0, 0,
    0, 0, 0, 0, 0, 0, 0, -4,
    0, 0, 0, 0, 0, 0, 0, 0,
    0, 0, 0, 0, 0, 0, 0, 0,
    0, 0, 0, 0, 0, 0, -10, 0,
    0, 0, 0, 0, 0, 0, 0, 0,
    0, 0, 0, 0, 0, -8, 0, 0,
    0, 0, 0, 0, 0, 0, 0, 0,
    0, 0, 0, 0, 0, 0, 0, 0,
    0, 0, 0, -26, 0, 0, 0, 0,
    0
};


/*Collect the kern class' data in one place*/
static const lv_font_fmt_txt_kern_classes_t kern_classes =
{
    .class_pair_values   = kern_class_values,
    .left_class_mapping  = kern_left_class_mapping,
    .right_class_mapping = kern_right_class_mapping,
    .left_class_cnt      = 27,
    .right_class_cnt     = 19,
};

/*--------------------
 *  ALL CUSTOM DATA
 *--------------------*/

#if LVGL_VERSION_MAJOR == 8
/*Store all the custom data of the font*/
static  lv_font_fmt_txt_glyph_cache_t cache;
#endif

#if LVGL_VERSION_MAJOR >= 8
static const lv_font_fmt_txt_dsc_t font_dsc = {
#else
static lv_font_fmt_txt_dsc_t font_dsc = {
#endif
    .glyph_bitmap = glyph_bitmap,
    .glyph_dsc = glyph_dsc,
    .cmaps = cmaps,
    .kern_dsc = &kern_classes,
    .kern_scale = 16,
    .cmap_num = 4,
    .bpp = 4,
    .kern_classes = 1,
    .bitmap_format = 0,
#if LVGL_VERSION_MAJOR == 8
    .cache = &cache
#endif
};



/*-----------------
 *  PUBLIC FONT
 *----------------*/

/*Initialize a public general font descriptor*/
#if LVGL_VERSION_MAJOR >= 8
const lv_font_t font_21 = {
#else
lv_font_t font_21 = {
#endif
    .get_glyph_dsc = lv_font_get_glyph_dsc_fmt_txt,    /*Function pointer to get glyph's data*/
    .get_glyph_bitmap = lv_font_get_bitmap_fmt_txt,    /*Function pointer to get glyph's bitmap*/
    .line_height = 26,          /*The maximum line height required by the font*/
    .base_line = 5,             /*Baseline measured from the bottom of the line*/
#if !(LVGL_VERSION_MAJOR == 6 && LVGL_VERSION_MINOR == 0)
    .subpx = LV_FONT_SUBPX_NONE,
#endif
#if LV_VERSION_CHECK(7, 4, 0) || LVGL_VERSION_MAJOR >= 8
    .underline_position = -2,
    .underline_thickness = 1,
#endif
    .dsc = &font_dsc,          /*The custom font data. Will be accessed by `get_glyph_bitmap/dsc` */
#if LV_VERSION_CHECK(8, 2, 0) || LVGL_VERSION_MAJOR >= 9
    .fallback = NULL,
#endif
    .user_data = NULL,
};



#endif /*#if FONT_21*/

