solid OpenSCAD_Model
  facet normal 0.550846 0.824392 -0.130176
    outer loop
      vertex 58.7838 -1.03322 1
      vertex 58.223 -0.699371 0.74118
      vertex 58.24 -0.669861 1
    endloop
  endfacet
  facet normal -0.18013 -0.906488 -0.381881
    outer loop
      vertex 17.3939 -182.025 0.74118
      vertex 14.8324 -181.516 0.74118
      vertex 17.407 -181.926 0.5
    endloop
  endfacet
  facet normal 0.92388 0 -0.382683
    outer loop
      vertex 60.7059 -162.23 0.74118
      vertex 60.606 -5 0.5
      vertex 60.7059 -5 0.74118
    endloop
  endfacet
  facet normal 0.92388 0 -0.382683
    outer loop
      vertex 60.606 -5 0.5
      vertex 60.7059 -162.23 0.74118
      vertex 60.606 -162.23 0.5
    endloop
  endfacet
  facet normal 0.546351 -0.269379 -0.793055
    outer loop
      vertex 57.8069 -172.084 0.292892
      vertex 57.6275 -171.98 0.133974
      vertex 58.7556 -169.692 0.133974
    endloop
  endfacet
  facet normal 0 0.130524 -0.991445
    outer loop
      vertex 5 -1 0
      vertex 55.74 -0.74118 0.0340738
      vertex 55.74 -1 0
    endloop
  endfacet
  facet normal 0 0.130524 -0.991445
    outer loop
      vertex 55.74 -0.74118 0.0340738
      vertex 5 -1 0
      vertex 5 -0.74118 0.0340738
    endloop
  endfacet
  facet normal 0.875034 -0.29712 -0.382146
    outer loop
      vertex 60.0256 -167.398 0.74118
      vertex 59.0938 -169.832 0.5
      vertex 59.9291 -167.372 0.5
    endloop
  endfacet
  facet normal 0.991432 0 -0.130623
    outer loop
      vertex 60.74 -162.23 1
      vertex 60.7059 -5 0.74118
      vertex 60.74 -5 1
    endloop
  endfacet
  facet normal 0.991432 0 -0.130623
    outer loop
      vertex 60.7059 -5 0.74118
      vertex 60.74 -162.23 1
      vertex 60.7059 -162.23 0.74118
    endloop
  endfacet
  facet normal 0.906377 -0.180249 -0.382088
    outer loop
      vertex 60.0256 -167.398 0.74118
      vertex 59.9291 -167.372 0.5
      vertex 60.5351 -164.836 0.74118
    endloop
  endfacet
  facet normal 0.71251 -0.351303 -0.607385
    outer loop
      vertex 57.9445 -172.163 0.5
      vertex 57.8069 -172.084 0.292892
      vertex 59.0938 -169.832 0.5
    endloop
  endfacet
  facet normal 0.938857 -0.31871 -0.130273
    outer loop
      vertex 59.2176 -169.884 1
      vertex 59.1861 -169.871 0.74118
      vertex 60.0256 -167.398 0.74118
    endloop
  endfacet
  facet normal 0.972444 0.193393 -0.130203
    outer loop
      vertex 60.6634 -4.35181 0.74118
      vertex 60.5367 -3.71472 0.74118
      vertex 60.5696 -3.7059 1
    endloop
  endfacet
  facet normal 0.0648411 0.989359 -0.130246
    outer loop
      vertex 56.3926 -0.0427704 1
      vertex 55.74 -0.0340729 0.74118
      vertex 55.74 0 1
    endloop
  endfacet
  facet normal -0.154897 0.778725 -0.607943
    outer loop
      vertex 3.78171 -0.453278 0.292892
      vertex 3.74057 -0.299774 0.5
      vertex 4.36485 -0.175598 0.5
    endloop
  endfacet
  facet normal -0.108663 -0.0725934 -0.991424
    outer loop
      vertex 4.72095 -173.954 0.0340738
      vertex 3.32137 -171.859 0.0340738
      vertex 4.92628 -173.796 0
    endloop
  endfacet
  facet normal 0.769018 -0.513758 -0.380346
    outer loop
      vertex 56.58 -174.384 0.74118
      vertex 56.5008 -174.324 0.5
      vertex 57.9445 -172.163 0.5
    endloop
  endfacet
  facet normal -0.382684 0 -0.923879
    outer loop
      vertex 0.5 -162.23 0.133974
      vertex 0.74118 -5 0.0340738
      vertex 0.74118 -162.23 0.0340738
    endloop
  endfacet
  facet normal -0.382684 0 -0.923879
    outer loop
      vertex 0.74118 -5 0.0340738
      vertex 0.5 -162.23 0.133974
      vertex 0.5 -5 0.133974
    endloop
  endfacet
  facet normal -0.343987 -0.169664 -0.923519
    outer loop
      vertex 3.32137 -171.859 0.0340738
      vertex 1.98434 -169.692 0.133974
      vertex 2.20717 -169.6 0.0340738
    endloop
  endfacet
  facet normal -0.33867 0.50686 -0.792714
    outer loop
      vertex 2.75 -1.10287 0.133974
      vertex 2.26056 -1.4299 0.133974
      vertex 2.64644 -0.923523 0.292892
    endloop
  endfacet
  facet normal 0.0398665 0.608274 -0.792726
    outer loop
      vertex 56.3544 -0.33316 0.292892
      vertex 55.74 -0.5 0.133974
      vertex 55.74 -0.292892 0.292892
    endloop
  endfacet
  facet normal 0 0.793353 -0.608762
    outer loop
      vertex 55.74 -0.292892 0.292892
      vertex 5 -0.133972 0.5
      vertex 55.74 -0.133972 0.5
    endloop
  endfacet
  facet normal 0 0.793353 -0.608762
    outer loop
      vertex 5 -0.133972 0.5
      vertex 55.74 -0.292892 0.292892
      vertex 5 -0.292892 0.292892
    endloop
  endfacet
  facet normal 0.824285 -0.550812 -0.130999
    outer loop
      vertex 56.6071 -174.405 1
      vertex 56.58 -174.384 0.74118
      vertex 58.0605 -172.23 1
    endloop
  endfacet
  facet normal 1 -0 0
    outer loop
      vertex 60.74 -162.23 1.5
      vertex 60.74 -5 1
      vertex 60.74 -5 1.5
    endloop
  endfacet
  facet normal 1 0 0
    outer loop
      vertex 60.74 -5 1
      vertex 60.74 -162.23 1.5
      vertex 60.74 -162.23 1
    endloop
  endfacet
  facet normal -0.0520109 -0.793319 -0.606581
    outer loop
      vertex 20 -182.096 0.5
      vertex 17.407 -181.926 0.5
      vertex 17.4277 -181.769 0.292892
    endloop
  endfacet
  facet normal 0.318788 -0.938565 -0.132178
    outer loop
      vertex 48.3937 -180.708 1
      vertex 45.9075 -181.516 0.74118
      vertex 48.3806 -180.676 0.74118
    endloop
  endfacet
  facet normal 0.608288 -0.0398746 -0.792714
    outer loop
      vertex 60.2785 -164.802 0.292892
      vertex 60.24 -162.23 0.133974
      vertex 60.4471 -162.23 0.292892
    endloop
  endfacet
  facet normal 0.608339 0.0398745 -0.792675
    outer loop
      vertex 60.24 -5 0.133974
      vertex 60.2015 -4.41263 0.133974
      vertex 60.4068 -4.38559 0.292892
    endloop
  endfacet
  facet normal 0.824331 -0.550946 -0.130144
    outer loop
      vertex 58.0605 -172.23 1
      vertex 56.58 -174.384 0.74118
      vertex 58.031 -172.213 0.74118
    endloop
  endfacet
  facet normal 0.11741 -0.0578991 -0.991394
    outer loop
      vertex 57.4186 -171.859 0.0340738
      vertex 57.1945 -171.73 0
      vertex 58.2937 -169.501 0
    endloop
  endfacet
  facet normal 0.792178 -0.0519289 -0.608077
    outer loop
      vertex 60.4361 -164.823 0.5
      vertex 60.2785 -164.802 0.292892
      vertex 60.4471 -162.23 0.292892
    endloop
  endfacet
  facet normal -0.3187 0.938863 -0.130255
    outer loop
      vertex 3.71472 -0.203278 0.74118
      vertex 3.09961 -0.412079 0.74118
      vertex 3.7059 -0.170364 1
    endloop
  endfacet
  facet normal -0.382564 -0.0250706 -0.923589
    outer loop
      vertex 0.90593 -164.744 0.0340738
      vertex 0.5 -162.23 0.133974
      vertex 0.74118 -162.23 0.0340738
    endloop
  endfacet
  facet normal -0.991446 0 -0.130521
    outer loop
      vertex 0.0340729 -162.23 0.74118
      vertex 0 -5 1
      vertex 0.0340729 -5 0.74118
    endloop
  endfacet
  facet normal -0.991446 -0 -0.130521
    outer loop
      vertex 0 -5 1
      vertex 0.0340729 -162.23 0.74118
      vertex 0 -162.23 1
    endloop
  endfacet
  facet normal -0.123855 -0.0420501 -0.991409
    outer loop
      vertex 2.44627 -169.501 0
      vertex 1.3974 -167.215 0.0340738
      vertex 1.6474 -167.148 0
    endloop
  endfacet
  facet normal -0.130519 0.00855197 -0.991409
    outer loop
      vertex 1 -5 0
      vertex 0.777603 -4.44411 0.0340738
      vertex 1.03421 -4.47789 0
    endloop
  endfacet
  facet normal -0.778725 0.154896 -0.607943
    outer loop
      vertex 0.33316 -4.38559 0.292892
      vertex 0.175598 -4.36485 0.5
      vertex 0.453278 -3.78171 0.292892
    endloop
  endfacet
  facet normal -0.0085519 0.13052 -0.991409
    outer loop
      vertex 5 -1 0
      vertex 4.44411 -0.777603 0.0340738
      vertex 5 -0.74118 0.0340738
    endloop
  endfacet
  facet normal -0.997859 0.0653952 0
    outer loop
      vertex 0 -5 1
      vertex 0.0427704 -4.34737 1.5
      vertex 0.0427704 -4.34737 1
    endloop
  endfacet
  facet normal -0.997859 0.0653952 0
    outer loop
      vertex 0.0427704 -4.34737 1.5
      vertex 0 -5 1
      vertex 0 -5 1.5
    endloop
  endfacet
  facet normal 0 0.991446 -0.130521
    outer loop
      vertex 55.74 -0.0340729 0.74118
      vertex 5 0 1
      vertex 55.74 0 1
    endloop
  endfacet
  facet normal 0 0.991446 -0.130521
    outer loop
      vertex 5 0 1
      vertex 55.74 -0.0340729 0.74118
      vertex 5 -0.0340729 0.74118
    endloop
  endfacet
  facet normal 0.608288 0.0398984 -0.792713
    outer loop
      vertex 60.4471 -5 0.292892
      vertex 60.24 -5 0.133974
      vertex 60.4068 -4.38559 0.292892
    endloop
  endfacet
  facet normal 0.980784 0.195096 0
    outer loop
      vertex 60.6972 -4.34737 1.5
      vertex 60.5696 -3.7059 1
      vertex 60.5696 -3.7059 1.5
    endloop
  endfacet
  facet normal 0.980784 0.195096 0
    outer loop
      vertex 60.5696 -3.7059 1
      vertex 60.6972 -4.34737 1.5
      vertex 60.6972 -4.34737 1
    endloop
  endfacet
  facet normal 0.93887 0.318657 -0.130309
    outer loop
      vertex 60.5696 -3.7059 1
      vertex 60.3279 -3.09961 0.74118
      vertex 60.3594 -3.08658 1
    endloop
  endfacet
  facet normal 0.608345 -0.0398711 -0.792671
    outer loop
      vertex 60.2785 -164.802 0.292892
      vertex 60.0732 -164.775 0.133974
      vertex 60.24 -162.23 0.133974
    endloop
  endfacet
  facet normal 0.576705 -0.195793 -0.793143
    outer loop
      vertex 58.947 -169.772 0.292892
      vertex 58.7556 -169.692 0.133974
      vertex 59.5755 -167.277 0.133974
    endloop
  endfacet
  facet normal 0.989332 -0.0648419 -0.130452
    outer loop
      vertex 60.5689 -164.841 1
      vertex 60.5351 -164.836 0.74118
      vertex 60.7059 -162.23 0.74118
    endloop
  endfacet
  facet normal 0.778783 -0.154901 -0.607867
    outer loop
      vertex 59.9291 -167.372 0.5
      vertex 59.7756 -167.331 0.292892
      vertex 60.4361 -164.823 0.5
    endloop
  endfacet
  facet normal 0.402416 -0.458778 -0.792202
    outer loop
      vertex 54.675 -176.165 0.292892
      vertex 52.7369 -177.865 0.292892
      vertex 54.5286 -176.019 0.133974
    endloop
  endfacet
  facet normal 0.751842 -0.659343 0
    outer loop
      vertex 54.8821 -176.372 1.5
      vertex 56.6071 -174.405 1
      vertex 56.6071 -174.405 1.5
    endloop
  endfacet
  facet normal 0.751842 -0.659343 0
    outer loop
      vertex 56.6071 -174.405 1
      vertex 54.8821 -176.372 1.5
      vertex 54.8821 -176.372 1
    endloop
  endfacet
  facet normal 0.130534 0 -0.991444
    outer loop
      vertex 59.74 -162.23 0
      vertex 59.9988 -5 0.0340738
      vertex 59.9988 -162.23 0.0340738
    endloop
  endfacet
  facet normal 0.130534 0 -0.991444
    outer loop
      vertex 59.9988 -5 0.0340738
      vertex 59.74 -162.23 0
      vertex 59.74 -5 0
    endloop
  endfacet
  facet normal -0.896847 -0.442341 0
    outer loop
      vertex 2.67949 -172.23 1
      vertex 1.5224 -169.884 1.5
      vertex 1.5224 -169.884 1
    endloop
  endfacet
  facet normal -0.896847 -0.442341 0
    outer loop
      vertex 1.5224 -169.884 1.5
      vertex 2.67949 -172.23 1
      vertex 2.67949 -172.23 1.5
    endloop
  endfacet
  facet normal -0.438516 0.889236 -0.130242
    outer loop
      vertex 2.51703 -0.699371 0.74118
      vertex 2.5 -0.669861 1
      vertex 3.09961 -0.412079 0.74118
    endloop
  endfacet
  facet normal -0.0604379 0.922192 -0.381982
    outer loop
      vertex 4.36485 -0.175598 0.5
      vertex 4.35181 -0.0765533 0.74118
      vertex 5 -0.133972 0.5
    endloop
  endfacet
  facet normal 0 -1 0
    outer loop
      vertex 20 -182.23 1
      vertex 40.74 -182.23 1.5
      vertex 20 -182.23 1.5
    endloop
  endfacet
  facet normal 0 -1 -0
    outer loop
      vertex 40.74 -182.23 1.5
      vertex 20 -182.23 1
      vertex 40.74 -182.23 1
    endloop
  endfacet
  facet normal -0.972366 -0.193478 -0.130658
    outer loop
      vertex 0.681473 -167.406 1
      vertex 0.171097 -164.841 1
      vertex 0.20488 -164.836 0.74118
    endloop
  endfacet
  facet normal -0.793353 0 -0.608762
    outer loop
      vertex 0.292892 -162.23 0.292892
      vertex 0.133972 -5 0.5
      vertex 0.292892 -5 0.292892
    endloop
  endfacet
  facet normal -0.793353 -0 -0.608762
    outer loop
      vertex 0.133972 -5 0.5
      vertex 0.292892 -162.23 0.292892
      vertex 0.133972 -162.23 0.5
    endloop
  endfacet
  facet normal -0.608274 -0.0398724 -0.792725
    outer loop
      vertex 0.461487 -164.802 0.292892
      vertex 0.292892 -162.23 0.292892
      vertex 0.5 -162.23 0.133974
    endloop
  endfacet
  facet normal -0.180295 0.906412 -0.381982
    outer loop
      vertex 4.36485 -0.175598 0.5
      vertex 3.74057 -0.299774 0.5
      vertex 4.35181 -0.0765533 0.74118
    endloop
  endfacet
  facet normal -0.99786 -0.0653891 0
    outer loop
      vertex 0.171097 -164.841 1
      vertex 0 -162.23 1.5
      vertex 0 -162.23 1
    endloop
  endfacet
  facet normal -0.99786 -0.0653891 0
    outer loop
      vertex 0 -162.23 1.5
      vertex 0.171097 -164.841 1
      vertex 0.171097 -164.841 1.5
    endloop
  endfacet
  facet normal 0.252368 -0.287919 -0.923804
    outer loop
      vertex 54.5286 -176.019 0.133974
      vertex 52.6108 -177.7 0.133974
      vertex 54.358 -175.848 0.0340738
    endloop
  endfacet
  facet normal 0.0576752 -0.116976 -0.991459
    outer loop
      vertex 50.3694 -178.909 0.0340738
      vertex 48.11 -180.023 0.0340738
      vertex 50.24 -178.684 0
    endloop
  endfacet
  facet normal -0.0747976 0.376001 -0.923595
    outer loop
      vertex 3.89774 -0.886292 0.0340738
      vertex 3.83531 -0.65332 0.133974
      vertex 4.44411 -0.777603 0.0340738
    endloop
  endfacet
  facet normal 0.025074 0.382578 -0.923583
    outer loop
      vertex 56.2959 -0.777603 0.0340738
      vertex 55.74 -0.5 0.133974
      vertex 56.3274 -0.538498 0.133974
    endloop
  endfacet
  facet normal -0.946928 0.321447 0
    outer loop
      vertex 0.170364 -3.7059 1
      vertex 0.3806 -3.08658 1.5
      vertex 0.3806 -3.08658 1
    endloop
  endfacet
  facet normal -0.946928 0.321447 0
    outer loop
      vertex 0.3806 -3.08658 1.5
      vertex 0.170364 -3.7059 1
      vertex 0.170364 -3.7059 1.5
    endloop
  endfacet
  facet normal -0.989359 0.0648381 -0.130246
    outer loop
      vertex 0.0340729 -5 0.74118
      vertex 0 -5 1
      vertex 0.0427704 -4.34737 1
    endloop
  endfacet
  facet normal -0.123236 0.363041 -0.923588
    outer loop
      vertex 3.37021 -1.06535 0.0340738
      vertex 3.27792 -0.842529 0.133974
      vertex 3.83531 -0.65332 0.133974
    endloop
  endfacet
  facet normal -0.824381 0.550842 -0.130267
    outer loop
      vertex 1.06026 -1.97693 0.74118
      vertex 0.699371 -2.51703 0.74118
      vertex 1.03322 -1.95619 1
    endloop
  endfacet
  facet normal -0.0398658 0.608274 -0.792726
    outer loop
      vertex 5 -0.5 0.133974
      vertex 4.38559 -0.33316 0.292892
      vertex 5 -0.292892 0.292892
    endloop
  endfacet
  facet normal -0.212988 0.318762 -0.923594
    outer loop
      vertex 2.87059 -1.31175 0.0340738
      vertex 2.26056 -1.4299 0.133974
      vertex 2.75 -1.10287 0.133974
    endloop
  endfacet
  facet normal 0.778661 0.154861 -0.608034
    outer loop
      vertex 60.4068 -4.38559 0.292892
      vertex 60.2867 -3.78171 0.292892
      vertex 60.5644 -4.36485 0.5
    endloop
  endfacet
  facet normal 0.896854 0.442327 0
    outer loop
      vertex 60.3594 -3.08658 1.5
      vertex 60.0701 -2.5 1
      vertex 60.0701 -2.5 1.5
    endloop
  endfacet
  facet normal 0.896854 0.442327 0
    outer loop
      vertex 60.0701 -2.5 1
      vertex 60.3594 -3.08658 1.5
      vertex 60.3594 -3.08658 1
    endloop
  endfacet
  facet normal 0.297062 0.875106 -0.382025
    outer loop
      vertex 57.6021 -0.504364 0.5
      vertex 57.0253 -0.203278 0.74118
      vertex 57.6404 -0.412079 0.74118
    endloop
  endfacet
  facet normal 0.997856 0.0654402 0
    outer loop
      vertex 60.74 -5 1.5
      vertex 60.6972 -4.34737 1
      vertex 60.6972 -4.34737 1.5
    endloop
  endfacet
  facet normal 0.997856 0.0654402 0
    outer loop
      vertex 60.6972 -4.34737 1
      vertex 60.74 -5 1.5
      vertex 60.74 -5 1
    endloop
  endfacet
  facet normal 0.10877 0.0726784 -0.991407
    outer loop
      vertex 59.2041 -3 0
      vertex 58.9134 -2.56494 0
      vertex 59.1187 -2.40739 0.0340738
    endloop
  endfacet
  facet normal 0.597931 0.118917 -0.792677
    outer loop
      vertex 60.4068 -4.38559 0.292892
      vertex 60.2015 -4.41263 0.133974
      vertex 60.2867 -3.78171 0.292892
    endloop
  endfacet
  facet normal 0.946944 0.321397 0
    outer loop
      vertex 60.5696 -3.7059 1.5
      vertex 60.3594 -3.08658 1
      vertex 60.3594 -3.08658 1.5
    endloop
  endfacet
  facet normal 0.946944 0.321397 0
    outer loop
      vertex 60.3594 -3.08658 1
      vertex 60.5696 -3.7059 1.5
      vertex 60.5696 -3.7059 1
    endloop
  endfacet
  facet normal 0.653767 -0.745446 -0.13
    outer loop
      vertex 54.8821 -176.372 1
      vertex 52.9152 -178.097 1
      vertex 54.858 -176.348 0.74118
    endloop
  endfacet
  facet normal 0.76834 -0.513525 -0.382029
    outer loop
      vertex 58.031 -172.213 0.74118
      vertex 56.58 -174.384 0.74118
      vertex 57.9445 -172.163 0.5
    endloop
  endfacet
  facet normal 0.128287 -0.025512 -0.991409
    outer loop
      vertex 59.3426 -167.215 0.0340738
      vertex 59.0926 -167.148 0
      vertex 59.834 -164.744 0.0340738
    endloop
  endfacet
  facet normal 0.128269 -0.0255066 -0.991411
    outer loop
      vertex 59.834 -164.744 0.0340738
      vertex 59.0926 -167.148 0
      vertex 59.5774 -164.71 0
    endloop
  endfacet
  facet normal 0.778572 -0.154822 -0.608157
    outer loop
      vertex 60.4361 -164.823 0.5
      vertex 59.7756 -167.331 0.292892
      vertex 60.2785 -164.802 0.292892
    endloop
  endfacet
  facet normal 0.989346 -0.0648323 -0.130348
    outer loop
      vertex 60.74 -162.23 1
      vertex 60.5689 -164.841 1
      vertex 60.7059 -162.23 0.74118
    endloop
  endfacet
  facet normal 0.980771 -0.19516 0
    outer loop
      vertex 60.0585 -167.406 1.5
      vertex 60.5689 -164.841 1
      vertex 60.5689 -164.841 1.5
    endloop
  endfacet
  facet normal 0.980771 -0.19516 0
    outer loop
      vertex 60.5689 -164.841 1
      vertex 60.0585 -167.406 1.5
      vertex 60.0585 -167.406 1
    endloop
  endfacet
  facet normal 0.79232 -0.0519148 -0.607893
    outer loop
      vertex 60.606 -162.23 0.5
      vertex 60.4361 -164.823 0.5
      vertex 60.4471 -162.23 0.292892
    endloop
  endfacet
  facet normal 0.972522 -0.193404 -0.1296
    outer loop
      vertex 60.0585 -167.406 1
      vertex 60.0256 -167.398 0.74118
      vertex 60.5351 -164.836 0.74118
    endloop
  endfacet
  facet normal 0.828884 -0.408682 -0.382008
    outer loop
      vertex 58.031 -172.213 0.74118
      vertex 57.9445 -172.163 0.5
      vertex 59.0938 -169.832 0.5
    endloop
  endfacet
  facet normal 0.363176 -0.123312 -0.923524
    outer loop
      vertex 58.7556 -169.692 0.133974
      vertex 58.5328 -169.6 0.0340738
      vertex 59.3426 -167.215 0.0340738
    endloop
  endfacet
  facet normal 0.889216 -0.438581 -0.130159
    outer loop
      vertex 58.0605 -172.23 1
      vertex 58.031 -172.213 0.74118
      vertex 59.2176 -169.884 1
    endloop
  endfacet
  facet normal -0.0517358 -0.792142 -0.60814
    outer loop
      vertex 20 -182.096 0.5
      vertex 17.4277 -181.769 0.292892
      vertex 20 -181.937 0.292892
    endloop
  endfacet
  facet normal -0.193425 0.972431 -0.130246
    outer loop
      vertex 4.35181 -0.0765533 0.74118
      vertex 3.7059 -0.170364 1
      vertex 4.34737 -0.0427704 1
    endloop
  endfacet
  facet normal -0.577243 0.195946 -0.792714
    outer loop
      vertex 0.842529 -3.27792 0.133974
      vertex 0.453278 -3.78171 0.292892
      vertex 0.651199 -3.19865 0.292892
    endloop
  endfacet
  facet normal -0.269618 0.546731 -0.792712
    outer loop
      vertex 2.75 -1.10287 0.133974
      vertex 2.64644 -0.923523 0.292892
      vertex 3.27792 -0.842529 0.133974
    endloop
  endfacet
  facet normal 0 1 -0
    outer loop
      vertex 55.74 0 1
      vertex 5 0 1.5
      vertex 55.74 0 1.5
    endloop
  endfacet
  facet normal 0 1 0
    outer loop
      vertex 5 0 1.5
      vertex 55.74 0 1
      vertex 5 0 1
    endloop
  endfacet
  facet normal -0.213584 -0.319557 -0.923182
    outer loop
      vertex 10.25 -179.117 0.133974
      vertex 8.27597 -177.509 0.0340738
      vertex 10.3706 -178.909 0.0340738
    endloop
  endfacet
  facet normal -0.343635 -0.169438 -0.923692
    outer loop
      vertex 3.1125 -171.98 0.133974
      vertex 1.98434 -169.692 0.133974
      vertex 3.32137 -171.859 0.0340738
    endloop
  endfacet
  facet normal -0.00856544 -0.130321 -0.991435
    outer loop
      vertex 20 -181.23 0
      vertex 17.4862 -181.324 0.0340738
      vertex 17.52 -181.067 0
    endloop
  endfacet
  facet normal -0.0604509 -0.922055 -0.38231
    outer loop
      vertex 20 -182.196 0.74118
      vertex 17.407 -181.926 0.5
      vertex 20 -182.096 0.5
    endloop
  endfacet
  facet normal -0.13051 -0.0085537 -0.99141
    outer loop
      vertex 1.16254 -164.71 0
      vertex 0.90593 -164.744 0.0340738
      vertex 1 -162.23 0
    endloop
  endfacet
  facet normal -0.128286 -0.0255155 -0.991409
    outer loop
      vertex 1.3974 -167.215 0.0340738
      vertex 0.90593 -164.744 0.0340738
      vertex 1.6474 -167.148 0
    endloop
  endfacet
  facet normal -0.896878 0.442279 0
    outer loop
      vertex 0.3806 -3.08658 1
      vertex 0.669861 -2.5 1.5
      vertex 0.669861 -2.5 1
    endloop
  endfacet
  facet normal -0.896878 0.442279 0
    outer loop
      vertex 0.669861 -2.5 1.5
      vertex 0.3806 -3.08658 1
      vertex 0.3806 -3.08658 1.5
    endloop
  endfacet
  facet normal -0.889236 0.438516 -0.130242
    outer loop
      vertex 0.699371 -2.51703 0.74118
      vertex 0.412079 -3.09961 0.74118
      vertex 0.669861 -2.5 1
    endloop
  endfacet
  facet normal -0.922194 -0.0604434 -0.381974
    outer loop
      vertex 0.20488 -164.836 0.74118
      vertex 0.133972 -162.23 0.5
      vertex 0.303925 -164.823 0.5
    endloop
  endfacet
  facet normal -0.98936 -0.0648321 -0.130246
    outer loop
      vertex 0.171097 -164.841 1
      vertex 0 -162.23 1
      vertex 0.0340729 -162.23 0.74118
    endloop
  endfacet
  facet normal -0.923881 0 -0.38268
    outer loop
      vertex 0.133972 -162.23 0.5
      vertex 0.0340729 -5 0.74118
      vertex 0.133972 -5 0.5
    endloop
  endfacet
  facet normal -0.923881 -0 -0.38268
    outer loop
      vertex 0.0340729 -5 0.74118
      vertex 0.133972 -162.23 0.5
      vertex 0.0340729 -162.23 0.74118
    endloop
  endfacet
  facet normal 0.196056 -0.57729 -0.792652
    outer loop
      vertex 45.8406 -181.266 0.292892
      vertex 45.787 -181.066 0.133974
      vertex 48.2816 -180.437 0.292892
    endloop
  endfacet
  facet normal 0.60966 -0.694919 -0.381317
    outer loop
      vertex 52.8945 -178.07 0.74118
      vertex 52.8337 -177.991 0.5
      vertex 54.7874 -176.277 0.5
    endloop
  endfacet
  facet normal 0.0648387 0.98936 -0.13024
    outer loop
      vertex 56.3882 -0.0765533 0.74118
      vertex 55.74 -0.0340729 0.74118
      vertex 56.3926 -0.0427704 1
    endloop
  endfacet
  facet normal 0.824408 0.550757 -0.130454
    outer loop
      vertex 60.0701 -2.5 1
      vertex 59.6797 -1.97693 0.74118
      vertex 59.7068 -1.95619 1
    endloop
  endfacet
  facet normal 0.00855174 0.13052 -0.991409
    outer loop
      vertex 56.2959 -0.777603 0.0340738
      vertex 55.74 -1 0
      vertex 55.74 -0.74118 0.0340738
    endloop
  endfacet
  facet normal 0 0.382684 -0.923879
    outer loop
      vertex 5 -0.74118 0.0340738
      vertex 55.74 -0.5 0.133974
      vertex 55.74 -0.74118 0.0340738
    endloop
  endfacet
  facet normal 0 0.382684 -0.923879
    outer loop
      vertex 55.74 -0.5 0.133974
      vertex 5 -0.74118 0.0340738
      vertex 5 -0.5 0.133974
    endloop
  endfacet
  facet normal -0.745425 0.653737 -0.130264
    outer loop
      vertex 1.06026 -1.97693 0.74118
      vertex 1.03322 -1.95619 1
      vertex 1.48856 -1.48856 0.74118
    endloop
  endfacet
  facet normal -0.79228 0.0519255 -0.607944
    outer loop
      vertex 0.292892 -5 0.292892
      vertex 0.175598 -4.36485 0.5
      vertex 0.33316 -4.38559 0.292892
    endloop
  endfacet
  facet normal -0.506857 0.338664 -0.792718
    outer loop
      vertex 1.4299 -2.26056 0.133974
      vertex 0.923523 -2.64644 0.292892
      vertex 1.26559 -2.13449 0.292892
    endloop
  endfacet
  facet normal -0.123221 0.363025 -0.923596
    outer loop
      vertex 3.89774 -0.886292 0.0340738
      vertex 3.37021 -1.06535 0.0340738
      vertex 3.83531 -0.65332 0.133974
    endloop
  endfacet
  facet normal -0.00855197 0.130519 -0.991409
    outer loop
      vertex 4.47789 -1.03421 0
      vertex 4.44411 -0.777603 0.0340738
      vertex 5 -1 0
    endloop
  endfacet
  facet normal -0.0250754 0.38258 -0.923582
    outer loop
      vertex 4.44411 -0.777603 0.0340738
      vertex 4.41263 -0.538498 0.133974
      vertex 5 -0.5 0.133974
    endloop
  endfacet
  facet normal -0.0604377 0.922192 -0.381981
    outer loop
      vertex 5 -0.133972 0.5
      vertex 4.35181 -0.0765533 0.74118
      vertex 5 -0.0340729 0.74118
    endloop
  endfacet
  facet normal 0.195978 0.577275 -0.792683
    outer loop
      vertex 57.4621 -0.842529 0.133974
      vertex 56.9583 -0.453278 0.292892
      vertex 57.5413 -0.651199 0.292892
    endloop
  endfacet
  facet normal 0.0519266 0.792285 -0.607938
    outer loop
      vertex 56.3544 -0.33316 0.292892
      vertex 55.74 -0.292892 0.292892
      vertex 56.3751 -0.175598 0.5
    endloop
  endfacet
  facet normal 0.252727 0.288209 -0.923615
    outer loop
      vertex 58.7514 -1.98856 0.0340738
      vertex 58.4794 -1.4299 0.133974
      vertex 58.922 -1.81801 0.133974
    endloop
  endfacet
  facet normal 0.989348 0.0648688 -0.130314
    outer loop
      vertex 60.7059 -5 0.74118
      vertex 60.6634 -4.35181 0.74118
      vertex 60.6972 -4.34737 1
    endloop
  endfacet
  facet normal 0.597967 0.118906 -0.792652
    outer loop
      vertex 60.2015 -4.41263 0.133974
      vertex 60.0867 -3.83531 0.133974
      vertex 60.2867 -3.78171 0.292892
    endloop
  endfacet
  facet normal 0.441161 0.660205 -0.60787
    outer loop
      vertex 58.7022 -1.13951 0.5
      vertex 58.0936 -0.923523 0.292892
      vertex 58.173 -0.785889 0.5
    endloop
  endfacet
  facet normal 0.506806 0.338602 -0.792778
    outer loop
      vertex 59.6371 -2.75 0.133974
      vertex 59.3101 -2.26056 0.133974
      vertex 59.8165 -2.64644 0.292892
    endloop
  endfacet
  facet normal 0.99786 -0.0653902 0
    outer loop
      vertex 60.5689 -164.841 1.5
      vertex 60.74 -162.23 1
      vertex 60.74 -162.23 1.5
    endloop
  endfacet
  facet normal 0.99786 -0.0653902 0
    outer loop
      vertex 60.74 -162.23 1
      vertex 60.5689 -164.841 1.5
      vertex 60.5689 -164.841 1
    endloop
  endfacet
  facet normal 0.382657 0 -0.923891
    outer loop
      vertex 59.9988 -162.23 0.0340738
      vertex 60.24 -5 0.133974
      vertex 60.24 -162.23 0.133974
    endloop
  endfacet
  facet normal 0.382657 0 -0.923891
    outer loop
      vertex 60.24 -5 0.133974
      vertex 59.9988 -162.23 0.0340738
      vertex 59.9988 -5 0.0340738
    endloop
  endfacet
  facet normal 0.608772 0 -0.793345
    outer loop
      vertex 60.24 -162.23 0.133974
      vertex 60.4471 -5 0.292892
      vertex 60.4471 -162.23 0.292892
    endloop
  endfacet
  facet normal 0.608772 0 -0.793345
    outer loop
      vertex 60.4471 -5 0.292892
      vertex 60.24 -162.23 0.133974
      vertex 60.24 -5 0.133974
    endloop
  endfacet
  facet normal 0.130529 -0.00855658 -0.991408
    outer loop
      vertex 59.834 -164.744 0.0340738
      vertex 59.74 -162.23 0
      vertex 59.9988 -162.23 0.0340738
    endloop
  endfacet
  facet normal 0.376036 -0.0747811 -0.923582
    outer loop
      vertex 60.0732 -164.775 0.133974
      vertex 59.3426 -167.215 0.0340738
      vertex 59.834 -164.744 0.0340738
    endloop
  endfacet
  facet normal 0.12387 -0.0420569 -0.991407
    outer loop
      vertex 58.5328 -169.6 0.0340738
      vertex 58.2937 -169.501 0
      vertex 59.0926 -167.148 0
    endloop
  endfacet
  facet normal 0.123854 -0.0420532 -0.991409
    outer loop
      vertex 59.3426 -167.215 0.0340738
      vertex 58.5328 -169.6 0.0340738
      vertex 59.0926 -167.148 0
    endloop
  endfacet
  facet normal 0.972356 -0.193486 -0.13072
    outer loop
      vertex 60.5689 -164.841 1
      vertex 60.0585 -167.406 1
      vertex 60.5351 -164.836 0.74118
    endloop
  endfacet
  facet normal 0.906482 -0.180301 -0.381813
    outer loop
      vertex 60.5351 -164.836 0.74118
      vertex 59.9291 -167.372 0.5
      vertex 60.4361 -164.823 0.5
    endloop
  endfacet
  facet normal 0.922256 -0.0604286 -0.381827
    outer loop
      vertex 60.5351 -164.836 0.74118
      vertex 60.4361 -164.823 0.5
      vertex 60.606 -162.23 0.5
    endloop
  endfacet
  facet normal 0.92219 -0.0604413 -0.381984
    outer loop
      vertex 60.7059 -162.23 0.74118
      vertex 60.5351 -164.836 0.74118
      vertex 60.606 -162.23 0.5
    endloop
  endfacet
  facet normal 0.343606 -0.169415 -0.923706
    outer loop
      vertex 57.6275 -171.98 0.133974
      vertex 57.4186 -171.859 0.0340738
      vertex 58.7556 -169.692 0.133974
    endloop
  endfacet
  facet normal 0.752319 -0.255452 -0.607256
    outer loop
      vertex 59.0938 -169.832 0.5
      vertex 58.947 -169.772 0.292892
      vertex 59.9291 -167.372 0.5
    endloop
  endfacet
  facet normal 0.25504 -0.75159 -0.608331
    outer loop
      vertex 48.3424 -180.584 0.5
      vertex 45.8817 -181.419 0.5
      vertex 48.2816 -180.437 0.292892
    endloop
  endfacet
  facet normal 0.318623 -0.212861 -0.923672
    outer loop
      vertex 56.2104 -174.101 0.133974
      vertex 56.019 -173.954 0.0340738
      vertex 57.4186 -171.859 0.0340738
    endloop
  endfacet
  facet normal 0.896845 -0.442344 0
    outer loop
      vertex 58.0605 -172.23 1.5
      vertex 59.2176 -169.884 1
      vertex 59.2176 -169.884 1.5
    endloop
  endfacet
  facet normal 0.896845 -0.442344 0
    outer loop
      vertex 59.2176 -169.884 1
      vertex 58.0605 -172.23 1.5
      vertex 58.0605 -172.23 1
    endloop
  endfacet
  facet normal -0.778781 -0.154888 -0.607874
    outer loop
      vertex 0.810883 -167.372 0.5
      vertex 0.303925 -164.823 0.5
      vertex 0.964386 -167.331 0.292892
    endloop
  endfacet
  facet normal -0.376158 -0.0748131 -0.92353
    outer loop
      vertex 1.16444 -167.277 0.133974
      vertex 0.666824 -164.775 0.133974
      vertex 0.90593 -164.744 0.0340738
    endloop
  endfacet
  facet normal -0.659903 -0.441011 -0.608307
    outer loop
      vertex 4.23921 -174.324 0.5
      vertex 2.93314 -172.084 0.292892
      vertex 4.3653 -174.227 0.292892
    endloop
  endfacet
  facet normal -0.831445 -0.555608 0
    outer loop
      vertex 4.13292 -174.405 1
      vertex 2.67949 -172.23 1.5
      vertex 2.67949 -172.23 1
    endloop
  endfacet
  facet normal -0.831445 -0.555608 0
    outer loop
      vertex 2.67949 -172.23 1.5
      vertex 4.13292 -174.405 1
      vertex 4.13292 -174.405 1.5
    endloop
  endfacet
  facet normal -0.117389 -0.0578913 -0.991397
    outer loop
      vertex 3.32137 -171.859 0.0340738
      vertex 2.44627 -169.501 0
      vertex 3.54552 -171.73 0
    endloop
  endfacet
  facet normal -0.442279 0.896878 0
    outer loop
      vertex 3.08658 -0.3806 1
      vertex 2.5 -0.669861 1.5
      vertex 3.08658 -0.3806 1.5
    endloop
  endfacet
  facet normal -0.442279 0.896878 0
    outer loop
      vertex 2.5 -0.669861 1.5
      vertex 3.08658 -0.3806 1
      vertex 2.5 -0.669861 1
    endloop
  endfacet
  facet normal -0.751836 0.65935 0
    outer loop
      vertex 1.03322 -1.95619 1
      vertex 1.46446 -1.46446 1.5
      vertex 1.46446 -1.46446 1
    endloop
  endfacet
  facet normal -0.751836 0.65935 0
    outer loop
      vertex 1.46446 -1.46446 1.5
      vertex 1.03322 -1.95619 1
      vertex 1.03322 -1.95619 1.5
    endloop
  endfacet
  facet normal -0.989359 0.0648396 -0.13025
    outer loop
      vertex 0.0765533 -4.35181 0.74118
      vertex 0.0340729 -5 0.74118
      vertex 0.0427704 -4.34737 1
    endloop
  endfacet
  facet normal -1 0 0
    outer loop
      vertex 0 -162.23 1
      vertex 0 -5 1.5
      vertex 0 -5 1
    endloop
  endfacet
  facet normal -1 -0 0
    outer loop
      vertex 0 -5 1.5
      vertex 0 -162.23 1
      vertex 0 -162.23 1.5
    endloop
  endfacet
  facet normal -0.195949 0.577245 -0.792712
    outer loop
      vertex 3.83531 -0.65332 0.133974
      vertex 3.27792 -0.842529 0.133974
      vertex 3.78171 -0.453278 0.292892
    endloop
  endfacet
  facet normal -0.401933 0.458312 -0.792717
    outer loop
      vertex 2.26056 -1.4299 0.133974
      vertex 1.81801 -1.81801 0.133974
      vertex 2.13449 -1.26559 0.292892
    endloop
  endfacet
  facet normal -0.65935 0.751836 0
    outer loop
      vertex 1.95619 -1.03322 1
      vertex 1.46446 -1.46446 1.5
      vertex 1.95619 -1.03322 1.5
    endloop
  endfacet
  facet normal -0.65935 0.751836 0
    outer loop
      vertex 1.46446 -1.46446 1.5
      vertex 1.95619 -1.03322 1
      vertex 1.46446 -1.46446 1
    endloop
  endfacet
  facet normal -0.0648381 0.989359 -0.130246
    outer loop
      vertex 5 -0.0340729 0.74118
      vertex 4.34737 -0.0427704 1
      vertex 5 0 1
    endloop
  endfacet
  facet normal -0.123176 -0.362813 -0.923685
    outer loop
      vertex 14.953 -181.066 0.133974
      vertex 12.5377 -180.246 0.133974
      vertex 12.63 -180.023 0.0340738
    endloop
  endfacet
  facet normal -0.0653646 -0.997861 0
    outer loop
      vertex 17.3895 -182.059 1
      vertex 20 -182.23 1.5
      vertex 17.3895 -182.059 1.5
    endloop
  endfacet
  facet normal -0.0653646 -0.997861 -0
    outer loop
      vertex 20 -182.23 1.5
      vertex 17.3895 -182.059 1
      vertex 20 -182.23 1
    endloop
  endfacet
  facet normal -0.193221 -0.972368 -0.13102
    outer loop
      vertex 17.3895 -182.059 1
      vertex 14.8324 -181.516 0.74118
      vertex 17.3939 -182.025 0.74118
    endloop
  endfacet
  facet normal -0.0254354 -0.128102 -0.991435
    outer loop
      vertex 17.4862 -181.324 0.0340738
      vertex 15.0824 -180.583 0
      vertex 17.52 -181.067 0
    endloop
  endfacet
  facet normal -0.608758 0 -0.793356
    outer loop
      vertex 0.292892 -162.23 0.292892
      vertex 0.5 -5 0.133974
      vertex 0.5 -162.23 0.133974
    endloop
  endfacet
  facet normal -0.608758 0 -0.793356
    outer loop
      vertex 0.5 -5 0.133974
      vertex 0.292892 -162.23 0.292892
      vertex 0.292892 -5 0.292892
    endloop
  endfacet
  facet normal -0.922192 -0.0604439 -0.381981
    outer loop
      vertex 0.20488 -164.836 0.74118
      vertex 0.0340729 -162.23 0.74118
      vertex 0.133972 -162.23 0.5
    endloop
  endfacet
  facet normal -0.130524 0 -0.991445
    outer loop
      vertex 0.74118 -162.23 0.0340738
      vertex 1 -5 0
      vertex 1 -162.23 0
    endloop
  endfacet
  facet normal -0.130524 0 -0.991445
    outer loop
      vertex 1 -5 0
      vertex 0.74118 -162.23 0.0340738
      vertex 0.74118 -5 0.0340738
    endloop
  endfacet
  facet normal -0.13052 -0.00855334 -0.991409
    outer loop
      vertex 0.90593 -164.744 0.0340738
      vertex 0.74118 -162.23 0.0340738
      vertex 1 -162.23 0
    endloop
  endfacet
  facet normal 0 0 -1
    outer loop
      vertex 20 -181.23 0
      vertex 13.5596 -174.14 0
      vertex 13.6 -173.73 0
    endloop
  endfacet
  facet normal 0 0 -1
    outer loop
      vertex 17.52 -181.067 0
      vertex 13.4401 -174.534 0
      vertex 13.5596 -174.14 0
    endloop
  endfacet
  facet normal 0 0 -1
    outer loop
      vertex 17.52 -181.067 0
      vertex 13.2461 -174.897 0
      vertex 13.4401 -174.534 0
    endloop
  endfacet
  facet normal 0 0 -1
    outer loop
      vertex 15.0824 -180.583 0
      vertex 12.9849 -175.215 0
      vertex 13.2461 -174.897 0
    endloop
  endfacet
  facet normal 0 0 -1
    outer loop
      vertex 12.729 -179.784 0
      vertex 12.9849 -175.215 0
      vertex 15.0824 -180.583 0
    endloop
  endfacet
  facet normal 0 0 -1
    outer loop
      vertex 12.729 -179.784 0
      vertex 12.6667 -175.476 0
      vertex 12.9849 -175.215 0
    endloop
  endfacet
  facet normal 0 0 -1
    outer loop
      vertex 12.729 -179.784 0
      vertex 12.3036 -175.67 0
      vertex 12.6667 -175.476 0
    endloop
  endfacet
  facet normal 0 0 -1
    outer loop
      vertex 12.729 -179.784 0
      vertex 11.9097 -175.79 0
      vertex 12.3036 -175.67 0
    endloop
  endfacet
  facet normal 0 0 -1
    outer loop
      vertex 10.5 -178.684 0
      vertex 11.9097 -175.79 0
      vertex 12.729 -179.784 0
    endloop
  endfacet
  facet normal 0 0 -1
    outer loop
      vertex 11.9097 -175.79 0
      vertex 10.5 -178.684 0
      vertex 11.5 -175.83 0
    endloop
  endfacet
  facet normal -0 0 -1
    outer loop
      vertex 11.5 -175.83 0
      vertex 10.5 -178.684 0
      vertex 11.0903 -175.79 0
    endloop
  endfacet
  facet normal -0 0 -1
    outer loop
      vertex 11.0903 -175.79 0
      vertex 10.5 -178.684 0
      vertex 10.6964 -175.67 0
    endloop
  endfacet
  facet normal 0 0 -1
    outer loop
      vertex 8.43353 -177.304 0
      vertex 10.6964 -175.67 0
      vertex 10.5 -178.684 0
    endloop
  endfacet
  facet normal -0 0 -1
    outer loop
      vertex 10.6964 -175.67 0
      vertex 8.43353 -177.304 0
      vertex 10.3333 -175.476 0
    endloop
  endfacet
  facet normal -0 0 -1
    outer loop
      vertex 10.3333 -175.476 0
      vertex 8.43353 -177.304 0
      vertex 10.0151 -175.215 0
    endloop
  endfacet
  facet normal -0 0 -1
    outer loop
      vertex 10.0151 -175.215 0
      vertex 8.43353 -177.304 0
      vertex 9.75391 -174.897 0
    endloop
  endfacet
  facet normal 0 0 -1
    outer loop
      vertex 6.56496 -175.665 0
      vertex 9.75391 -174.897 0
      vertex 8.43353 -177.304 0
    endloop
  endfacet
  facet normal -0 0 -1
    outer loop
      vertex 9.55985 -174.534 0
      vertex 6.56496 -175.665 0
      vertex 9.44035 -174.14 0
    endloop
  endfacet
  facet normal -0 0 -1
    outer loop
      vertex 9.75391 -174.897 0
      vertex 6.56496 -175.665 0
      vertex 9.55985 -174.534 0
    endloop
  endfacet
  facet normal 0 0 -1
    outer loop
      vertex 59.74 -162.23 0
      vertex 48.6855 -117.494 0
      vertex 48.74 -117.08 0
    endloop
  endfacet
  facet normal 0 0 -1
    outer loop
      vertex 59.74 -162.23 0
      vertex 48.5256 -117.88 0
      vertex 48.6855 -117.494 0
    endloop
  endfacet
  facet normal 0 0 -1
    outer loop
      vertex 43.4259 -118.625 0
      vertex 59.74 -162.23 0
      vertex 48.4364 -171.79 0
    endloop
  endfacet
  facet normal 0 0 -1
    outer loop
      vertex 59.74 -162.23 0
      vertex 48.2714 -118.211 0
      vertex 48.5256 -117.88 0
    endloop
  endfacet
  facet normal 0 0 -1
    outer loop
      vertex 43.4259 -118.625 0
      vertex 48.4364 -171.79 0
      vertex 48.0733 -171.984 0
    endloop
  endfacet
  facet normal 0 0 -1
    outer loop
      vertex 59.74 -162.23 0
      vertex 47.94 -118.466 0
      vertex 48.2714 -118.211 0
    endloop
  endfacet
  facet normal 0 0 -1
    outer loop
      vertex 12.6667 -171.984 0
      vertex 48.0733 -171.984 0
      vertex 47.7551 -172.245 0
    endloop
  endfacet
  facet normal 0 0 -1
    outer loop
      vertex 59.74 -162.23 0
      vertex 47.5541 -118.625 0
      vertex 47.94 -118.466 0
    endloop
  endfacet
  facet normal 0 0 -1
    outer loop
      vertex 12.9849 -172.245 0
      vertex 47.7551 -172.245 0
      vertex 47.4939 -172.563 0
    endloop
  endfacet
  facet normal 0 0 -1
    outer loop
      vertex 13.2461 -172.563 0
      vertex 47.4939 -172.563 0
      vertex 47.2999 -172.926 0
    endloop
  endfacet
  facet normal 0 0 -1
    outer loop
      vertex 40.74 -181.23 0
      vertex 47.2999 -172.926 0
      vertex 47.1804 -173.32 0
    endloop
  endfacet
  facet normal 0 0 -1
    outer loop
      vertex 40.74 -181.23 0
      vertex 47.1804 -173.32 0
      vertex 47.14 -173.73 0
    endloop
  endfacet
  facet normal 0 0 -1
    outer loop
      vertex 59.74 -162.23 0
      vertex 47.14 -118.68 0
      vertex 47.5541 -118.625 0
    endloop
  endfacet
  facet normal 0 0 -1
    outer loop
      vertex 54.175 -175.665 0
      vertex 51.2996 -174.14 0
      vertex 51.34 -173.73 0
    endloop
  endfacet
  facet normal 0 0 -1
    outer loop
      vertex 54.175 -175.665 0
      vertex 51.1801 -174.534 0
      vertex 51.2996 -174.14 0
    endloop
  endfacet
  facet normal 0 0 -1
    outer loop
      vertex 54.175 -175.665 0
      vertex 50.9861 -174.897 0
      vertex 51.1801 -174.534 0
    endloop
  endfacet
  facet normal 0 0 -1
    outer loop
      vertex 52.3065 -177.304 0
      vertex 50.7249 -175.215 0
      vertex 50.9861 -174.897 0
    endloop
  endfacet
  facet normal 0 0 -1
    outer loop
      vertex 52.3065 -177.304 0
      vertex 50.4067 -175.476 0
      vertex 50.7249 -175.215 0
    endloop
  endfacet
  facet normal 0 0 -1
    outer loop
      vertex 50.0436 -175.67 0
      vertex 52.3065 -177.304 0
      vertex 50.24 -178.684 0
    endloop
  endfacet
  facet normal 0 0 -1
    outer loop
      vertex 52.3065 -177.304 0
      vertex 50.0436 -175.67 0
      vertex 50.4067 -175.476 0
    endloop
  endfacet
  facet normal 0 0 -1
    outer loop
      vertex 50.24 -178.684 0
      vertex 49.6497 -175.79 0
      vertex 50.0436 -175.67 0
    endloop
  endfacet
  facet normal 0 0 -1
    outer loop
      vertex 50.24 -178.684 0
      vertex 49.24 -175.83 0
      vertex 49.6497 -175.79 0
    endloop
  endfacet
  facet normal 0 0 -1
    outer loop
      vertex 50.24 -178.684 0
      vertex 48.8303 -175.79 0
      vertex 49.24 -175.83 0
    endloop
  endfacet
  facet normal 0 0 -1
    outer loop
      vertex 48.011 -179.784 0
      vertex 48.8303 -175.79 0
      vertex 50.24 -178.684 0
    endloop
  endfacet
  facet normal -0 0 -1
    outer loop
      vertex 48.8303 -175.79 0
      vertex 48.011 -179.784 0
      vertex 48.4364 -175.67 0
    endloop
  endfacet
  facet normal -0 0 -1
    outer loop
      vertex 48.4364 -175.67 0
      vertex 48.011 -179.784 0
      vertex 48.0733 -175.476 0
    endloop
  endfacet
  facet normal 0 0 -1
    outer loop
      vertex 48.011 -179.784 0
      vertex 47.7551 -175.215 0
      vertex 48.0733 -175.476 0
    endloop
  endfacet
  facet normal 0 0 -1
    outer loop
      vertex 45.6575 -180.583 0
      vertex 47.7551 -175.215 0
      vertex 48.011 -179.784 0
    endloop
  endfacet
  facet normal -0 0 -1
    outer loop
      vertex 47.7551 -175.215 0
      vertex 45.6575 -180.583 0
      vertex 47.4939 -174.897 0
    endloop
  endfacet
  facet normal 0 0 -1
    outer loop
      vertex 43.22 -181.067 0
      vertex 47.4939 -174.897 0
      vertex 45.6575 -180.583 0
    endloop
  endfacet
  facet normal -0 0 -1
    outer loop
      vertex 47.4939 -174.897 0
      vertex 43.22 -181.067 0
      vertex 47.2999 -174.534 0
    endloop
  endfacet
  facet normal -0 0 -1
    outer loop
      vertex 47.2999 -174.534 0
      vertex 43.22 -181.067 0
      vertex 47.1804 -174.14 0
    endloop
  endfacet
  facet normal 0 0 -1
    outer loop
      vertex 40.74 -181.23 0
      vertex 47.1804 -174.14 0
      vertex 43.22 -181.067 0
    endloop
  endfacet
  facet normal 0 0 -1
    outer loop
      vertex 59.74 -162.23 0
      vertex 43.84 -118.68 0
      vertex 47.14 -118.68 0
    endloop
  endfacet
  facet normal 0 0 -1
    outer loop
      vertex 59.74 -162.23 0
      vertex 43.4259 -118.625 0
      vertex 43.84 -118.68 0
    endloop
  endfacet
  facet normal -0 0 -1
    outer loop
      vertex 47.1804 -174.14 0
      vertex 40.74 -181.23 0
      vertex 47.14 -173.73 0
    endloop
  endfacet
  facet normal -0 0 -1
    outer loop
      vertex 47.2999 -172.926 0
      vertex 40.74 -181.23 0
      vertex 13.4401 -172.926 0
    endloop
  endfacet
  facet normal 0 0 -1
    outer loop
      vertex 47.7551 -172.245 0
      vertex 12.9849 -172.245 0
      vertex 12.6667 -171.984 0
    endloop
  endfacet
  facet normal 0 0 -1
    outer loop
      vertex 48.0733 -171.984 0
      vertex 12.6667 -171.984 0
      vertex 43.04 -118.466 0
    endloop
  endfacet
  facet normal 0 0 -1
    outer loop
      vertex 48.0733 -171.984 0
      vertex 43.04 -118.466 0
      vertex 43.4259 -118.625 0
    endloop
  endfacet
  facet normal 0 0 -1
    outer loop
      vertex 12.3036 -171.79 0
      vertex 43.04 -118.466 0
      vertex 12.6667 -171.984 0
    endloop
  endfacet
  facet normal 0 0 -1
    outer loop
      vertex 1 -162.23 0
      vertex 43.04 -118.466 0
      vertex 12.3036 -171.79 0
    endloop
  endfacet
  facet normal 0 0 -1
    outer loop
      vertex 48.6855 -116.666 0
      vertex 59.74 -5 0
      vertex 59.74 -162.23 0
    endloop
  endfacet
  facet normal 0 0 -1
    outer loop
      vertex 48.5256 -116.28 0
      vertex 59.74 -5 0
      vertex 48.6855 -116.666 0
    endloop
  endfacet
  facet normal 0 0 -1
    outer loop
      vertex 49.6497 -171.67 0
      vertex 59.74 -162.23 0
      vertex 59.5774 -164.71 0
    endloop
  endfacet
  facet normal 0 0 -1
    outer loop
      vertex 48.6855 -116.666 0
      vertex 59.74 -162.23 0
      vertex 48.74 -117.08 0
    endloop
  endfacet
  facet normal 0 0 -1
    outer loop
      vertex 48.2714 -115.949 0
      vertex 59.74 -5 0
      vertex 48.5256 -116.28 0
    endloop
  endfacet
  facet normal 0 0 -1
    outer loop
      vertex 49.6497 -171.67 0
      vertex 59.5774 -164.71 0
      vertex 59.0926 -167.148 0
    endloop
  endfacet
  facet normal 0 0 -1
    outer loop
      vertex 47.94 -115.694 0
      vertex 59.74 -5 0
      vertex 48.2714 -115.949 0
    endloop
  endfacet
  facet normal 0 0 -1
    outer loop
      vertex 47.5541 -115.535 0
      vertex 59.74 -5 0
      vertex 47.94 -115.694 0
    endloop
  endfacet
  facet normal 0 0 -1
    outer loop
      vertex 50.0436 -171.79 0
      vertex 59.0926 -167.148 0
      vertex 58.2937 -169.501 0
    endloop
  endfacet
  facet normal 0 0 -1
    outer loop
      vertex 47.14 -115.48 0
      vertex 59.74 -5 0
      vertex 47.5541 -115.535 0
    endloop
  endfacet
  facet normal 0 0 -1
    outer loop
      vertex 43.84 -115.48 0
      vertex 59.74 -5 0
      vertex 47.14 -115.48 0
    endloop
  endfacet
  facet normal 0 0 -1
    outer loop
      vertex 43.4259 -115.535 0
      vertex 59.74 -5 0
      vertex 43.84 -115.48 0
    endloop
  endfacet
  facet normal 0 0 -1
    outer loop
      vertex 50.7249 -172.245 0
      vertex 58.2937 -169.501 0
      vertex 57.1945 -171.73 0
    endloop
  endfacet
  facet normal 0 0 -1
    outer loop
      vertex 1 -5 0
      vertex 59.74 -5 0
      vertex 43.4259 -115.535 0
    endloop
  endfacet
  facet normal 0 -0 -1
    outer loop
      vertex 55.74 -1 0
      vertex 59.74 -5 0
      vertex 1 -5 0
    endloop
  endfacet
  facet normal 0 0 -1
    outer loop
      vertex 50.9861 -172.563 0
      vertex 57.1945 -171.73 0
      vertex 55.8137 -173.796 0
    endloop
  endfacet
  facet normal 0 0 -1
    outer loop
      vertex 59.74 -5 0
      vertex 55.74 -1 0
      vertex 59.7058 -4.47789 0
    endloop
  endfacet
  facet normal 0 0 -1
    outer loop
      vertex 51.34 -173.73 0
      vertex 55.8137 -173.796 0
      vertex 54.175 -175.665 0
    endloop
  endfacet
  facet normal 0 0 -1
    outer loop
      vertex 50.9861 -174.897 0
      vertex 54.175 -175.665 0
      vertex 52.3065 -177.304 0
    endloop
  endfacet
  facet normal 0 0 -1
    outer loop
      vertex 55.8137 -173.796 0
      vertex 51.34 -173.73 0
      vertex 51.2996 -173.32 0
    endloop
  endfacet
  facet normal 0 0 -1
    outer loop
      vertex 55.8137 -173.796 0
      vertex 51.2996 -173.32 0
      vertex 51.1801 -172.926 0
    endloop
  endfacet
  facet normal 0 0 -1
    outer loop
      vertex 55.8137 -173.796 0
      vertex 51.1801 -172.926 0
      vertex 50.9861 -172.563 0
    endloop
  endfacet
  facet normal 0 0 -1
    outer loop
      vertex 57.1945 -171.73 0
      vertex 50.9861 -172.563 0
      vertex 50.7249 -172.245 0
    endloop
  endfacet
  facet normal 0 0 -1
    outer loop
      vertex 58.2937 -169.501 0
      vertex 50.7249 -172.245 0
      vertex 50.4067 -171.984 0
    endloop
  endfacet
  facet normal 0 0 -1
    outer loop
      vertex 58.2937 -169.501 0
      vertex 50.4067 -171.984 0
      vertex 50.0436 -171.79 0
    endloop
  endfacet
  facet normal 0 0 -1
    outer loop
      vertex 59.0926 -167.148 0
      vertex 50.0436 -171.79 0
      vertex 49.6497 -171.67 0
    endloop
  endfacet
  facet normal 0 0 -1
    outer loop
      vertex 59.74 -162.23 0
      vertex 49.6497 -171.67 0
      vertex 49.24 -171.63 0
    endloop
  endfacet
  facet normal 0 0 -1
    outer loop
      vertex 59.74 -162.23 0
      vertex 49.24 -171.63 0
      vertex 48.8303 -171.67 0
    endloop
  endfacet
  facet normal 0 0 -1
    outer loop
      vertex 48.4364 -171.79 0
      vertex 59.74 -162.23 0
      vertex 48.8303 -171.67 0
    endloop
  endfacet
  facet normal 0 0 -1
    outer loop
      vertex 59.7058 -4.47789 0
      vertex 55.74 -1 0
      vertex 59.6037 -3.96472 0
    endloop
  endfacet
  facet normal 0 0 -1
    outer loop
      vertex 59.6037 -3.96472 0
      vertex 55.74 -1 0
      vertex 59.4355 -3.46925 0
    endloop
  endfacet
  facet normal 0 0 -1
    outer loop
      vertex 59.4355 -3.46925 0
      vertex 55.74 -1 0
      vertex 59.2041 -3 0
    endloop
  endfacet
  facet normal 0 0 -1
    outer loop
      vertex 58.5684 -2.17157 0
      vertex 55.74 -1 0
      vertex 58.175 -1.82658 0
    endloop
  endfacet
  facet normal 0 0 -1
    outer loop
      vertex 57.74 -1.53589 0
      vertex 55.74 -1 0
      vertex 57.2707 -1.30447 0
    endloop
  endfacet
  facet normal 0 0 -1
    outer loop
      vertex 57.2707 -1.30447 0
      vertex 55.74 -1 0
      vertex 56.7753 -1.13629 0
    endloop
  endfacet
  facet normal 0 0 -1
    outer loop
      vertex 56.7753 -1.13629 0
      vertex 55.74 -1 0
      vertex 56.2621 -1.03421 0
    endloop
  endfacet
  facet normal 0 0 -1
    outer loop
      vertex 58.175 -1.82658 0
      vertex 55.74 -1 0
      vertex 57.74 -1.53589 0
    endloop
  endfacet
  facet normal 0 0 -1
    outer loop
      vertex 58.9134 -2.56494 0
      vertex 55.74 -1 0
      vertex 58.5684 -2.17157 0
    endloop
  endfacet
  facet normal 0 0 -1
    outer loop
      vertex 1 -5 0
      vertex 43.4259 -115.535 0
      vertex 43.04 -115.694 0
    endloop
  endfacet
  facet normal 0 0 -1
    outer loop
      vertex 1 -5 0
      vertex 43.04 -115.694 0
      vertex 42.7086 -115.949 0
    endloop
  endfacet
  facet normal 0 0 -1
    outer loop
      vertex 1 -5 0
      vertex 42.7086 -115.949 0
      vertex 42.4544 -116.28 0
    endloop
  endfacet
  facet normal 0 0 -1
    outer loop
      vertex 1 -5 0
      vertex 42.4544 -116.28 0
      vertex 42.2945 -116.666 0
    endloop
  endfacet
  facet normal 0 0 -1
    outer loop
      vertex 1 -162.23 0
      vertex 42.2945 -116.666 0
      vertex 42.24 -117.08 0
    endloop
  endfacet
  facet normal 0 0 -1
    outer loop
      vertex 13.4401 -172.926 0
      vertex 40.74 -181.23 0
      vertex 20 -181.23 0
    endloop
  endfacet
  facet normal 0 0 -1
    outer loop
      vertex 47.4939 -172.563 0
      vertex 13.2461 -172.563 0
      vertex 12.9849 -172.245 0
    endloop
  endfacet
  facet normal 0 0 -1
    outer loop
      vertex 13.5596 -174.14 0
      vertex 20 -181.23 0
      vertex 17.52 -181.067 0
    endloop
  endfacet
  facet normal 0 0 -1
    outer loop
      vertex 13.2461 -174.897 0
      vertex 17.52 -181.067 0
      vertex 15.0824 -180.583 0
    endloop
  endfacet
  facet normal 0 0 -1
    outer loop
      vertex 20 -181.23 0
      vertex 13.6 -173.73 0
      vertex 13.5596 -173.32 0
    endloop
  endfacet
  facet normal 0 0 -1
    outer loop
      vertex 20 -181.23 0
      vertex 13.5596 -173.32 0
      vertex 13.4401 -172.926 0
    endloop
  endfacet
  facet normal 0 0 -1
    outer loop
      vertex 47.2999 -172.926 0
      vertex 13.4401 -172.926 0
      vertex 13.2461 -172.563 0
    endloop
  endfacet
  facet normal -0 0 -1
    outer loop
      vertex 43.04 -118.466 0
      vertex 1 -162.23 0
      vertex 42.7086 -118.211 0
    endloop
  endfacet
  facet normal -0 0 -1
    outer loop
      vertex 42.7086 -118.211 0
      vertex 1 -162.23 0
      vertex 42.4544 -117.88 0
    endloop
  endfacet
  facet normal -0 0 -1
    outer loop
      vertex 42.4544 -117.88 0
      vertex 1 -162.23 0
      vertex 42.2945 -117.494 0
    endloop
  endfacet
  facet normal -0 0 -1
    outer loop
      vertex 42.2945 -117.494 0
      vertex 1 -162.23 0
      vertex 42.24 -117.08 0
    endloop
  endfacet
  facet normal 0 0 -1
    outer loop
      vertex 1 -162.23 0
      vertex 12.3036 -171.79 0
      vertex 11.9097 -171.67 0
    endloop
  endfacet
  facet normal 0 0 -1
    outer loop
      vertex 1 -162.23 0
      vertex 11.9097 -171.67 0
      vertex 11.5 -171.63 0
    endloop
  endfacet
  facet normal 0 0 -1
    outer loop
      vertex 1 -162.23 0
      vertex 11.5 -171.63 0
      vertex 11.0903 -171.67 0
    endloop
  endfacet
  facet normal 0 0 -1
    outer loop
      vertex 1.16254 -164.71 0
      vertex 11.0903 -171.67 0
      vertex 10.6964 -171.79 0
    endloop
  endfacet
  facet normal 0 0 -1
    outer loop
      vertex 2.44627 -169.501 0
      vertex 10.6964 -171.79 0
      vertex 10.3333 -171.984 0
    endloop
  endfacet
  facet normal 0 0 -1
    outer loop
      vertex 2.44627 -169.501 0
      vertex 10.3333 -171.984 0
      vertex 10.0151 -172.245 0
    endloop
  endfacet
  facet normal 0 0 -1
    outer loop
      vertex 3.54552 -171.73 0
      vertex 10.0151 -172.245 0
      vertex 9.75391 -172.563 0
    endloop
  endfacet
  facet normal 0 0 -1
    outer loop
      vertex 4.92628 -173.796 0
      vertex 9.75391 -172.563 0
      vertex 9.55985 -172.926 0
    endloop
  endfacet
  facet normal 0 0 -1
    outer loop
      vertex 4.92628 -173.796 0
      vertex 9.55985 -172.926 0
      vertex 9.44035 -173.32 0
    endloop
  endfacet
  facet normal -0 0 -1
    outer loop
      vertex 9.44035 -174.14 0
      vertex 6.56496 -175.665 0
      vertex 9.4 -173.73 0
    endloop
  endfacet
  facet normal 0 0 -1
    outer loop
      vertex 4.92628 -173.796 0
      vertex 9.4 -173.73 0
      vertex 6.56496 -175.665 0
    endloop
  endfacet
  facet normal -0 0 -1
    outer loop
      vertex 9.4 -173.73 0
      vertex 4.92628 -173.796 0
      vertex 9.44035 -173.32 0
    endloop
  endfacet
  facet normal -0 0 -1
    outer loop
      vertex 42.2945 -116.666 0
      vertex 1 -162.23 0
      vertex 1 -5 0
    endloop
  endfacet
  facet normal -0 0 -1
    outer loop
      vertex 9.75391 -172.563 0
      vertex 4.92628 -173.796 0
      vertex 3.54552 -171.73 0
    endloop
  endfacet
  facet normal 0 0 -1
    outer loop
      vertex 59.2041 -3 0
      vertex 55.74 -1 0
      vertex 58.9134 -2.56494 0
    endloop
  endfacet
  facet normal -0 0 -1
    outer loop
      vertex 55.74 -1 0
      vertex 1 -5 0
      vertex 5 -1 0
    endloop
  endfacet
  facet normal 0 0 -1
    outer loop
      vertex 10.0151 -172.245 0
      vertex 3.54552 -171.73 0
      vertex 2.44627 -169.501 0
    endloop
  endfacet
  facet normal 0 0 -1
    outer loop
      vertex 5 -1 0
      vertex 1 -5 0
      vertex 4.47789 -1.03421 0
    endloop
  endfacet
  facet normal 0 0 -1
    outer loop
      vertex 4.47789 -1.03421 0
      vertex 1 -5 0
      vertex 3.96472 -1.13629 0
    endloop
  endfacet
  facet normal 0 0 -1
    outer loop
      vertex 3.96472 -1.13629 0
      vertex 1 -5 0
      vertex 3.46925 -1.30447 0
    endloop
  endfacet
  facet normal 0 0 -1
    outer loop
      vertex 10.6964 -171.79 0
      vertex 2.44627 -169.501 0
      vertex 1.6474 -167.148 0
    endloop
  endfacet
  facet normal 0 0 -1
    outer loop
      vertex 3.46925 -1.30447 0
      vertex 1 -5 0
      vertex 3 -1.53589 0
    endloop
  endfacet
  facet normal 0 0 -1
    outer loop
      vertex 3 -1.53589 0
      vertex 1 -5 0
      vertex 2.56494 -1.82658 0
    endloop
  endfacet
  facet normal 0 0 -1
    outer loop
      vertex 10.6964 -171.79 0
      vertex 1.6474 -167.148 0
      vertex 1.16254 -164.71 0
    endloop
  endfacet
  facet normal 0 0 -1
    outer loop
      vertex 2.56494 -1.82658 0
      vertex 1 -5 0
      vertex 2.17157 -2.17157 0
    endloop
  endfacet
  facet normal 0 0 -1
    outer loop
      vertex 2.17157 -2.17157 0
      vertex 1 -5 0
      vertex 1.82658 -2.56494 0
    endloop
  endfacet
  facet normal 0 0 -1
    outer loop
      vertex 11.0903 -171.67 0
      vertex 1.16254 -164.71 0
      vertex 1 -162.23 0
    endloop
  endfacet
  facet normal 0 0 -1
    outer loop
      vertex 1.82658 -2.56494 0
      vertex 1 -5 0
      vertex 1.53589 -3 0
    endloop
  endfacet
  facet normal 0 0 -1
    outer loop
      vertex 1.53589 -3 0
      vertex 1 -5 0
      vertex 1.30447 -3.46925 0
    endloop
  endfacet
  facet normal 0 0 -1
    outer loop
      vertex 1.30447 -3.46925 0
      vertex 1 -5 0
      vertex 1.13629 -3.96472 0
    endloop
  endfacet
  facet normal 0 0 -1
    outer loop
      vertex 1.13629 -3.96472 0
      vertex 1 -5 0
      vertex 1.03421 -4.47789 0
    endloop
  endfacet
  facet normal -0.128264 -0.0255087 -0.991412
    outer loop
      vertex 1.6474 -167.148 0
      vertex 0.90593 -164.744 0.0340738
      vertex 1.16254 -164.71 0
    endloop
  endfacet
  facet normal -0.382564 0.0250663 -0.923589
    outer loop
      vertex 0.74118 -5 0.0340738
      vertex 0.5 -5 0.133974
      vertex 0.777603 -4.44411 0.0340738
    endloop
  endfacet
  facet normal -0.608274 0.0398658 -0.792726
    outer loop
      vertex 0.5 -5 0.133974
      vertex 0.292892 -5 0.292892
      vertex 0.33316 -4.38559 0.292892
    endloop
  endfacet
  facet normal -0.13052 0.0085519 -0.991409
    outer loop
      vertex 1 -5 0
      vertex 0.74118 -5 0.0340738
      vertex 0.777603 -4.44411 0.0340738
    endloop
  endfacet
  facet normal -0.768414 0.513429 -0.382008
    outer loop
      vertex 0.785889 -2.56699 0.5
      vertex 0.699371 -2.51703 0.74118
      vertex 1.13951 -2.03775 0.5
    endloop
  endfacet
  facet normal 0.506425 -0.338357 -0.793125
    outer loop
      vertex 57.8069 -172.084 0.292892
      vertex 56.2104 -174.101 0.133974
      vertex 57.6275 -171.98 0.133974
    endloop
  endfacet
  facet normal 0.660634 -0.44135 -0.607267
    outer loop
      vertex 57.9445 -172.163 0.5
      vertex 56.5008 -174.324 0.5
      vertex 57.8069 -172.084 0.292892
    endloop
  endfacet
  facet normal 0.6953 -0.609998 -0.38008
    outer loop
      vertex 56.58 -174.384 0.74118
      vertex 54.7874 -176.277 0.5
      vertex 56.5008 -174.324 0.5
    endloop
  endfacet
  facet normal 0.523596 -0.59693 -0.607883
    outer loop
      vertex 52.8337 -177.991 0.5
      vertex 52.7369 -177.865 0.292892
      vertex 54.675 -176.165 0.292892
    endloop
  endfacet
  facet normal -0.441531 -0.661125 -0.6066
    outer loop
      vertex 10.067 -179.434 0.5
      vertex 7.90633 -177.991 0.5
      vertex 10.1464 -179.297 0.292892
    endloop
  endfacet
  facet normal 0.0250659 0.382564 -0.923589
    outer loop
      vertex 56.2959 -0.777603 0.0340738
      vertex 55.74 -0.74118 0.0340738
      vertex 55.74 -0.5 0.133974
    endloop
  endfacet
  facet normal 0.351124 0.712114 -0.607952
    outer loop
      vertex 58.0936 -0.923523 0.292892
      vertex 57.5413 -0.651199 0.292892
      vertex 57.6021 -0.504364 0.5
    endloop
  endfacet
  facet normal 0.0653982 0.997859 -0
    outer loop
      vertex 56.3926 -0.0427704 1
      vertex 55.74 0 1.5
      vertex 56.3926 -0.0427704 1.5
    endloop
  endfacet
  facet normal 0.0653982 0.997859 0
    outer loop
      vertex 55.74 0 1.5
      vertex 56.3926 -0.0427704 1
      vertex 55.74 0 1
    endloop
  endfacet
  facet normal 0.0255168 0.128284 -0.991409
    outer loop
      vertex 56.7753 -1.13629 0
      vertex 56.2621 -1.03421 0
      vertex 56.2959 -0.777603 0.0340738
    endloop
  endfacet
  facet normal 0 0.608758 -0.793356
    outer loop
      vertex 5 -0.5 0.133974
      vertex 55.74 -0.292892 0.292892
      vertex 55.74 -0.5 0.133974
    endloop
  endfacet
  facet normal 0 0.608758 -0.793356
    outer loop
      vertex 55.74 -0.292892 0.292892
      vertex 5 -0.5 0.133974
      vertex 5 -0.292892 0.292892
    endloop
  endfacet
  facet normal -0.128286 0.0255187 -0.991409
    outer loop
      vertex 1.03421 -4.47789 0
      vertex 0.777603 -4.44411 0.0340738
      vertex 1.13629 -3.96472 0
    endloop
  endfacet
  facet normal -0.288229 0.252774 -0.923596
    outer loop
      vertex 1.62125 -2.40739 0.0340738
      vertex 1.4299 -2.26056 0.133974
      vertex 1.98856 -1.98856 0.0340738
    endloop
  endfacet
  facet normal -0.712093 0.351171 -0.60795
    outer loop
      vertex 0.651199 -3.19865 0.292892
      vertex 0.504364 -3.13785 0.5
      vertex 0.923523 -2.64644 0.292892
    endloop
  endfacet
  facet normal -0.972431 0.193425 -0.130246
    outer loop
      vertex 0.0765533 -4.35181 0.74118
      vertex 0.0427704 -4.34737 1
      vertex 0.170364 -3.7059 1
    endloop
  endfacet
  facet normal -0.88924 0.438512 -0.13023
    outer loop
      vertex 0.412079 -3.09961 0.74118
      vertex 0.3806 -3.08658 1
      vertex 0.669861 -2.5 1
    endloop
  endfacet
  facet normal -0.0519255 0.79228 -0.607944
    outer loop
      vertex 4.38559 -0.33316 0.292892
      vertex 4.36485 -0.175598 0.5
      vertex 5 -0.292892 0.292892
    endloop
  endfacet
  facet normal -0.0250663 0.382564 -0.923589
    outer loop
      vertex 5 -0.74118 0.0340738
      vertex 4.44411 -0.777603 0.0340738
      vertex 5 -0.5 0.133974
    endloop
  endfacet
  facet normal -0.180296 0.906413 -0.38198
    outer loop
      vertex 3.74057 -0.299774 0.5
      vertex 3.71472 -0.203278 0.74118
      vertex 4.35181 -0.0765533 0.74118
    endloop
  endfacet
  facet normal -0.0648396 0.989359 -0.13025
    outer loop
      vertex 4.35181 -0.0765533 0.74118
      vertex 4.34737 -0.0427704 1
      vertex 5 -0.0340729 0.74118
    endloop
  endfacet
  facet normal 0.0578576 0.117312 -0.991408
    outer loop
      vertex 57.74 -1.53589 0
      vertex 57.3698 -1.06535 0.0340738
      vertex 57.8694 -1.31175 0.0340738
    endloop
  endfacet
  facet normal 0.18029 0.906397 -0.38202
    outer loop
      vertex 57.0253 -0.203278 0.74118
      vertex 56.3751 -0.175598 0.5
      vertex 56.3882 -0.0765533 0.74118
    endloop
  endfacet
  facet normal 0.180287 0.906401 -0.382012
    outer loop
      vertex 56.9994 -0.299774 0.5
      vertex 56.3751 -0.175598 0.5
      vertex 57.0253 -0.203278 0.74118
    endloop
  endfacet
  facet normal 0.118914 0.597876 -0.792719
    outer loop
      vertex 56.9047 -0.65332 0.133974
      vertex 56.3274 -0.538498 0.133974
      vertex 56.3544 -0.33316 0.292892
    endloop
  endfacet
  facet normal 0.375972 0.074762 -0.92361
    outer loop
      vertex 60.2015 -4.41263 0.133974
      vertex 59.8537 -3.89774 0.0340738
      vertex 60.0867 -3.83531 0.133974
    endloop
  endfacet
  facet normal 0.269611 0.546697 -0.792737
    outer loop
      vertex 57.99 -1.10287 0.133974
      vertex 57.4621 -0.842529 0.133974
      vertex 58.0936 -0.923523 0.292892
    endloop
  endfacet
  facet normal 0.609267 0.694804 -0.382153
    outer loop
      vertex 59.1808 -1.55919 0.5
      vertex 58.7022 -1.13951 0.5
      vertex 58.7631 -1.06026 0.74118
    endloop
  endfacet
  facet normal 0.751791 0.659401 0
    outer loop
      vertex 59.7068 -1.95619 1.5
      vertex 59.2755 -1.46446 1
      vertex 59.2755 -1.46446 1.5
    endloop
  endfacet
  facet normal 0.751791 0.659401 0
    outer loop
      vertex 59.2755 -1.46446 1
      vertex 59.7068 -1.95619 1.5
      vertex 59.7068 -1.95619 1
    endloop
  endfacet
  facet normal 0.972421 0.193432 -0.130309
    outer loop
      vertex 60.6634 -4.35181 0.74118
      vertex 60.5696 -3.7059 1
      vertex 60.6972 -4.34737 1
    endloop
  endfacet
  facet normal 0.79339 0 -0.608714
    outer loop
      vertex 60.606 -162.23 0.5
      vertex 60.4471 -5 0.292892
      vertex 60.606 -5 0.5
    endloop
  endfacet
  facet normal 0.79339 0 -0.608714
    outer loop
      vertex 60.4471 -5 0.292892
      vertex 60.606 -162.23 0.5
      vertex 60.4471 -162.23 0.292892
    endloop
  endfacet
  facet normal 0.906464 0.18034 -0.381838
    outer loop
      vertex 60.5644 -4.36485 0.5
      vertex 60.4402 -3.74057 0.5
      vertex 60.6634 -4.35181 0.74118
    endloop
  endfacet
  facet normal 0.93887 0.318701 -0.130205
    outer loop
      vertex 60.5367 -3.71472 0.74118
      vertex 60.3279 -3.09961 0.74118
      vertex 60.5696 -3.7059 1
    endloop
  endfacet
  facet normal 0.989343 0.0648819 -0.130348
    outer loop
      vertex 60.7059 -5 0.74118
      vertex 60.6972 -4.34737 1
      vertex 60.74 -5 1
    endloop
  endfacet
  facet normal 0.169571 0.343843 -0.92359
    outer loop
      vertex 57.99 -1.10287 0.133974
      vertex 57.3698 -1.06535 0.0340738
      vertex 57.4621 -0.842529 0.133974
    endloop
  endfacet
  facet normal 0.382537 0.0250739 -0.9236
    outer loop
      vertex 60.24 -5 0.133974
      vertex 59.9988 -5 0.0340738
      vertex 60.2015 -4.41263 0.133974
    endloop
  endfacet
  facet normal 0.745369 0.653768 -0.130433
    outer loop
      vertex 59.6797 -1.97693 0.74118
      vertex 59.2755 -1.46446 1
      vertex 59.7068 -1.95619 1
    endloop
  endfacet
  facet normal 0.824379 0.550858 -0.130207
    outer loop
      vertex 60.0406 -2.51703 0.74118
      vertex 59.6797 -1.97693 0.74118
      vertex 60.0701 -2.5 1
    endloop
  endfacet
  facet normal 0.123865 0.042053 -0.991408
    outer loop
      vertex 59.8537 -3.89774 0.0340738
      vertex 59.4355 -3.46925 0
      vertex 59.6746 -3.37021 0.0340738
    endloop
  endfacet
  facet normal 0.128286 0.0255225 -0.991409
    outer loop
      vertex 59.9624 -4.44411 0.0340738
      vertex 59.6037 -3.96472 0
      vertex 59.8537 -3.89774 0.0340738
    endloop
  endfacet
  facet normal 0.130529 0.00854714 -0.991408
    outer loop
      vertex 59.9988 -5 0.0340738
      vertex 59.74 -5 0
      vertex 59.9624 -4.44411 0.0340738
    endloop
  endfacet
  facet normal 0.83145 -0.5556 0
    outer loop
      vertex 56.6071 -174.405 1.5
      vertex 58.0605 -172.23 1
      vertex 58.0605 -172.23 1.5
    endloop
  endfacet
  facet normal 0.83145 -0.5556 0
    outer loop
      vertex 58.0605 -172.23 1
      vertex 56.6071 -174.405 1.5
      vertex 56.6071 -174.405 1
    endloop
  endfacet
  facet normal 0.597646 -0.118844 -0.792903
    outer loop
      vertex 59.7756 -167.331 0.292892
      vertex 59.5755 -167.277 0.133974
      vertex 60.2785 -164.802 0.292892
    endloop
  endfacet
  facet normal 0.376208 -0.0748356 -0.923508
    outer loop
      vertex 59.5755 -167.277 0.133974
      vertex 59.3426 -167.215 0.0340738
      vertex 60.0732 -164.775 0.133974
    endloop
  endfacet
  facet normal 0.130515 -0.00855715 -0.991409
    outer loop
      vertex 59.834 -164.744 0.0340738
      vertex 59.5774 -164.71 0
      vertex 59.74 -162.23 0
    endloop
  endfacet
  facet normal 0.34402 -0.16968 -0.923504
    outer loop
      vertex 58.7556 -169.692 0.133974
      vertex 57.4186 -171.859 0.0340738
      vertex 58.5328 -169.6 0.0340738
    endloop
  endfacet
  facet normal 0.117324 -0.0578673 -0.991406
    outer loop
      vertex 58.5328 -169.6 0.0340738
      vertex 57.4186 -171.859 0.0340738
      vertex 58.2937 -169.501 0
    endloop
  endfacet
  facet normal 0.939023 -0.318654 -0.129214
    outer loop
      vertex 60.0585 -167.406 1
      vertex 59.2176 -169.884 1
      vertex 60.0256 -167.398 0.74118
    endloop
  endfacet
  facet normal 0.889209 -0.438568 -0.130251
    outer loop
      vertex 59.2176 -169.884 1
      vertex 58.031 -172.213 0.74118
      vertex 59.1861 -169.871 0.74118
    endloop
  endfacet
  facet normal 0.71274 -0.351468 -0.607018
    outer loop
      vertex 59.0938 -169.832 0.5
      vertex 57.8069 -172.084 0.292892
      vertex 58.947 -169.772 0.292892
    endloop
  endfacet
  facet normal 0.546088 -0.269288 -0.793266
    outer loop
      vertex 58.947 -169.772 0.292892
      vertex 57.8069 -172.084 0.292892
      vertex 58.7556 -169.692 0.133974
    endloop
  endfacet
  facet normal 0.653758 -0.745444 -0.130051
    outer loop
      vertex 52.9152 -178.097 1
      vertex 52.8945 -178.07 0.74118
      vertex 54.858 -176.348 0.74118
    endloop
  endfacet
  facet normal -0.946958 -0.321357 0
    outer loop
      vertex 1.5224 -169.884 1
      vertex 0.681473 -167.406 1.5
      vertex 0.681473 -167.406 1
    endloop
  endfacet
  facet normal -0.946958 -0.321357 0
    outer loop
      vertex 0.681473 -167.406 1.5
      vertex 1.5224 -169.884 1
      vertex 1.5224 -169.884 1.5
    endloop
  endfacet
  facet normal -0.98934 -0.0648451 -0.130388
    outer loop
      vertex 0.171097 -164.841 1
      vertex 0.0340729 -162.23 0.74118
      vertex 0.20488 -164.836 0.74118
    endloop
  endfacet
  facet normal -0.751922 -0.255245 -0.607834
    outer loop
      vertex 1.793 -169.772 0.292892
      vertex 0.810883 -167.372 0.5
      vertex 0.964386 -167.331 0.292892
    endloop
  endfacet
  facet normal -0.363141 -0.123296 -0.92354
    outer loop
      vertex 1.98434 -169.692 0.133974
      vertex 1.3974 -167.215 0.0340738
      vertex 2.20717 -169.6 0.0340738
    endloop
  endfacet
  facet normal -0.712475 -0.351298 -0.607429
    outer loop
      vertex 2.79552 -172.163 0.5
      vertex 1.64618 -169.832 0.5
      vertex 2.93314 -172.084 0.292892
    endloop
  endfacet
  facet normal -0.0982428 -0.0861362 -0.991428
    outer loop
      vertex 6.56496 -175.665 0
      vertex 4.72095 -173.954 0.0340738
      vertex 4.92628 -173.796 0
    endloop
  endfacet
  facet normal -0.051924 0.792282 -0.607941
    outer loop
      vertex 5 -0.292892 0.292892
      vertex 4.36485 -0.175598 0.5
      vertex 5 -0.133972 0.5
    endloop
  endfacet
  facet normal -0.154896 0.778725 -0.607943
    outer loop
      vertex 4.38559 -0.33316 0.292892
      vertex 3.78171 -0.453278 0.292892
      vertex 4.36485 -0.175598 0.5
    endloop
  endfacet
  facet normal -0.255212 0.751835 -0.607956
    outer loop
      vertex 3.19865 -0.651199 0.292892
      vertex 3.13785 -0.504364 0.5
      vertex 3.78171 -0.453278 0.292892
    endloop
  endfacet
  facet normal -0.297066 0.875133 -0.381961
    outer loop
      vertex 3.13785 -0.504364 0.5
      vertex 3.09961 -0.412079 0.74118
      vertex 3.71472 -0.203278 0.74118
    endloop
  endfacet
  facet normal -0.653737 0.745425 -0.130264
    outer loop
      vertex 1.97693 -1.06026 0.74118
      vertex 1.48856 -1.48856 0.74118
      vertex 1.95619 -1.03322 1
    endloop
  endfacet
  facet normal -0.596928 0.523505 -0.607964
    outer loop
      vertex 1.67157 -1.67157 0.292892
      vertex 1.26559 -2.13449 0.292892
      vertex 1.55919 -1.55919 0.5
    endloop
  endfacet
  facet normal -0.653753 -0.745453 -0.130024
    outer loop
      vertex 7.8455 -178.07 0.74118
      vertex 5.85785 -176.372 1
      vertex 5.88196 -176.348 0.74118
    endloop
  endfacet
  facet normal -0.768876 -0.513868 -0.380486
    outer loop
      vertex 4.15996 -174.384 0.74118
      vertex 2.709 -172.213 0.74118
      vertex 4.23921 -174.324 0.5
    endloop
  endfacet
  facet normal -0.458743 -0.402252 -0.792306
    outer loop
      vertex 6.06496 -176.165 0.292892
      vertex 4.5296 -174.101 0.133974
      vertex 6.21141 -176.019 0.133974
    endloop
  endfacet
  facet normal -0.213201 -0.319102 -0.923428
    outer loop
      vertex 10.25 -179.117 0.133974
      vertex 8.12915 -177.7 0.133974
      vertex 8.27597 -177.509 0.0340738
    endloop
  endfacet
  facet normal -0.0576752 -0.116976 -0.991459
    outer loop
      vertex 12.63 -180.023 0.0340738
      vertex 10.3706 -178.909 0.0340738
      vertex 10.5 -178.684 0
    endloop
  endfacet
  facet normal -0.118547 -0.596718 -0.793646
    outer loop
      vertex 17.4277 -181.769 0.292892
      vertex 14.953 -181.066 0.133974
      vertex 17.4547 -181.563 0.133974
    endloop
  endfacet
  facet normal -0.745525 -0.653663 -0.130062
    outer loop
      vertex 5.85785 -176.372 1
      vertex 4.15996 -174.384 0.74118
      vertex 5.88196 -176.348 0.74118
    endloop
  endfacet
  facet normal -0.0420704 -0.123916 -0.991401
    outer loop
      vertex 15.0824 -180.583 0
      vertex 12.63 -180.023 0.0340738
      vertex 12.729 -179.784 0
    endloop
  endfacet
  facet normal -0.194947 -0.980814 0
    outer loop
      vertex 14.8236 -181.549 1
      vertex 17.3895 -182.059 1.5
      vertex 14.8236 -181.549 1.5
    endloop
  endfacet
  facet normal -0.194947 -0.980814 -0
    outer loop
      vertex 17.3895 -182.059 1.5
      vertex 14.8236 -181.549 1
      vertex 17.3895 -182.059 1
    endloop
  endfacet
  facet normal -0.0648102 -0.989397 -0.129973
    outer loop
      vertex 20 -182.23 1
      vertex 17.3895 -182.059 1
      vertex 20 -182.196 0.74118
    endloop
  endfacet
  facet normal 0 -0.923744 -0.38301
    outer loop
      vertex 20 -182.096 0.5
      vertex 40.74 -182.196 0.74118
      vertex 20 -182.196 0.74118
    endloop
  endfacet
  facet normal 0 -0.923744 -0.38301
    outer loop
      vertex 40.74 -182.196 0.74118
      vertex 20 -182.096 0.5
      vertex 40.74 -182.096 0.5
    endloop
  endfacet
  facet normal 0.0862587 -0.0983371 -0.991408
    outer loop
      vertex 54.358 -175.848 0.0340738
      vertex 52.3065 -177.304 0
      vertex 54.175 -175.665 0
    endloop
  endfacet
  facet normal 0.0251174 -0.382807 -0.923487
    outer loop
      vertex 43.2852 -181.563 0.133974
      vertex 40.74 -181.73 0.133974
      vertex 40.74 -181.489 0.0340738
    endloop
  endfacet
  facet normal 0.270009 -0.547122 -0.792308
    outer loop
      vertex 48.2816 -180.437 0.292892
      vertex 48.2023 -180.246 0.133974
      vertex 50.49 -179.117 0.133974
    endloop
  endfacet
  facet normal 0.550882 -0.824125 -0.131708
    outer loop
      vertex 50.74 -179.551 1
      vertex 50.723 -179.521 0.74118
      vertex 52.9152 -178.097 1
    endloop
  endfacet
  facet normal 0.155109 -0.779737 -0.606589
    outer loop
      vertex 43.333 -181.926 0.5
      vertex 43.3123 -181.769 0.292892
      vertex 45.8817 -181.419 0.5
    endloop
  endfacet
  facet normal -0.363041 0.123236 -0.923588
    outer loop
      vertex 1.06535 -3.37021 0.0340738
      vertex 0.65332 -3.83531 0.133974
      vertex 0.842529 -3.27792 0.133974
    endloop
  endfacet
  facet normal -0.778725 0.154897 -0.607943
    outer loop
      vertex 0.453278 -3.78171 0.292892
      vertex 0.175598 -4.36485 0.5
      vertex 0.299774 -3.74057 0.5
    endloop
  endfacet
  facet normal 0.108673 -0.0726009 -0.991423
    outer loop
      vertex 56.019 -173.954 0.0340738
      vertex 55.8137 -173.796 0
      vertex 57.4186 -171.859 0.0340738
    endloop
  endfacet
  facet normal 0.318492 -0.212794 -0.923732
    outer loop
      vertex 57.6275 -171.98 0.133974
      vertex 56.2104 -174.101 0.133974
      vertex 57.4186 -171.859 0.0340738
    endloop
  endfacet
  facet normal 0.287907 -0.252452 -0.923784
    outer loop
      vertex 54.5286 -176.019 0.133974
      vertex 54.358 -175.848 0.0340738
      vertex 56.2104 -174.101 0.133974
    endloop
  endfacet
  facet normal 0.401152 -0.457662 -0.793488
    outer loop
      vertex 52.7369 -177.865 0.292892
      vertex 52.6108 -177.7 0.133974
      vertex 54.5286 -176.019 0.133974
    endloop
  endfacet
  facet normal 0.458797 -0.402296 -0.792252
    outer loop
      vertex 54.675 -176.165 0.292892
      vertex 54.5286 -176.019 0.133974
      vertex 56.2104 -174.101 0.133974
    endloop
  endfacet
  facet normal 0.458375 -0.402013 -0.79264
    outer loop
      vertex 56.3747 -174.227 0.292892
      vertex 54.675 -176.165 0.292892
      vertex 56.2104 -174.101 0.133974
    endloop
  endfacet
  facet normal -0.402227 -0.458874 -0.792243
    outer loop
      vertex 8.12915 -177.7 0.133974
      vertex 6.06496 -176.165 0.292892
      vertex 6.21141 -176.019 0.133974
    endloop
  endfacet
  facet normal -0.33807 -0.506002 -0.793518
    outer loop
      vertex 10.1464 -179.297 0.292892
      vertex 8.00307 -177.865 0.292892
      vertex 10.25 -179.117 0.133974
    endloop
  endfacet
  facet normal -0.0251164 -0.382807 -0.923487
    outer loop
      vertex 20 -181.73 0.133974
      vertex 17.4547 -181.563 0.133974
      vertex 20 -181.489 0.0340738
    endloop
  endfacet
  facet normal 0.0747953 0.37601 -0.923592
    outer loop
      vertex 56.8423 -0.886292 0.0340738
      vertex 56.2959 -0.777603 0.0340738
      vertex 56.9047 -0.65332 0.133974
    endloop
  endfacet
  facet normal -0.577245 0.195949 -0.792712
    outer loop
      vertex 0.65332 -3.83531 0.133974
      vertex 0.453278 -3.78171 0.292892
      vertex 0.842529 -3.27792 0.133974
    endloop
  endfacet
  facet normal -0.128288 0.0255202 -0.991409
    outer loop
      vertex 1.13629 -3.96472 0
      vertex 0.777603 -4.44411 0.0340738
      vertex 0.886292 -3.89774 0.0340738
    endloop
  endfacet
  facet normal -0.401942 0.458315 -0.792711
    outer loop
      vertex 1.81801 -1.81801 0.133974
      vertex 1.67157 -1.67157 0.292892
      vertex 2.13449 -1.26559 0.292892
    endloop
  endfacet
  facet normal -0.50686 0.33867 -0.792714
    outer loop
      vertex 1.10287 -2.75 0.133974
      vertex 0.923523 -2.64644 0.292892
      vertex 1.4299 -2.26056 0.133974
    endloop
  endfacet
  facet normal -0.0983403 0.0862456 -0.991409
    outer loop
      vertex 2.17157 -2.17157 0
      vertex 1.82658 -2.56494 0
      vertex 1.98856 -1.98856 0.0340738
    endloop
  endfacet
  facet normal -0.980786 0.195086 0
    outer loop
      vertex 0.0427704 -4.34737 1
      vertex 0.170364 -3.7059 1.5
      vertex 0.170364 -3.7059 1
    endloop
  endfacet
  facet normal -0.980786 0.195086 0
    outer loop
      vertex 0.170364 -3.7059 1.5
      vertex 0.0427704 -4.34737 1
      vertex 0.0427704 -4.34737 1.5
    endloop
  endfacet
  facet normal -0.906413 0.180296 -0.38198
    outer loop
      vertex 0.299774 -3.74057 0.5
      vertex 0.0765533 -4.35181 0.74118
      vertex 0.203278 -3.71472 0.74118
    endloop
  endfacet
  facet normal -0.609368 0.694834 -0.381938
    outer loop
      vertex 1.55919 -1.55919 0.5
      vertex 1.48856 -1.48856 0.74118
      vertex 1.97693 -1.06026 0.74118
    endloop
  endfacet
  facet normal -0.694834 0.609368 -0.381938
    outer loop
      vertex 1.55919 -1.55919 0.5
      vertex 1.06026 -1.97693 0.74118
      vertex 1.48856 -1.48856 0.74118
    endloop
  endfacet
  facet normal -0.458312 0.401933 -0.792717
    outer loop
      vertex 1.4299 -2.26056 0.133974
      vertex 1.26559 -2.13449 0.292892
      vertex 1.81801 -1.81801 0.133974
    endloop
  endfacet
  facet normal -0.546723 0.269618 -0.792717
    outer loop
      vertex 0.842529 -3.27792 0.133974
      vertex 0.651199 -3.19865 0.292892
      vertex 0.923523 -2.64644 0.292892
    endloop
  endfacet
  facet normal -0.751835 0.255212 -0.607956
    outer loop
      vertex 0.651199 -3.19865 0.292892
      vertex 0.453278 -3.78171 0.292892
      vertex 0.504364 -3.13785 0.5
    endloop
  endfacet
  facet normal -0.751844 0.255209 -0.607946
    outer loop
      vertex 0.453278 -3.78171 0.292892
      vertex 0.299774 -3.74057 0.5
      vertex 0.504364 -3.13785 0.5
    endloop
  endfacet
  facet normal -0.0420419 0.123861 -0.991409
    outer loop
      vertex 3.96472 -1.13629 0
      vertex 3.37021 -1.06535 0.0340738
      vertex 3.89774 -0.886292 0.0340738
    endloop
  endfacet
  facet normal -0.0255202 0.128288 -0.991409
    outer loop
      vertex 3.96472 -1.13629 0
      vertex 3.89774 -0.886292 0.0340738
      vertex 4.44411 -0.777603 0.0340738
    endloop
  endfacet
  facet normal -0.0747887 0.376035 -0.923583
    outer loop
      vertex 4.44411 -0.777603 0.0340738
      vertex 3.83531 -0.65332 0.133974
      vertex 4.41263 -0.538498 0.133974
    endloop
  endfacet
  facet normal -0.0398678 0.608269 -0.792729
    outer loop
      vertex 4.41263 -0.538498 0.133974
      vertex 4.38559 -0.33316 0.292892
      vertex 5 -0.5 0.133974
    endloop
  endfacet
  facet normal -0.252774 0.288229 -0.923596
    outer loop
      vertex 2.40739 -1.62125 0.0340738
      vertex 1.98856 -1.98856 0.0340738
      vertex 2.26056 -1.4299 0.133974
    endloop
  endfacet
  facet normal -0.212987 0.318759 -0.923596
    outer loop
      vertex 2.40739 -1.62125 0.0340738
      vertex 2.26056 -1.4299 0.133974
      vertex 2.87059 -1.31175 0.0340738
    endloop
  endfacet
  facet normal -0.318709 0.938863 -0.130234
    outer loop
      vertex 3.09961 -0.412079 0.74118
      vertex 3.08658 -0.3806 1
      vertex 3.7059 -0.170364 1
    endloop
  endfacet
  facet normal -0.193428 0.97243 -0.130255
    outer loop
      vertex 3.71472 -0.203278 0.74118
      vertex 3.7059 -0.170364 1
      vertex 4.35181 -0.0765533 0.74118
    endloop
  endfacet
  facet normal 0.351176 0.712143 -0.607888
    outer loop
      vertex 58.0936 -0.923523 0.292892
      vertex 57.6021 -0.504364 0.5
      vertex 58.173 -0.785889 0.5
    endloop
  endfacet
  facet normal 0.123231 0.363036 -0.92359
    outer loop
      vertex 57.3698 -1.06535 0.0340738
      vertex 56.8423 -0.886292 0.0340738
      vertex 56.9047 -0.65332 0.133974
    endloop
  endfacet
  facet normal 0.0519281 0.792282 -0.607941
    outer loop
      vertex 56.3751 -0.175598 0.5
      vertex 55.74 -0.292892 0.292892
      vertex 55.74 -0.133972 0.5
    endloop
  endfacet
  facet normal 0.0604364 0.922186 -0.381994
    outer loop
      vertex 56.3751 -0.175598 0.5
      vertex 55.74 -0.0340729 0.74118
      vertex 56.3882 -0.0765533 0.74118
    endloop
  endfacet
  facet normal 0.745423 0.653736 -0.130283
    outer loop
      vertex 59.6797 -1.97693 0.74118
      vertex 59.2514 -1.48856 0.74118
      vertex 59.2755 -1.46446 1
    endloop
  endfacet
  facet normal 0.513415 0.768367 -0.382122
    outer loop
      vertex 58.7022 -1.13951 0.5
      vertex 58.223 -0.699371 0.74118
      vertex 58.7631 -1.06026 0.74118
    endloop
  endfacet
  facet normal 0.193426 0.972435 -0.130217
    outer loop
      vertex 57.0253 -0.203278 0.74118
      vertex 56.3882 -0.0765533 0.74118
      vertex 56.3926 -0.0427704 1
    endloop
  endfacet
  facet normal 0.555574 0.831467 -0
    outer loop
      vertex 58.7838 -1.03322 1
      vertex 58.24 -0.669861 1.5
      vertex 58.7838 -1.03322 1.5
    endloop
  endfacet
  facet normal 0.555574 0.831467 0
    outer loop
      vertex 58.24 -0.669861 1.5
      vertex 58.7838 -1.03322 1
      vertex 58.24 -0.669861 1
    endloop
  endfacet
  facet normal 0.442266 0.896884 -0
    outer loop
      vertex 58.24 -0.669861 1
      vertex 57.6534 -0.3806 1.5
      vertex 58.24 -0.669861 1.5
    endloop
  endfacet
  facet normal 0.442266 0.896884 0
    outer loop
      vertex 57.6534 -0.3806 1.5
      vertex 58.24 -0.669861 1
      vertex 57.6534 -0.3806 1
    endloop
  endfacet
  facet normal 0.831514 0.555504 0
    outer loop
      vertex 60.0701 -2.5 1.5
      vertex 59.7068 -1.95619 1
      vertex 59.7068 -1.95619 1.5
    endloop
  endfacet
  facet normal 0.831514 0.555504 0
    outer loop
      vertex 59.7068 -1.95619 1
      vertex 60.0701 -2.5 1.5
      vertex 60.0701 -2.5 1
    endloop
  endfacet
  facet normal 0.922189 0.0604654 -0.381983
    outer loop
      vertex 60.7059 -5 0.74118
      vertex 60.606 -5 0.5
      vertex 60.6634 -4.35181 0.74118
    endloop
  endfacet
  facet normal 0.906415 0.180261 -0.381992
    outer loop
      vertex 60.6634 -4.35181 0.74118
      vertex 60.4402 -3.74057 0.5
      vertex 60.5367 -3.71472 0.74118
    endloop
  endfacet
  facet normal 0.889235 0.438527 -0.130208
    outer loop
      vertex 60.3279 -3.09961 0.74118
      vertex 60.0406 -2.51703 0.74118
      vertex 60.0701 -2.5 1
    endloop
  endfacet
  facet normal 0.889208 0.438555 -0.130301
    outer loop
      vertex 60.3279 -3.09961 0.74118
      vertex 60.0701 -2.5 1
      vertex 60.3594 -3.08658 1
    endloop
  endfacet
  facet normal 0.792206 0.0519619 -0.608037
    outer loop
      vertex 60.4471 -5 0.292892
      vertex 60.4068 -4.38559 0.292892
      vertex 60.5644 -4.36485 0.5
    endloop
  endfacet
  facet normal 0.54667 0.269545 -0.792778
    outer loop
      vertex 59.8974 -3.27792 0.133974
      vertex 59.6371 -2.75 0.133974
      vertex 59.8165 -2.64644 0.292892
    endloop
  endfacet
  facet normal 0.338668 0.506817 -0.792743
    outer loop
      vertex 58.4794 -1.4299 0.133974
      vertex 57.99 -1.10287 0.133974
      vertex 58.6055 -1.26559 0.292892
    endloop
  endfacet
  facet normal 0.0983418 0.0862494 -0.991408
    outer loop
      vertex 58.9134 -2.56494 0
      vertex 58.5684 -2.17157 0
      vertex 58.7514 -1.98856 0.0340738
    endloop
  endfacet
  facet normal 0.343824 0.169528 -0.923604
    outer loop
      vertex 59.8974 -3.27792 0.133974
      vertex 59.4282 -2.87059 0.0340738
      vertex 59.6371 -2.75 0.133974
    endloop
  endfacet
  facet normal 0.401983 0.458343 -0.792673
    outer loop
      vertex 58.922 -1.81801 0.133974
      vertex 58.6055 -1.26559 0.292892
      vertex 59.0684 -1.67157 0.292892
    endloop
  endfacet
  facet normal 0.318712 0.212956 -0.923619
    outer loop
      vertex 59.4282 -2.87059 0.0340738
      vertex 59.1187 -2.40739 0.0340738
      vertex 59.3101 -2.26056 0.133974
    endloop
  endfacet
  facet normal 0.45831 0.401957 -0.792705
    outer loop
      vertex 59.3101 -2.26056 0.133974
      vertex 59.0684 -1.67157 0.292892
      vertex 59.4744 -2.13449 0.292892
    endloop
  endfacet
  facet normal 0.130523 0.00854972 -0.991408
    outer loop
      vertex 59.74 -5 0
      vertex 59.7058 -4.47789 0
      vertex 59.9624 -4.44411 0.0340738
    endloop
  endfacet
  facet normal 0.338073 -0.506 -0.793518
    outer loop
      vertex 50.5936 -179.297 0.292892
      vertex 50.49 -179.117 0.133974
      vertex 52.7369 -177.865 0.292892
    endloop
  endfacet
  facet normal 0.363284 -0.123336 -0.923479
    outer loop
      vertex 59.5755 -167.277 0.133974
      vertex 58.7556 -169.692 0.133974
      vertex 59.3426 -167.215 0.0340738
    endloop
  endfacet
  facet normal 0.597941 -0.118943 -0.792666
    outer loop
      vertex 60.2785 -164.802 0.292892
      vertex 59.5755 -167.277 0.133974
      vertex 60.0732 -164.775 0.133974
    endloop
  endfacet
  facet normal 0.0982507 -0.0861442 -0.991426
    outer loop
      vertex 56.019 -173.954 0.0340738
      vertex 54.175 -175.665 0
      vertex 55.8137 -173.796 0
    endloop
  endfacet
  facet normal 0.108858 -0.0727547 -0.991391
    outer loop
      vertex 57.4186 -171.859 0.0340738
      vertex 55.8137 -173.796 0
      vertex 57.1945 -171.73 0
    endloop
  endfacet
  facet normal 0.828423 -0.408587 -0.383109
    outer loop
      vertex 59.1861 -169.871 0.74118
      vertex 58.031 -172.213 0.74118
      vertex 59.0938 -169.832 0.5
    endloop
  endfacet
  facet normal 0.874798 -0.296964 -0.382807
    outer loop
      vertex 59.1861 -169.871 0.74118
      vertex 59.0938 -169.832 0.5
      vertex 60.0256 -167.398 0.74118
    endloop
  endfacet
  facet normal 0.576924 -0.195837 -0.792973
    outer loop
      vertex 59.7756 -167.331 0.292892
      vertex 58.947 -169.772 0.292892
      vertex 59.5755 -167.277 0.133974
    endloop
  endfacet
  facet normal 0.751929 -0.255243 -0.607828
    outer loop
      vertex 59.9291 -167.372 0.5
      vertex 58.947 -169.772 0.292892
      vertex 59.7756 -167.331 0.292892
    endloop
  endfacet
  facet normal -0.889213 -0.438577 -0.130193
    outer loop
      vertex 2.67949 -172.23 1
      vertex 1.55388 -169.871 0.74118
      vertex 2.709 -172.213 0.74118
    endloop
  endfacet
  facet normal -0.546404 -0.269419 -0.793004
    outer loop
      vertex 2.93314 -172.084 0.292892
      vertex 1.98434 -169.692 0.133974
      vertex 3.1125 -171.98 0.133974
    endloop
  endfacet
  facet normal -0.889215 -0.438577 -0.130183
    outer loop
      vertex 2.67949 -172.23 1
      vertex 1.5224 -169.884 1
      vertex 1.55388 -169.871 0.74118
    endloop
  endfacet
  facet normal -0.939014 -0.318661 -0.12926
    outer loop
      vertex 1.5224 -169.884 1
      vertex 0.681473 -167.406 1
      vertex 0.714386 -167.398 0.74118
    endloop
  endfacet
  facet normal -0.906427 -0.180275 -0.381958
    outer loop
      vertex 0.810883 -167.372 0.5
      vertex 0.20488 -164.836 0.74118
      vertex 0.303925 -164.823 0.5
    endloop
  endfacet
  facet normal -0.792282 -0.0519285 -0.607941
    outer loop
      vertex 0.303925 -164.823 0.5
      vertex 0.133972 -162.23 0.5
      vertex 0.292892 -162.23 0.292892
    endloop
  endfacet
  facet normal -0.506477 -0.338391 -0.793078
    outer loop
      vertex 4.5296 -174.101 0.133974
      vertex 2.93314 -172.084 0.292892
      vertex 3.1125 -171.98 0.133974
    endloop
  endfacet
  facet normal -0.576814 -0.195803 -0.793062
    outer loop
      vertex 1.793 -169.772 0.292892
      vertex 0.964386 -167.331 0.292892
      vertex 1.98434 -169.692 0.133974
    endloop
  endfacet
  facet normal -0.31852 -0.212812 -0.923718
    outer loop
      vertex 4.5296 -174.101 0.133974
      vertex 3.1125 -171.98 0.133974
      vertex 3.32137 -171.859 0.0340738
    endloop
  endfacet
  facet normal -0.318671 -0.212891 -0.923648
    outer loop
      vertex 4.5296 -174.101 0.133974
      vertex 3.32137 -171.859 0.0340738
      vertex 4.72095 -173.954 0.0340738
    endloop
  endfacet
  facet normal -0.108842 -0.0727417 -0.991394
    outer loop
      vertex 4.92628 -173.796 0
      vertex 3.32137 -171.859 0.0340738
      vertex 3.54552 -171.73 0
    endloop
  endfacet
  facet normal -0.0983469 -0.0862488 -0.991408
    outer loop
      vertex 6.38196 -175.848 0.0340738
      vertex 4.72095 -173.954 0.0340738
      vertex 6.56496 -175.665 0
    endloop
  endfacet
  facet normal -0.0862483 -0.0983475 -0.991408
    outer loop
      vertex 8.27597 -177.509 0.0340738
      vertex 6.38196 -175.848 0.0340738
      vertex 6.56496 -175.665 0
    endloop
  endfacet
  facet normal -0.980773 -0.195151 0
    outer loop
      vertex 0.681473 -167.406 1
      vertex 0.171097 -164.841 1.5
      vertex 0.171097 -164.841 1
    endloop
  endfacet
  facet normal -0.980773 -0.195151 0
    outer loop
      vertex 0.171097 -164.841 1.5
      vertex 0.681473 -167.406 1
      vertex 0.681473 -167.406 1.5
    endloop
  endfacet
  facet normal -0.118908 0.597862 -0.79273
    outer loop
      vertex 4.41263 -0.538498 0.133974
      vertex 3.83531 -0.65332 0.133974
      vertex 4.38559 -0.33316 0.292892
    endloop
  endfacet
  facet normal -0.118925 0.597883 -0.792712
    outer loop
      vertex 3.83531 -0.65332 0.133974
      vertex 3.78171 -0.453278 0.292892
      vertex 4.38559 -0.33316 0.292892
    endloop
  endfacet
  facet normal -0.269618 0.546723 -0.792717
    outer loop
      vertex 3.27792 -0.842529 0.133974
      vertex 2.64644 -0.923523 0.292892
      vertex 3.19865 -0.651199 0.292892
    endloop
  endfacet
  facet normal -0.195946 0.577243 -0.792714
    outer loop
      vertex 3.27792 -0.842529 0.133974
      vertex 3.19865 -0.651199 0.292892
      vertex 3.78171 -0.453278 0.292892
    endloop
  endfacet
  facet normal -0.523505 0.596928 -0.607964
    outer loop
      vertex 1.67157 -1.67157 0.292892
      vertex 1.55919 -1.55919 0.5
      vertex 2.13449 -1.26559 0.292892
    endloop
  endfacet
  facet normal -0.338664 0.506857 -0.792718
    outer loop
      vertex 2.26056 -1.4299 0.133974
      vertex 2.13449 -1.26559 0.292892
      vertex 2.64644 -0.923523 0.292892
    endloop
  endfacet
  facet normal -0.513448 0.768417 -0.381976
    outer loop
      vertex 2.03775 -1.13951 0.5
      vertex 1.97693 -1.06026 0.74118
      vertex 2.51703 -0.699371 0.74118
    endloop
  endfacet
  facet normal -0.441109 0.66018 -0.607936
    outer loop
      vertex 2.13449 -1.26559 0.292892
      vertex 2.03775 -1.13951 0.5
      vertex 2.64644 -0.923523 0.292892
    endloop
  endfacet
  facet normal -0.0653952 0.997859 0
    outer loop
      vertex 5 0 1
      vertex 4.34737 -0.0427704 1.5
      vertex 5 0 1.5
    endloop
  endfacet
  facet normal -0.0653952 0.997859 0
    outer loop
      vertex 4.34737 -0.0427704 1.5
      vertex 5 0 1
      vertex 4.34737 -0.0427704 1
    endloop
  endfacet
  facet normal -0.659358 -0.751829 0
    outer loop
      vertex 5.85785 -176.372 1
      vertex 7.82477 -178.097 1.5
      vertex 5.85785 -176.372 1.5
    endloop
  endfacet
  facet normal -0.659358 -0.751829 -0
    outer loop
      vertex 7.82477 -178.097 1.5
      vertex 5.85785 -176.372 1
      vertex 7.82477 -178.097 1
    endloop
  endfacet
  facet normal -0.828469 -0.408491 -0.383111
    outer loop
      vertex 2.79552 -172.163 0.5
      vertex 1.55388 -169.871 0.74118
      vertex 1.64618 -169.832 0.5
    endloop
  endfacet
  facet normal -0.874774 -0.297031 -0.382809
    outer loop
      vertex 1.55388 -169.871 0.74118
      vertex 0.810883 -167.372 0.5
      vertex 1.64618 -169.832 0.5
    endloop
  endfacet
  facet normal -0.751855 -0.659328 0
    outer loop
      vertex 5.85785 -176.372 1
      vertex 4.13292 -174.405 1.5
      vertex 4.13292 -174.405 1
    endloop
  endfacet
  facet normal -0.751855 -0.659328 0
    outer loop
      vertex 4.13292 -174.405 1.5
      vertex 5.85785 -176.372 1
      vertex 5.85785 -176.372 1.5
    endloop
  endfacet
  facet normal -0.523643 -0.596987 -0.607787
    outer loop
      vertex 7.90633 -177.991 0.5
      vertex 6.06496 -176.165 0.292892
      vertex 8.00307 -177.865 0.292892
    endloop
  endfacet
  facet normal -0.441157 -0.660296 -0.607774
    outer loop
      vertex 10.1464 -179.297 0.292892
      vertex 7.90633 -177.991 0.5
      vertex 8.00307 -177.865 0.292892
    endloop
  endfacet
  facet normal -0.252402 -0.287948 -0.923785
    outer loop
      vertex 8.12915 -177.7 0.133974
      vertex 6.21141 -176.019 0.133974
      vertex 6.38196 -175.848 0.0340738
    endloop
  endfacet
  facet normal -0.318643 -0.938614 -0.132176
    outer loop
      vertex 14.8236 -181.549 1
      vertex 12.3463 -180.708 1
      vertex 12.3594 -180.676 0.74118
    endloop
  endfacet
  facet normal -0.118962 -0.597953 -0.792654
    outer loop
      vertex 17.4277 -181.769 0.292892
      vertex 14.8994 -181.266 0.292892
      vertex 14.953 -181.066 0.133974
    endloop
  endfacet
  facet normal -0.0397403 -0.608476 -0.792576
    outer loop
      vertex 20 -181.937 0.292892
      vertex 17.4277 -181.769 0.292892
      vertex 20 -181.73 0.133974
    endloop
  endfacet
  facet normal -0.0398292 -0.60705 -0.793665
    outer loop
      vertex 20 -181.73 0.133974
      vertex 17.4277 -181.769 0.292892
      vertex 17.4547 -181.563 0.133974
    endloop
  endfacet
  facet normal 0.0648102 -0.989397 -0.129973
    outer loop
      vertex 43.3505 -182.059 1
      vertex 40.74 -182.23 1
      vertex 40.74 -182.196 0.74118
    endloop
  endfacet
  facet normal -0.318869 -0.938767 -0.130536
    outer loop
      vertex 14.8236 -181.549 1
      vertex 12.3594 -180.676 0.74118
      vertex 14.8324 -181.516 0.74118
    endloop
  endfacet
  facet normal -0.193279 -0.972419 -0.130557
    outer loop
      vertex 17.3895 -182.059 1
      vertex 14.8236 -181.549 1
      vertex 14.8324 -181.516 0.74118
    endloop
  endfacet
  facet normal 0.550865 -0.824399 -0.130058
    outer loop
      vertex 52.9152 -178.097 1
      vertex 50.723 -179.521 0.74118
      vertex 52.8945 -178.07 0.74118
    endloop
  endfacet
  facet normal 0.118962 -0.597953 -0.792654
    outer loop
      vertex 45.8406 -181.266 0.292892
      vertex 43.3123 -181.769 0.292892
      vertex 45.787 -181.066 0.133974
    endloop
  endfacet
  facet normal 0.255617 -0.752667 -0.606756
    outer loop
      vertex 45.8817 -181.419 0.5
      vertex 45.8406 -181.266 0.292892
      vertex 48.2816 -180.437 0.292892
    endloop
  endfacet
  facet normal 0.170008 -0.344807 -0.92315
    outer loop
      vertex 50.49 -179.117 0.133974
      vertex 48.11 -180.023 0.0340738
      vertex 50.3694 -178.909 0.0340738
    endloop
  endfacet
  facet normal 0.408875 -0.829219 -0.381073
    outer loop
      vertex 48.3806 -180.676 0.74118
      vertex 48.3424 -180.584 0.5
      vertex 50.723 -179.521 0.74118
    endloop
  endfacet
  facet normal -0.608269 0.0398678 -0.792729
    outer loop
      vertex 0.5 -5 0.133974
      vertex 0.33316 -4.38559 0.292892
      vertex 0.538498 -4.41263 0.133974
    endloop
  endfacet
  facet normal -0.597883 0.118925 -0.792712
    outer loop
      vertex 0.65332 -3.83531 0.133974
      vertex 0.33316 -4.38559 0.292892
      vertex 0.453278 -3.78171 0.292892
    endloop
  endfacet
  facet normal -0.343851 0.169568 -0.923587
    outer loop
      vertex 1.06535 -3.37021 0.0340738
      vertex 0.842529 -3.27792 0.133974
      vertex 1.10287 -2.75 0.133974
    endloop
  endfacet
  facet normal -0.546731 0.269618 -0.792712
    outer loop
      vertex 1.10287 -2.75 0.133974
      vertex 0.842529 -3.27792 0.133974
      vertex 0.923523 -2.64644 0.292892
    endloop
  endfacet
  facet normal 0.506893 -0.338764 -0.792653
    outer loop
      vertex 56.3747 -174.227 0.292892
      vertex 56.2104 -174.101 0.133974
      vertex 57.8069 -172.084 0.292892
    endloop
  endfacet
  facet normal 0.659884 -0.441011 -0.608327
    outer loop
      vertex 56.5008 -174.324 0.5
      vertex 56.3747 -174.227 0.292892
      vertex 57.8069 -172.084 0.292892
    endloop
  endfacet
  facet normal 0.253026 -0.28852 -0.923436
    outer loop
      vertex 52.6108 -177.7 0.133974
      vertex 52.464 -177.509 0.0340738
      vertex 54.358 -175.848 0.0340738
    endloop
  endfacet
  facet normal 0.213586 -0.319556 -0.923182
    outer loop
      vertex 50.49 -179.117 0.133974
      vertex 50.3694 -178.909 0.0340738
      vertex 52.464 -177.509 0.0340738
    endloop
  endfacet
  facet normal -0.512941 -0.768049 -0.383395
    outer loop
      vertex 10.017 -179.521 0.74118
      vertex 7.90633 -177.991 0.5
      vertex 10.067 -179.434 0.5
    endloop
  endfacet
  facet normal -0.0579131 -0.117353 -0.9914
    outer loop
      vertex 12.63 -180.023 0.0340738
      vertex 10.5 -178.684 0
      vertex 12.729 -179.784 0
    endloop
  endfacet
  facet normal -0.123259 -0.362991 -0.923604
    outer loop
      vertex 14.953 -181.066 0.133974
      vertex 12.63 -180.023 0.0340738
      vertex 15.0154 -180.833 0.0340738
    endloop
  endfacet
  facet normal -0.438392 -0.889022 -0.132106
    outer loop
      vertex 12.3463 -180.708 1
      vertex 10 -179.551 1
      vertex 12.3594 -180.676 0.74118
    endloop
  endfacet
  facet normal 0.03983 -0.607038 -0.793674
    outer loop
      vertex 43.3123 -181.769 0.292892
      vertex 40.74 -181.73 0.133974
      vertex 43.2852 -181.563 0.133974
    endloop
  endfacet
  facet normal 0.00855209 0.130519 -0.991409
    outer loop
      vertex 56.2621 -1.03421 0
      vertex 55.74 -1 0
      vertex 56.2959 -0.777603 0.0340738
    endloop
  endfacet
  facet normal 0.0420431 0.123858 -0.991409
    outer loop
      vertex 57.3698 -1.06535 0.0340738
      vertex 56.7753 -1.13629 0
      vertex 56.8423 -0.886292 0.0340738
    endloop
  endfacet
  facet normal 0.0255185 0.128286 -0.991409
    outer loop
      vertex 56.7753 -1.13629 0
      vertex 56.2959 -0.777603 0.0340738
      vertex 56.8423 -0.886292 0.0340738
    endloop
  endfacet
  facet normal 0.0420443 0.123848 -0.99141
    outer loop
      vertex 57.2707 -1.30447 0
      vertex 56.7753 -1.13629 0
      vertex 57.3698 -1.06535 0.0340738
    endloop
  endfacet
  facet normal 0.0578429 0.1173 -0.991411
    outer loop
      vertex 57.74 -1.53589 0
      vertex 57.2707 -1.30447 0
      vertex 57.3698 -1.06535 0.0340738
    endloop
  endfacet
  facet normal -0.252772 0.288228 -0.923597
    outer loop
      vertex 1.98856 -1.98856 0.0340738
      vertex 1.81801 -1.81801 0.133974
      vertex 2.26056 -1.4299 0.133974
    endloop
  endfacet
  facet normal -0.288228 0.252772 -0.923597
    outer loop
      vertex 1.98856 -1.98856 0.0340738
      vertex 1.4299 -2.26056 0.133974
      vertex 1.81801 -1.81801 0.133974
    endloop
  endfacet
  facet normal -0.0983437 0.0862465 -0.991408
    outer loop
      vertex 1.82658 -2.56494 0
      vertex 1.62125 -2.40739 0.0340738
      vertex 1.98856 -1.98856 0.0340738
    endloop
  endfacet
  facet normal -0.108761 0.0726699 -0.991408
    outer loop
      vertex 1.82658 -2.56494 0
      vertex 1.53589 -3 0
      vertex 1.62125 -2.40739 0.0340738
    endloop
  endfacet
  facet normal -0.318759 0.212987 -0.923596
    outer loop
      vertex 1.62125 -2.40739 0.0340738
      vertex 1.31175 -2.87059 0.0340738
      vertex 1.4299 -2.26056 0.133974
    endloop
  endfacet
  facet normal -0.97243 0.193428 -0.130255
    outer loop
      vertex 0.203278 -3.71472 0.74118
      vertex 0.0765533 -4.35181 0.74118
      vertex 0.170364 -3.7059 1
    endloop
  endfacet
  facet normal -0.938863 0.318709 -0.130234
    outer loop
      vertex 0.412079 -3.09961 0.74118
      vertex 0.170364 -3.7059 1
      vertex 0.3806 -3.08658 1
    endloop
  endfacet
  facet normal -0.792282 0.051924 -0.607941
    outer loop
      vertex 0.292892 -5 0.292892
      vertex 0.133972 -5 0.5
      vertex 0.175598 -4.36485 0.5
    endloop
  endfacet
  facet normal -0.906412 0.180295 -0.381982
    outer loop
      vertex 0.175598 -4.36485 0.5
      vertex 0.0765533 -4.35181 0.74118
      vertex 0.299774 -3.74057 0.5
    endloop
  endfacet
  facet normal -0.831472 0.555567 0
    outer loop
      vertex 0.669861 -2.5 1
      vertex 1.03322 -1.95619 1.5
      vertex 1.03322 -1.95619 1
    endloop
  endfacet
  facet normal -0.831472 0.555567 0
    outer loop
      vertex 1.03322 -1.95619 1.5
      vertex 0.669861 -2.5 1
      vertex 0.669861 -2.5 1.5
    endloop
  endfacet
  facet normal -0.82439 0.550835 -0.130239
    outer loop
      vertex 0.699371 -2.51703 0.74118
      vertex 0.669861 -2.5 1
      vertex 1.03322 -1.95619 1
    endloop
  endfacet
  facet normal -0.745429 0.65373 -0.130283
    outer loop
      vertex 1.48856 -1.48856 0.74118
      vertex 1.03322 -1.95619 1
      vertex 1.46446 -1.46446 1
    endloop
  endfacet
  facet normal -0.555567 0.831472 0
    outer loop
      vertex 2.5 -0.669861 1
      vertex 1.95619 -1.03322 1.5
      vertex 2.5 -0.669861 1.5
    endloop
  endfacet
  facet normal -0.555567 0.831472 0
    outer loop
      vertex 1.95619 -1.03322 1.5
      vertex 2.5 -0.669861 1
      vertex 1.95619 -1.03322 1
    endloop
  endfacet
  facet normal -0.458315 0.401942 -0.792711
    outer loop
      vertex 1.81801 -1.81801 0.133974
      vertex 1.26559 -2.13449 0.292892
      vertex 1.67157 -1.67157 0.292892
    endloop
  endfacet
  facet normal -0.660177 0.441109 -0.607938
    outer loop
      vertex 0.923523 -2.64644 0.292892
      vertex 0.785889 -2.56699 0.5
      vertex 1.13951 -2.03775 0.5
    endloop
  endfacet
  facet normal -0.712096 0.351177 -0.607942
    outer loop
      vertex 0.923523 -2.64644 0.292892
      vertex 0.504364 -3.13785 0.5
      vertex 0.785889 -2.56699 0.5
    endloop
  endfacet
  facet normal -0.82885 0.408755 -0.382004
    outer loop
      vertex 0.785889 -2.56699 0.5
      vertex 0.504364 -3.13785 0.5
      vertex 0.699371 -2.51703 0.74118
    endloop
  endfacet
  facet normal -0.0255187 0.128286 -0.991409
    outer loop
      vertex 4.47789 -1.03421 0
      vertex 3.96472 -1.13629 0
      vertex 4.44411 -0.777603 0.0340738
    endloop
  endfacet
  facet normal -0.0726699 0.108761 -0.991408
    outer loop
      vertex 2.56494 -1.82658 0
      vertex 2.40739 -1.62125 0.0340738
      vertex 3 -1.53589 0
    endloop
  endfacet
  facet normal -0.0726694 0.108758 -0.991409
    outer loop
      vertex 3 -1.53589 0
      vertex 2.40739 -1.62125 0.0340738
      vertex 2.87059 -1.31175 0.0340738
    endloop
  endfacet
  facet normal -0.321447 0.946928 0
    outer loop
      vertex 3.7059 -0.170364 1
      vertex 3.08658 -0.3806 1.5
      vertex 3.7059 -0.170364 1.5
    endloop
  endfacet
  facet normal -0.321447 0.946928 0
    outer loop
      vertex 3.08658 -0.3806 1.5
      vertex 3.7059 -0.170364 1
      vertex 3.08658 -0.3806 1
    endloop
  endfacet
  facet normal -0.195086 0.980786 0
    outer loop
      vertex 4.34737 -0.0427704 1
      vertex 3.7059 -0.170364 1.5
      vertex 4.34737 -0.0427704 1.5
    endloop
  endfacet
  facet normal -0.195086 0.980786 0
    outer loop
      vertex 3.7059 -0.170364 1.5
      vertex 4.34737 -0.0427704 1
      vertex 3.7059 -0.170364 1
    endloop
  endfacet
  facet normal 0.0398661 0.608275 -0.792725
    outer loop
      vertex 56.3274 -0.538498 0.133974
      vertex 55.74 -0.5 0.133974
      vertex 56.3544 -0.33316 0.292892
    endloop
  endfacet
  facet normal 0.0747902 0.376029 -0.923585
    outer loop
      vertex 56.9047 -0.65332 0.133974
      vertex 56.2959 -0.777603 0.0340738
      vertex 56.3274 -0.538498 0.133974
    endloop
  endfacet
  facet normal 0.123233 0.363038 -0.923589
    outer loop
      vertex 57.3698 -1.06535 0.0340738
      vertex 56.9047 -0.65332 0.133974
      vertex 57.4621 -0.842529 0.133974
    endloop
  endfacet
  facet normal 0.118921 0.597884 -0.792712
    outer loop
      vertex 56.9047 -0.65332 0.133974
      vertex 56.3544 -0.33316 0.292892
      vertex 56.9583 -0.453278 0.292892
    endloop
  endfacet
  facet normal 0.297059 0.875105 -0.38203
    outer loop
      vertex 57.6021 -0.504364 0.5
      vertex 56.9994 -0.299774 0.5
      vertex 57.0253 -0.203278 0.74118
    endloop
  endfacet
  facet normal 0.154895 0.77874 -0.607924
    outer loop
      vertex 56.9583 -0.453278 0.292892
      vertex 56.3751 -0.175598 0.5
      vertex 56.9994 -0.299774 0.5
    endloop
  endfacet
  facet normal 0 0.923881 -0.38268
    outer loop
      vertex 55.74 -0.133972 0.5
      vertex 5 -0.0340729 0.74118
      vertex 55.74 -0.0340729 0.74118
    endloop
  endfacet
  facet normal 0 0.923881 -0.38268
    outer loop
      vertex 5 -0.0340729 0.74118
      vertex 55.74 -0.133972 0.5
      vertex 5 -0.133972 0.5
    endloop
  endfacet
  facet normal 0.0604427 0.922192 -0.381981
    outer loop
      vertex 56.3751 -0.175598 0.5
      vertex 55.74 -0.133972 0.5
      vertex 55.74 -0.0340729 0.74118
    endloop
  endfacet
  facet normal 0.659372 0.751817 -0
    outer loop
      vertex 59.2755 -1.46446 1
      vertex 58.7838 -1.03322 1.5
      vertex 59.2755 -1.46446 1.5
    endloop
  endfacet
  facet normal 0.659372 0.751817 0
    outer loop
      vertex 58.7838 -1.03322 1.5
      vertex 59.2755 -1.46446 1
      vertex 58.7838 -1.03322 1
    endloop
  endfacet
  facet normal 0.438502 0.88925 -0.130192
    outer loop
      vertex 58.223 -0.699371 0.74118
      vertex 57.6534 -0.3806 1
      vertex 58.24 -0.669861 1
    endloop
  endfacet
  facet normal 0.550848 0.82439 -0.130183
    outer loop
      vertex 58.7631 -1.06026 0.74118
      vertex 58.223 -0.699371 0.74118
      vertex 58.7838 -1.03322 1
    endloop
  endfacet
  facet normal 0.193416 0.972434 -0.13024
    outer loop
      vertex 57.0253 -0.203278 0.74118
      vertex 56.3926 -0.0427704 1
      vertex 57.0341 -0.170364 1
    endloop
  endfacet
  facet normal 0.382589 0.0250522 -0.923579
    outer loop
      vertex 59.9988 -5 0.0340738
      vertex 59.9624 -4.44411 0.0340738
      vertex 60.2015 -4.41263 0.133974
    endloop
  endfacet
  facet normal 0.376038 0.0748125 -0.923579
    outer loop
      vertex 59.9624 -4.44411 0.0340738
      vertex 59.8537 -3.89774 0.0340738
      vertex 60.2015 -4.41263 0.133974
    endloop
  endfacet
  facet normal 0.778726 0.154927 -0.607934
    outer loop
      vertex 60.5644 -4.36485 0.5
      vertex 60.2867 -3.78171 0.292892
      vertex 60.4402 -3.74057 0.5
    endloop
  endfacet
  facet normal 0.751891 0.255238 -0.607876
    outer loop
      vertex 60.4402 -3.74057 0.5
      vertex 60.0888 -3.19865 0.292892
      vertex 60.2356 -3.13785 0.5
    endloop
  endfacet
  facet normal 0.712155 0.351175 -0.607875
    outer loop
      vertex 60.0888 -3.19865 0.292892
      vertex 59.9541 -2.56699 0.5
      vertex 60.2356 -3.13785 0.5
    endloop
  endfacet
  facet normal 0.768486 0.513447 -0.381839
    outer loop
      vertex 59.9541 -2.56699 0.5
      vertex 59.6005 -2.03775 0.5
      vertex 59.6797 -1.97693 0.74118
    endloop
  endfacet
  facet normal 0.922255 0.0604043 -0.381835
    outer loop
      vertex 60.606 -5 0.5
      vertex 60.5644 -4.36485 0.5
      vertex 60.6634 -4.35181 0.74118
    endloop
  endfacet
  facet normal 0.792321 0.0518941 -0.607894
    outer loop
      vertex 60.606 -5 0.5
      vertex 60.4471 -5 0.292892
      vertex 60.5644 -4.36485 0.5
    endloop
  endfacet
  facet normal 0.0726688 0.108744 -0.99141
    outer loop
      vertex 58.175 -1.82658 0
      vertex 57.74 -1.53589 0
      vertex 58.3326 -1.62125 0.0340738
    endloop
  endfacet
  facet normal 0.0862499 0.0983406 -0.991408
    outer loop
      vertex 58.5684 -2.17157 0
      vertex 58.3326 -1.62125 0.0340738
      vertex 58.7514 -1.98856 0.0340738
    endloop
  endfacet
  facet normal 0.523515 0.597012 -0.607872
    outer loop
      vertex 59.1808 -1.55919 0.5
      vertex 58.6055 -1.26559 0.292892
      vertex 58.7022 -1.13951 0.5
    endloop
  endfacet
  facet normal 0.0726709 0.10876 -0.991408
    outer loop
      vertex 58.3326 -1.62125 0.0340738
      vertex 57.74 -1.53589 0
      vertex 57.8694 -1.31175 0.0340738
    endloop
  endfacet
  facet normal 0.712162 0.351174 -0.607867
    outer loop
      vertex 60.0888 -3.19865 0.292892
      vertex 59.8165 -2.64644 0.292892
      vertex 59.9541 -2.56699 0.5
    endloop
  endfacet
  facet normal 0.318752 0.212961 -0.923604
    outer loop
      vertex 59.4282 -2.87059 0.0340738
      vertex 59.3101 -2.26056 0.133974
      vertex 59.6371 -2.75 0.133974
    endloop
  endfacet
  facet normal 0.40872 0.828844 -0.382054
    outer loop
      vertex 58.223 -0.699371 0.74118
      vertex 57.6021 -0.504364 0.5
      vertex 57.6404 -0.412079 0.74118
    endloop
  endfacet
  facet normal 0.609435 0.69481 -0.381875
    outer loop
      vertex 59.1808 -1.55919 0.5
      vertex 58.7631 -1.06026 0.74118
      vertex 59.2514 -1.48856 0.74118
    endloop
  endfacet
  facet normal 0.653799 0.745389 -0.130164
    outer loop
      vertex 59.2514 -1.48856 0.74118
      vertex 58.7631 -1.06026 0.74118
      vertex 58.7838 -1.03322 1
    endloop
  endfacet
  facet normal 0.653752 0.745409 -0.130283
    outer loop
      vertex 59.2514 -1.48856 0.74118
      vertex 58.7838 -1.03322 1
      vertex 59.2755 -1.46446 1
    endloop
  endfacet
  facet normal 0.57729 0.196058 -0.792652
    outer loop
      vertex 60.0867 -3.83531 0.133974
      vertex 59.8974 -3.27792 0.133974
      vertex 60.2867 -3.78171 0.292892
    endloop
  endfacet
  facet normal 0.362974 0.123273 -0.923609
    outer loop
      vertex 60.0867 -3.83531 0.133974
      vertex 59.8537 -3.89774 0.0340738
      vertex 59.8974 -3.27792 0.133974
    endloop
  endfacet
  facet normal 0.123859 0.0420471 -0.991409
    outer loop
      vertex 59.6037 -3.96472 0
      vertex 59.4355 -3.46925 0
      vertex 59.8537 -3.89774 0.0340738
    endloop
  endfacet
  facet normal 0.128289 0.0255242 -0.991408
    outer loop
      vertex 59.7058 -4.47789 0
      vertex 59.6037 -3.96472 0
      vertex 59.9624 -4.44411 0.0340738
    endloop
  endfacet
  facet normal 0.441527 -0.661128 -0.6066
    outer loop
      vertex 50.673 -179.434 0.5
      vertex 50.5936 -179.297 0.292892
      vertex 52.8337 -177.991 0.5
    endloop
  endfacet
  facet normal 0.52394 -0.597212 -0.607309
    outer loop
      vertex 54.7874 -176.277 0.5
      vertex 52.8337 -177.991 0.5
      vertex 54.675 -176.165 0.292892
    endloop
  endfacet
  facet normal 0.946961 -0.321348 0
    outer loop
      vertex 59.2176 -169.884 1.5
      vertex 60.0585 -167.406 1
      vertex 60.0585 -167.406 1.5
    endloop
  endfacet
  facet normal 0.946961 -0.321348 0
    outer loop
      vertex 60.0585 -167.406 1
      vertex 59.2176 -169.884 1.5
      vertex 59.2176 -169.884 1
    endloop
  endfacet
  facet normal 0.382493 -0.0250735 -0.923618
    outer loop
      vertex 60.0732 -164.775 0.133974
      vertex 59.834 -164.744 0.0340738
      vertex 59.9988 -162.23 0.0340738
    endloop
  endfacet
  facet normal 0.382537 -0.0250716 -0.9236
    outer loop
      vertex 60.0732 -164.775 0.133974
      vertex 59.9988 -162.23 0.0340738
      vertex 60.24 -162.23 0.133974
    endloop
  endfacet
  facet normal 0.288077 -0.252638 -0.92368
    outer loop
      vertex 56.2104 -174.101 0.133974
      vertex 54.358 -175.848 0.0340738
      vertex 56.019 -173.954 0.0340738
    endloop
  endfacet
  facet normal 0.0983472 -0.0862485 -0.991408
    outer loop
      vertex 54.358 -175.848 0.0340738
      vertex 54.175 -175.665 0
      vertex 56.019 -173.954 0.0340738
    endloop
  endfacet
  facet normal -0.597882 -0.11889 -0.792719
    outer loop
      vertex 0.964386 -167.331 0.292892
      vertex 0.461487 -164.802 0.292892
      vertex 0.666824 -164.775 0.133974
    endloop
  endfacet
  facet normal -0.546174 -0.26934 -0.79319
    outer loop
      vertex 2.93314 -172.084 0.292892
      vertex 1.793 -169.772 0.292892
      vertex 1.98434 -169.692 0.133974
    endloop
  endfacet
  facet normal -0.90638 -0.180252 -0.382078
    outer loop
      vertex 0.714386 -167.398 0.74118
      vertex 0.20488 -164.836 0.74118
      vertex 0.810883 -167.372 0.5
    endloop
  endfacet
  facet normal -0.972515 -0.193405 -0.129649
    outer loop
      vertex 0.681473 -167.406 1
      vertex 0.20488 -164.836 0.74118
      vertex 0.714386 -167.398 0.74118
    endloop
  endfacet
  facet normal -0.77864 -0.154835 -0.608067
    outer loop
      vertex 0.964386 -167.331 0.292892
      vertex 0.303925 -164.823 0.5
      vertex 0.461487 -164.802 0.292892
    endloop
  endfacet
  facet normal -0.792248 -0.051932 -0.607986
    outer loop
      vertex 0.303925 -164.823 0.5
      vertex 0.292892 -162.23 0.292892
      vertex 0.461487 -164.802 0.292892
    endloop
  endfacet
  facet normal -0.117324 -0.0578673 -0.991406
    outer loop
      vertex 3.32137 -171.859 0.0340738
      vertex 2.20717 -169.6 0.0340738
      vertex 2.44627 -169.501 0
    endloop
  endfacet
  facet normal -0.12387 -0.0420571 -0.991407
    outer loop
      vertex 2.20717 -169.6 0.0340738
      vertex 1.3974 -167.215 0.0340738
      vertex 2.44627 -169.501 0
    endloop
  endfacet
  facet normal -0.597723 -0.11888 -0.792839
    outer loop
      vertex 0.964386 -167.331 0.292892
      vertex 0.666824 -164.775 0.133974
      vertex 1.16444 -167.277 0.133974
    endloop
  endfacet
  facet normal -0.376132 -0.0748108 -0.923541
    outer loop
      vertex 1.16444 -167.277 0.133974
      vertex 0.90593 -164.744 0.0340738
      vertex 1.3974 -167.215 0.0340738
    endloop
  endfacet
  facet normal -0.576992 -0.195891 -0.79291
    outer loop
      vertex 1.98434 -169.692 0.133974
      vertex 0.964386 -167.331 0.292892
      vertex 1.16444 -167.277 0.133974
    endloop
  endfacet
  facet normal -0.363211 -0.123311 -0.923511
    outer loop
      vertex 1.98434 -169.692 0.133974
      vertex 1.16444 -167.277 0.133974
      vertex 1.3974 -167.215 0.0340738
    endloop
  endfacet
  facet normal -0.45838 -0.402007 -0.79264
    outer loop
      vertex 6.06496 -176.165 0.292892
      vertex 4.3653 -174.227 0.292892
      vertex 4.5296 -174.101 0.133974
    endloop
  endfacet
  facet normal -0.506897 -0.338758 -0.792653
    outer loop
      vertex 4.3653 -174.227 0.292892
      vertex 2.93314 -172.084 0.292892
      vertex 4.5296 -174.101 0.133974
    endloop
  endfacet
  facet normal -0.0863347 -0.0984273 -0.991392
    outer loop
      vertex 8.27597 -177.509 0.0340738
      vertex 6.56496 -175.665 0
      vertex 8.43353 -177.304 0
    endloop
  endfacet
  facet normal -0.287945 -0.252486 -0.923763
    outer loop
      vertex 6.21141 -176.019 0.133974
      vertex 4.5296 -174.101 0.133974
      vertex 6.38196 -175.848 0.0340738
    endloop
  endfacet
  facet normal -0.288115 -0.252673 -0.923659
    outer loop
      vertex 6.38196 -175.848 0.0340738
      vertex 4.5296 -174.101 0.133974
      vertex 4.72095 -173.954 0.0340738
    endloop
  endfacet
  facet normal -0.0578548 0.117311 -0.991409
    outer loop
      vertex 3 -1.53589 0
      vertex 2.87059 -1.31175 0.0340738
      vertex 3.37021 -1.06535 0.0340738
    endloop
  endfacet
  facet normal -0.169568 0.343851 -0.923587
    outer loop
      vertex 3.37021 -1.06535 0.0340738
      vertex 2.75 -1.10287 0.133974
      vertex 3.27792 -0.842529 0.133974
    endloop
  endfacet
  facet normal -0.169568 0.34383 -0.923595
    outer loop
      vertex 2.87059 -1.31175 0.0340738
      vertex 2.75 -1.10287 0.133974
      vertex 3.37021 -1.06535 0.0340738
    endloop
  endfacet
  facet normal -0.438512 0.88924 -0.13023
    outer loop
      vertex 3.09961 -0.412079 0.74118
      vertex 2.5 -0.669861 1
      vertex 3.08658 -0.3806 1
    endloop
  endfacet
  facet normal -0.65373 0.745429 -0.130283
    outer loop
      vertex 1.48856 -1.48856 0.74118
      vertex 1.46446 -1.46446 1
      vertex 1.95619 -1.03322 1
    endloop
  endfacet
  facet normal -0.408747 0.828871 -0.381967
    outer loop
      vertex 3.13785 -0.504364 0.5
      vertex 2.51703 -0.699371 0.74118
      vertex 3.09961 -0.412079 0.74118
    endloop
  endfacet
  facet normal -0.351171 0.712093 -0.60795
    outer loop
      vertex 3.19865 -0.651199 0.292892
      vertex 2.64644 -0.923523 0.292892
      vertex 3.13785 -0.504364 0.5
    endloop
  endfacet
  facet normal -0.523508 0.596955 -0.607935
    outer loop
      vertex 2.13449 -1.26559 0.292892
      vertex 1.55919 -1.55919 0.5
      vertex 2.03775 -1.13951 0.5
    endloop
  endfacet
  facet normal -0.609343 0.694833 -0.381979
    outer loop
      vertex 2.03775 -1.13951 0.5
      vertex 1.55919 -1.55919 0.5
      vertex 1.97693 -1.06026 0.74118
    endloop
  endfacet
  facet normal 0.659362 -0.751826 0
    outer loop
      vertex 52.9152 -178.097 1
      vertex 54.8821 -176.372 1.5
      vertex 52.9152 -178.097 1.5
    endloop
  endfacet
  facet normal 0.659362 -0.751826 0
    outer loop
      vertex 54.8821 -176.372 1.5
      vertex 52.9152 -178.097 1
      vertex 54.8821 -176.372 1
    endloop
  endfacet
  facet normal -0.82437 -0.55088 -0.130176
    outer loop
      vertex 4.13292 -174.405 1
      vertex 2.67949 -172.23 1
      vertex 2.709 -172.213 0.74118
    endloop
  endfacet
  facet normal -0.745385 -0.653654 -0.130909
    outer loop
      vertex 5.85785 -176.372 1
      vertex 4.13292 -174.405 1
      vertex 4.15996 -174.384 0.74118
    endloop
  endfacet
  facet normal -0.938867 -0.318711 -0.130202
    outer loop
      vertex 1.5224 -169.884 1
      vertex 0.714386 -167.398 0.74118
      vertex 1.55388 -169.871 0.74118
    endloop
  endfacet
  facet normal -0.875061 -0.297051 -0.382138
    outer loop
      vertex 1.55388 -169.871 0.74118
      vertex 0.714386 -167.398 0.74118
      vertex 0.810883 -167.372 0.5
    endloop
  endfacet
  facet normal -0.321463 -0.946922 0
    outer loop
      vertex 12.3463 -180.708 1
      vertex 14.8236 -181.549 1.5
      vertex 12.3463 -180.708 1.5
    endloop
  endfacet
  facet normal -0.321463 -0.946922 -0
    outer loop
      vertex 14.8236 -181.549 1.5
      vertex 12.3463 -180.708 1
      vertex 14.8236 -181.549 1
    endloop
  endfacet
  facet normal -0.59669 -0.523308 -0.608366
    outer loop
      vertex 6.06496 -176.165 0.292892
      vertex 4.23921 -174.324 0.5
      vertex 4.3653 -174.227 0.292892
    endloop
  endfacet
  facet normal -0.694478 -0.60927 -0.38274
    outer loop
      vertex 5.88196 -176.348 0.74118
      vertex 4.23921 -174.324 0.5
      vertex 5.95259 -176.277 0.5
    endloop
  endfacet
  facet normal -0.555718 -0.831371 0
    outer loop
      vertex 7.82477 -178.097 1
      vertex 10 -179.551 1.5
      vertex 7.82477 -178.097 1.5
    endloop
  endfacet
  facet normal -0.555718 -0.831371 -0
    outer loop
      vertex 10 -179.551 1.5
      vertex 7.82477 -178.097 1
      vertex 10 -179.551 1
    endloop
  endfacet
  facet normal -0.442268 -0.896883 0
    outer loop
      vertex 10 -179.551 1
      vertex 12.3463 -180.708 1.5
      vertex 10 -179.551 1.5
    endloop
  endfacet
  facet normal -0.442268 -0.896883 -0
    outer loop
      vertex 12.3463 -180.708 1.5
      vertex 10 -179.551 1
      vertex 12.3463 -180.708 1
    endloop
  endfacet
  facet normal 0.0397403 -0.608476 -0.792576
    outer loop
      vertex 43.3123 -181.769 0.292892
      vertex 40.74 -181.937 0.292892
      vertex 40.74 -181.73 0.133974
    endloop
  endfacet
  facet normal 0 -0.608958 -0.793203
    outer loop
      vertex 20 -181.937 0.292892
      vertex 40.74 -181.73 0.133974
      vertex 40.74 -181.937 0.292892
    endloop
  endfacet
  facet normal -0 -0.608958 -0.793203
    outer loop
      vertex 40.74 -181.73 0.133974
      vertex 20 -181.937 0.292892
      vertex 20 -181.73 0.133974
    endloop
  endfacet
  facet normal 0 -0.991482 -0.130246
    outer loop
      vertex 20 -182.196 0.74118
      vertex 40.74 -182.23 1
      vertex 20 -182.23 1
    endloop
  endfacet
  facet normal 0 -0.991482 -0.130246
    outer loop
      vertex 40.74 -182.23 1
      vertex 20 -182.196 0.74118
      vertex 40.74 -182.196 0.74118
    endloop
  endfacet
  facet normal 0.0649098 -0.989248 -0.131056
    outer loop
      vertex 43.3505 -182.059 1
      vertex 40.74 -182.196 0.74118
      vertex 43.3461 -182.025 0.74118
    endloop
  endfacet
  facet normal -0.0649098 -0.989248 -0.131056
    outer loop
      vertex 20 -182.196 0.74118
      vertex 17.3895 -182.059 1
      vertex 17.3939 -182.025 0.74118
    endloop
  endfacet
  facet normal -0.0605131 -0.922241 -0.38185
    outer loop
      vertex 20 -182.196 0.74118
      vertex 17.3939 -182.025 0.74118
      vertex 17.407 -181.926 0.5
    endloop
  endfacet
  facet normal 0 -0.382928 -0.923778
    outer loop
      vertex 20 -181.73 0.133974
      vertex 40.74 -181.489 0.0340738
      vertex 40.74 -181.73 0.133974
    endloop
  endfacet
  facet normal -0 -0.382928 -0.923778
    outer loop
      vertex 40.74 -181.489 0.0340738
      vertex 20 -181.73 0.133974
      vertex 20 -181.489 0.0340738
    endloop
  endfacet
  facet normal 0.169572 -0.343606 -0.923678
    outer loop
      vertex 48.2023 -180.246 0.133974
      vertex 48.11 -180.023 0.0340738
      vertex 50.49 -179.117 0.133974
    endloop
  endfacet
  facet normal 0.0579131 -0.117353 -0.9914
    outer loop
      vertex 48.11 -180.023 0.0340738
      vertex 48.011 -179.784 0
      vertex 50.24 -178.684 0
    endloop
  endfacet
  facet normal 0.12324 -0.362951 -0.923622
    outer loop
      vertex 45.787 -181.066 0.133974
      vertex 45.7245 -180.833 0.0340738
      vertex 48.11 -180.023 0.0340738
    endloop
  endfacet
  facet normal 0.00856544 -0.130321 -0.991435
    outer loop
      vertex 43.2538 -181.324 0.0340738
      vertex 40.74 -181.23 0
      vertex 43.22 -181.067 0
    endloop
  endfacet
  facet normal 0.321463 -0.946922 0
    outer loop
      vertex 45.9164 -181.549 1
      vertex 48.3937 -180.708 1.5
      vertex 45.9164 -181.549 1.5
    endloop
  endfacet
  facet normal 0.321463 -0.946922 0
    outer loop
      vertex 48.3937 -180.708 1.5
      vertex 45.9164 -181.549 1
      vertex 48.3937 -180.708 1
    endloop
  endfacet
  facet normal 0.442268 -0.896883 0
    outer loop
      vertex 48.3937 -180.708 1
      vertex 50.74 -179.551 1.5
      vertex 48.3937 -180.708 1.5
    endloop
  endfacet
  facet normal 0.442268 -0.896883 0
    outer loop
      vertex 50.74 -179.551 1.5
      vertex 48.3937 -180.708 1
      vertex 50.74 -179.551 1
    endloop
  endfacet
  facet normal -0.123861 0.0420419 -0.991409
    outer loop
      vertex 1.13629 -3.96472 0
      vertex 0.886292 -3.89774 0.0340738
      vertex 1.06535 -3.37021 0.0340738
    endloop
  endfacet
  facet normal -0.597862 0.118908 -0.79273
    outer loop
      vertex 0.538498 -4.41263 0.133974
      vertex 0.33316 -4.38559 0.292892
      vertex 0.65332 -3.83531 0.133974
    endloop
  endfacet
  facet normal -0.34383 0.169568 -0.923595
    outer loop
      vertex 1.31175 -2.87059 0.0340738
      vertex 1.06535 -3.37021 0.0340738
      vertex 1.10287 -2.75 0.133974
    endloop
  endfacet
  facet normal -0.318762 0.212988 -0.923594
    outer loop
      vertex 1.31175 -2.87059 0.0340738
      vertex 1.10287 -2.75 0.133974
      vertex 1.4299 -2.26056 0.133974
    endloop
  endfacet
  facet normal 0.0727697 -0.108874 -0.991388
    outer loop
      vertex 52.464 -177.509 0.0340738
      vertex 50.3694 -178.909 0.0340738
      vertex 52.3065 -177.304 0
    endloop
  endfacet
  facet normal 0.0863382 -0.0984495 -0.99139
    outer loop
      vertex 52.464 -177.509 0.0340738
      vertex 52.3065 -177.304 0
      vertex 54.358 -175.848 0.0340738
    endloop
  endfacet
  facet normal -0.196153 -0.577765 -0.792283
    outer loop
      vertex 14.953 -181.066 0.133974
      vertex 12.4584 -180.437 0.292892
      vertex 12.5377 -180.246 0.133974
    endloop
  endfacet
  facet normal -0.255617 -0.752667 -0.606756
    outer loop
      vertex 14.8583 -181.419 0.5
      vertex 12.4584 -180.437 0.292892
      vertex 14.8994 -181.266 0.292892
    endloop
  endfacet
  facet normal -0.0254943 -0.128292 -0.991409
    outer loop
      vertex 17.4862 -181.324 0.0340738
      vertex 15.0154 -180.833 0.0340738
      vertex 15.0824 -180.583 0
    endloop
  endfacet
  facet normal -0.0420563 -0.123853 -0.991409
    outer loop
      vertex 15.0154 -180.833 0.0340738
      vertex 12.63 -180.023 0.0340738
      vertex 15.0824 -180.583 0
    endloop
  endfacet
  facet normal -0.00856115 -0.13043 -0.991421
    outer loop
      vertex 20 -181.489 0.0340738
      vertex 17.4862 -181.324 0.0340738
      vertex 20 -181.23 0
    endloop
  endfacet
  facet normal -0.0251206 -0.382715 -0.923525
    outer loop
      vertex 20 -181.489 0.0340738
      vertex 17.4547 -181.563 0.133974
      vertex 17.4862 -181.324 0.0340738
    endloop
  endfacet
  facet normal -0.609116 -0.694554 -0.382848
    outer loop
      vertex 7.8455 -178.07 0.74118
      vertex 5.88196 -176.348 0.74118
      vertex 5.95259 -176.277 0.5
    endloop
  endfacet
  facet normal -0.408435 -0.828328 -0.383474
    outer loop
      vertex 12.3594 -180.676 0.74118
      vertex 10.017 -179.521 0.74118
      vertex 10.067 -179.434 0.5
    endloop
  endfacet
  facet normal -0.253013 -0.288507 -0.923444
    outer loop
      vertex 8.12915 -177.7 0.133974
      vertex 6.38196 -175.848 0.0340738
      vertex 8.27597 -177.509 0.0340738
    endloop
  endfacet
  facet normal -0.170008 -0.344807 -0.92315
    outer loop
      vertex 12.63 -180.023 0.0340738
      vertex 10.25 -179.117 0.133974
      vertex 10.3706 -178.909 0.0340738
    endloop
  endfacet
  facet normal -0.513607 -0.76864 -0.381314
    outer loop
      vertex 10.017 -179.521 0.74118
      vertex 7.8455 -178.07 0.74118
      vertex 7.90633 -177.991 0.5
    endloop
  endfacet
  facet normal -0.269095 -0.545744 -0.793568
    outer loop
      vertex 12.4584 -180.437 0.292892
      vertex 10.1464 -179.297 0.292892
      vertex 10.25 -179.117 0.133974
    endloop
  endfacet
  facet normal -0.123859 0.0420422 -0.991409
    outer loop
      vertex 1.13629 -3.96472 0
      vertex 1.06535 -3.37021 0.0340738
      vertex 1.30447 -3.46925 0
    endloop
  endfacet
  facet normal -0.11731 0.0578539 -0.991409
    outer loop
      vertex 1.30447 -3.46925 0
      vertex 1.06535 -3.37021 0.0340738
      vertex 1.53589 -3 0
    endloop
  endfacet
  facet normal -0.922192 0.0604379 -0.381982
    outer loop
      vertex 0.133972 -5 0.5
      vertex 0.0765533 -4.35181 0.74118
      vertex 0.175598 -4.36485 0.5
    endloop
  endfacet
  facet normal -0.922192 0.0604377 -0.381981
    outer loop
      vertex 0.133972 -5 0.5
      vertex 0.0340729 -5 0.74118
      vertex 0.0765533 -4.35181 0.74118
    endloop
  endfacet
  facet normal -0.828871 0.408747 -0.381967
    outer loop
      vertex 0.504364 -3.13785 0.5
      vertex 0.412079 -3.09961 0.74118
      vertex 0.699371 -2.51703 0.74118
    endloop
  endfacet
  facet normal -0.938863 0.3187 -0.130255
    outer loop
      vertex 0.203278 -3.71472 0.74118
      vertex 0.170364 -3.7059 1
      vertex 0.412079 -3.09961 0.74118
    endloop
  endfacet
  facet normal -0.694833 0.609343 -0.381979
    outer loop
      vertex 1.13951 -2.03775 0.5
      vertex 1.06026 -1.97693 0.74118
      vertex 1.55919 -1.55919 0.5
    endloop
  endfacet
  facet normal -0.768417 0.513448 -0.381976
    outer loop
      vertex 1.13951 -2.03775 0.5
      vertex 0.699371 -2.51703 0.74118
      vertex 1.06026 -1.97693 0.74118
    endloop
  endfacet
  facet normal -0.66018 0.441109 -0.607936
    outer loop
      vertex 1.26559 -2.13449 0.292892
      vertex 0.923523 -2.64644 0.292892
      vertex 1.13951 -2.03775 0.5
    endloop
  endfacet
  facet normal -0.596955 0.523508 -0.607935
    outer loop
      vertex 1.26559 -2.13449 0.292892
      vertex 1.13951 -2.03775 0.5
      vertex 1.55919 -1.55919 0.5
    endloop
  endfacet
  facet normal -0.0862456 0.0983403 -0.991409
    outer loop
      vertex 2.17157 -2.17157 0
      vertex 1.98856 -1.98856 0.0340738
      vertex 2.56494 -1.82658 0
    endloop
  endfacet
  facet normal -0.0862465 0.0983437 -0.991408
    outer loop
      vertex 2.56494 -1.82658 0
      vertex 1.98856 -1.98856 0.0340738
      vertex 2.40739 -1.62125 0.0340738
    endloop
  endfacet
  facet normal 0.154894 0.77874 -0.607925
    outer loop
      vertex 56.9583 -0.453278 0.292892
      vertex 56.3544 -0.33316 0.292892
      vertex 56.3751 -0.175598 0.5
    endloop
  endfacet
  facet normal 0.195946 0.577246 -0.792712
    outer loop
      vertex 57.4621 -0.842529 0.133974
      vertex 56.9047 -0.65332 0.133974
      vertex 56.9583 -0.453278 0.292892
    endloop
  endfacet
  facet normal 0.252803 0.288241 -0.923584
    outer loop
      vertex 58.7514 -1.98856 0.0340738
      vertex 58.3326 -1.62125 0.0340738
      vertex 58.4794 -1.4299 0.133974
    endloop
  endfacet
  facet normal 0.441161 0.660193 -0.607883
    outer loop
      vertex 58.6055 -1.26559 0.292892
      vertex 58.0936 -0.923523 0.292892
      vertex 58.7022 -1.13951 0.5
    endloop
  endfacet
  facet normal 0.195078 0.980788 -0
    outer loop
      vertex 57.0341 -0.170364 1
      vertex 56.3926 -0.0427704 1.5
      vertex 57.0341 -0.170364 1.5
    endloop
  endfacet
  facet normal 0.195078 0.980788 0
    outer loop
      vertex 56.3926 -0.0427704 1.5
      vertex 57.0341 -0.170364 1
      vertex 56.3926 -0.0427704 1
    endloop
  endfacet
  facet normal 0.51344 0.768372 -0.38208
    outer loop
      vertex 58.7022 -1.13951 0.5
      vertex 58.173 -0.785889 0.5
      vertex 58.223 -0.699371 0.74118
    endloop
  endfacet
  facet normal 0.408722 0.82884 -0.382062
    outer loop
      vertex 58.173 -0.785889 0.5
      vertex 57.6021 -0.504364 0.5
      vertex 58.223 -0.699371 0.74118
    endloop
  endfacet
  facet normal 0.828872 0.408759 -0.381951
    outer loop
      vertex 60.3279 -3.09961 0.74118
      vertex 59.9541 -2.56699 0.5
      vertex 60.0406 -2.51703 0.74118
    endloop
  endfacet
  facet normal 0.768416 0.513463 -0.381958
    outer loop
      vertex 59.9541 -2.56699 0.5
      vertex 59.6797 -1.97693 0.74118
      vertex 60.0406 -2.51703 0.74118
    endloop
  endfacet
  facet normal 0.828862 0.408725 -0.382012
    outer loop
      vertex 60.2356 -3.13785 0.5
      vertex 59.9541 -2.56699 0.5
      vertex 60.3279 -3.09961 0.74118
    endloop
  endfacet
  facet normal 0.751857 0.255192 -0.607937
    outer loop
      vertex 60.2867 -3.78171 0.292892
      vertex 60.0888 -3.19865 0.292892
      vertex 60.4402 -3.74057 0.5
    endloop
  endfacet
  facet normal 0.875112 0.297067 -0.382008
    outer loop
      vertex 60.4402 -3.74057 0.5
      vertex 60.2356 -3.13785 0.5
      vertex 60.3279 -3.09961 0.74118
    endloop
  endfacet
  facet normal 0.875122 0.297061 -0.38199
    outer loop
      vertex 60.4402 -3.74057 0.5
      vertex 60.3279 -3.09961 0.74118
      vertex 60.5367 -3.71472 0.74118
    endloop
  endfacet
  facet normal 0.086233 0.0983334 -0.99141
    outer loop
      vertex 58.5684 -2.17157 0
      vertex 58.175 -1.82658 0
      vertex 58.3326 -1.62125 0.0340738
    endloop
  endfacet
  facet normal 0.694856 0.609388 -0.381864
    outer loop
      vertex 59.6797 -1.97693 0.74118
      vertex 59.1808 -1.55919 0.5
      vertex 59.2514 -1.48856 0.74118
    endloop
  endfacet
  facet normal 0.0983532 0.0862525 -0.991407
    outer loop
      vertex 58.9134 -2.56494 0
      vertex 58.7514 -1.98856 0.0340738
      vertex 59.1187 -2.40739 0.0340738
    endloop
  endfacet
  facet normal 0.288194 0.252736 -0.923617
    outer loop
      vertex 59.1187 -2.40739 0.0340738
      vertex 58.7514 -1.98856 0.0340738
      vertex 59.3101 -2.26056 0.133974
    endloop
  endfacet
  facet normal 0.288193 0.252735 -0.923618
    outer loop
      vertex 59.3101 -2.26056 0.133974
      vertex 58.7514 -1.98856 0.0340738
      vertex 58.922 -1.81801 0.133974
    endloop
  endfacet
  facet normal 0.338668 0.506813 -0.792745
    outer loop
      vertex 58.6055 -1.26559 0.292892
      vertex 57.99 -1.10287 0.133974
      vertex 58.0936 -0.923523 0.292892
    endloop
  endfacet
  facet normal 0.269607 0.54679 -0.792674
    outer loop
      vertex 58.0936 -0.923523 0.292892
      vertex 57.4621 -0.842529 0.133974
      vertex 57.5413 -0.651199 0.292892
    endloop
  endfacet
  facet normal 0.117318 0.0578583 -0.991408
    outer loop
      vertex 59.4355 -3.46925 0
      vertex 59.4282 -2.87059 0.0340738
      vertex 59.6746 -3.37021 0.0340738
    endloop
  endfacet
  facet normal 0.108771 0.0726786 -0.991406
    outer loop
      vertex 59.2041 -3 0
      vertex 59.1187 -2.40739 0.0340738
      vertex 59.4282 -2.87059 0.0340738
    endloop
  endfacet
  facet normal 0.577134 0.195888 -0.792808
    outer loop
      vertex 60.2867 -3.78171 0.292892
      vertex 59.8974 -3.27792 0.133974
      vertex 60.0888 -3.19865 0.292892
    endloop
  endfacet
  facet normal 0.546627 0.269547 -0.792807
    outer loop
      vertex 59.8974 -3.27792 0.133974
      vertex 59.8165 -2.64644 0.292892
      vertex 60.0888 -3.19865 0.292892
    endloop
  endfacet
  facet normal 0.513619 -0.768659 -0.381259
    outer loop
      vertex 52.8945 -178.07 0.74118
      vertex 50.723 -179.521 0.74118
      vertex 52.8337 -177.991 0.5
    endloop
  endfacet
  facet normal 0.441127 -0.660242 -0.607855
    outer loop
      vertex 52.8337 -177.991 0.5
      vertex 50.5936 -179.297 0.292892
      vertex 52.7369 -177.865 0.292892
    endloop
  endfacet
  facet normal 0.60914 -0.694568 -0.382783
    outer loop
      vertex 54.858 -176.348 0.74118
      vertex 52.8945 -178.07 0.74118
      vertex 54.7874 -176.277 0.5
    endloop
  endfacet
  facet normal 0.694684 -0.609086 -0.382659
    outer loop
      vertex 54.858 -176.348 0.74118
      vertex 54.7874 -176.277 0.5
      vertex 56.58 -174.384 0.74118
    endloop
  endfacet
  facet normal 0.438407 -0.889053 -0.131847
    outer loop
      vertex 50.74 -179.551 1
      vertex 48.3937 -180.708 1
      vertex 50.723 -179.521 0.74118
    endloop
  endfacet
  facet normal 0.438368 -0.889034 -0.132106
    outer loop
      vertex 48.3937 -180.708 1
      vertex 48.3806 -180.676 0.74118
      vertex 50.723 -179.521 0.74118
    endloop
  endfacet
  facet normal -0.608276 -0.0398723 -0.792724
    outer loop
      vertex 0.666824 -164.775 0.133974
      vertex 0.461487 -164.802 0.292892
      vertex 0.5 -162.23 0.133974
    endloop
  endfacet
  facet normal -0.38262 -0.0250807 -0.923565
    outer loop
      vertex 0.666824 -164.775 0.133974
      vertex 0.5 -162.23 0.133974
      vertex 0.90593 -164.744 0.0340738
    endloop
  endfacet
  facet normal -0.0578539 0.11731 -0.991409
    outer loop
      vertex 3.46925 -1.30447 0
      vertex 3 -1.53589 0
      vertex 3.37021 -1.06535 0.0340738
    endloop
  endfacet
  facet normal -0.0420422 0.123859 -0.991409
    outer loop
      vertex 3.46925 -1.30447 0
      vertex 3.37021 -1.06535 0.0340738
      vertex 3.96472 -1.13629 0
    endloop
  endfacet
  facet normal -0.408755 0.82885 -0.382004
    outer loop
      vertex 2.56699 -0.785889 0.5
      vertex 2.51703 -0.699371 0.74118
      vertex 3.13785 -0.504364 0.5
    endloop
  endfacet
  facet normal -0.513429 0.768414 -0.382008
    outer loop
      vertex 2.56699 -0.785889 0.5
      vertex 2.03775 -1.13951 0.5
      vertex 2.51703 -0.699371 0.74118
    endloop
  endfacet
  facet normal -0.550835 0.82439 -0.130239
    outer loop
      vertex 2.51703 -0.699371 0.74118
      vertex 1.95619 -1.03322 1
      vertex 2.5 -0.669861 1
    endloop
  endfacet
  facet normal -0.550842 0.824381 -0.130267
    outer loop
      vertex 1.97693 -1.06026 0.74118
      vertex 1.95619 -1.03322 1
      vertex 2.51703 -0.699371 0.74118
    endloop
  endfacet
  facet normal -0.297058 0.875129 -0.381978
    outer loop
      vertex 3.74057 -0.299774 0.5
      vertex 3.13785 -0.504364 0.5
      vertex 3.71472 -0.203278 0.74118
    endloop
  endfacet
  facet normal -0.255209 0.751844 -0.607946
    outer loop
      vertex 3.78171 -0.453278 0.292892
      vertex 3.13785 -0.504364 0.5
      vertex 3.74057 -0.299774 0.5
    endloop
  endfacet
  facet normal -0.828806 -0.408783 -0.382069
    outer loop
      vertex 2.709 -172.213 0.74118
      vertex 1.55388 -169.871 0.74118
      vertex 2.79552 -172.163 0.5
    endloop
  endfacet
  facet normal -0.824265 -0.550887 -0.130812
    outer loop
      vertex 4.13292 -174.405 1
      vertex 2.709 -172.213 0.74118
      vertex 4.15996 -174.384 0.74118
    endloop
  endfacet
  facet normal -0.752286 -0.25544 -0.607302
    outer loop
      vertex 1.64618 -169.832 0.5
      vertex 0.810883 -167.372 0.5
      vertex 1.793 -169.772 0.292892
    endloop
  endfacet
  facet normal -0.712706 -0.351464 -0.607061
    outer loop
      vertex 2.93314 -172.084 0.292892
      vertex 1.64618 -169.832 0.5
      vertex 1.793 -169.772 0.292892
    endloop
  endfacet
  facet normal -0.695444 -0.609753 -0.38021
    outer loop
      vertex 5.88196 -176.348 0.74118
      vertex 4.15996 -174.384 0.74118
      vertex 4.23921 -174.324 0.5
    endloop
  endfacet
  facet normal -0.597193 -0.523921 -0.607344
    outer loop
      vertex 5.95259 -176.277 0.5
      vertex 4.23921 -174.324 0.5
      vertex 6.06496 -176.165 0.292892
    endloop
  endfacet
  facet normal 0 -0.793205 -0.608955
    outer loop
      vertex 20 -181.937 0.292892
      vertex 40.74 -182.096 0.5
      vertex 20 -182.096 0.5
    endloop
  endfacet
  facet normal 0 -0.793205 -0.608955
    outer loop
      vertex 40.74 -182.096 0.5
      vertex 20 -181.937 0.292892
      vertex 40.74 -181.937 0.292892
    endloop
  endfacet
  facet normal 0.0517358 -0.792142 -0.60814
    outer loop
      vertex 43.3123 -181.769 0.292892
      vertex 40.74 -182.096 0.5
      vertex 40.74 -181.937 0.292892
    endloop
  endfacet
  facet normal 0.025457 -0.128099 -0.991435
    outer loop
      vertex 43.2538 -181.324 0.0340738
      vertex 43.22 -181.067 0
      vertex 45.7245 -180.833 0.0340738
    endloop
  endfacet
  facet normal 0.042075 -0.123914 -0.991401
    outer loop
      vertex 48.11 -180.023 0.0340738
      vertex 45.7245 -180.833 0.0340738
      vertex 48.011 -179.784 0
    endloop
  endfacet
  facet normal 0.213213 -0.319112 -0.923422
    outer loop
      vertex 52.6108 -177.7 0.133974
      vertex 50.49 -179.117 0.133974
      vertex 52.464 -177.509 0.0340738
    endloop
  endfacet
  facet normal 0.33805 -0.505954 -0.793557
    outer loop
      vertex 52.7369 -177.865 0.292892
      vertex 50.49 -179.117 0.133974
      vertex 52.6108 -177.7 0.133974
    endloop
  endfacet
  facet normal 0.269095 -0.545744 -0.793568
    outer loop
      vertex 50.5936 -179.297 0.292892
      vertex 48.2816 -180.437 0.292892
      vertex 50.49 -179.117 0.133974
    endloop
  endfacet
  facet normal 0.155106 -0.77963 -0.606728
    outer loop
      vertex 45.8817 -181.419 0.5
      vertex 43.3123 -181.769 0.292892
      vertex 45.8406 -181.266 0.292892
    endloop
  endfacet
  facet normal 0.318708 -0.938804 -0.130659
    outer loop
      vertex 45.9164 -181.549 1
      vertex 45.9075 -181.516 0.74118
      vertex 48.3937 -180.708 1
    endloop
  endfacet
  facet normal 0.297096 -0.875527 -0.381033
    outer loop
      vertex 48.3806 -180.676 0.74118
      vertex 45.8817 -181.419 0.5
      vertex 48.3424 -180.584 0.5
    endloop
  endfacet
  facet normal 0.0653646 -0.997861 0
    outer loop
      vertex 40.74 -182.23 1
      vertex 43.3505 -182.059 1.5
      vertex 40.74 -182.23 1.5
    endloop
  endfacet
  facet normal 0.0653646 -0.997861 0
    outer loop
      vertex 43.3505 -182.059 1.5
      vertex 40.74 -182.23 1
      vertex 43.3505 -182.059 1
    endloop
  endfacet
  facet normal 0.297022 -0.874483 -0.383481
    outer loop
      vertex 45.9075 -181.516 0.74118
      vertex 45.8817 -181.419 0.5
      vertex 48.3806 -180.676 0.74118
    endloop
  endfacet
  facet normal -0.376035 0.0747887 -0.923583
    outer loop
      vertex 0.777603 -4.44411 0.0340738
      vertex 0.538498 -4.41263 0.133974
      vertex 0.65332 -3.83531 0.133974
    endloop
  endfacet
  facet normal -0.38258 0.0250754 -0.923582
    outer loop
      vertex 0.777603 -4.44411 0.0340738
      vertex 0.5 -5 0.133974
      vertex 0.538498 -4.41263 0.133974
    endloop
  endfacet
  facet normal -0.376001 0.0747976 -0.923595
    outer loop
      vertex 0.777603 -4.44411 0.0340738
      vertex 0.65332 -3.83531 0.133974
      vertex 0.886292 -3.89774 0.0340738
    endloop
  endfacet
  facet normal -0.363025 0.123221 -0.923596
    outer loop
      vertex 0.886292 -3.89774 0.0340738
      vertex 0.65332 -3.83531 0.133974
      vertex 1.06535 -3.37021 0.0340738
    endloop
  endfacet
  facet normal -0.108758 0.0726694 -0.991409
    outer loop
      vertex 1.53589 -3 0
      vertex 1.31175 -2.87059 0.0340738
      vertex 1.62125 -2.40739 0.0340738
    endloop
  endfacet
  facet normal -0.117311 0.0578548 -0.991409
    outer loop
      vertex 1.53589 -3 0
      vertex 1.06535 -3.37021 0.0340738
      vertex 1.31175 -2.87059 0.0340738
    endloop
  endfacet
  facet normal 0.0724438 -0.108482 -0.991455
    outer loop
      vertex 50.3694 -178.909 0.0340738
      vertex 50.24 -178.684 0
      vertex 52.3065 -177.304 0
    endloop
  endfacet
  facet normal -0.180174 -0.905741 -0.383628
    outer loop
      vertex 17.407 -181.926 0.5
      vertex 14.8324 -181.516 0.74118
      vertex 14.8583 -181.419 0.5
    endloop
  endfacet
  facet normal -0.297019 -0.874438 -0.383586
    outer loop
      vertex 14.8324 -181.516 0.74118
      vertex 12.3594 -180.676 0.74118
      vertex 14.8583 -181.419 0.5
    endloop
  endfacet
  facet normal -0.196056 -0.57729 -0.792652
    outer loop
      vertex 14.8994 -181.266 0.292892
      vertex 12.4584 -180.437 0.292892
      vertex 14.953 -181.066 0.133974
    endloop
  endfacet
  facet normal -0.351615 -0.713101 -0.60651
    outer loop
      vertex 12.4584 -180.437 0.292892
      vertex 10.067 -179.434 0.5
      vertex 10.1464 -179.297 0.292892
    endloop
  endfacet
  facet normal -0.0747174 -0.375992 -0.923606
    outer loop
      vertex 17.4862 -181.324 0.0340738
      vertex 14.953 -181.066 0.133974
      vertex 15.0154 -180.833 0.0340738
    endloop
  endfacet
  facet normal -0.0747334 -0.376178 -0.923529
    outer loop
      vertex 17.4547 -181.563 0.133974
      vertex 14.953 -181.066 0.133974
      vertex 17.4862 -181.324 0.0340738
    endloop
  endfacet
  facet normal -0.338056 -0.505975 -0.793541
    outer loop
      vertex 10.25 -179.117 0.133974
      vertex 8.00307 -177.865 0.292892
      vertex 8.12915 -177.7 0.133974
    endloop
  endfacet
  facet normal -0.401334 -0.457547 -0.793462
    outer loop
      vertex 8.00307 -177.865 0.292892
      vertex 6.06496 -176.165 0.292892
      vertex 8.12915 -177.7 0.133974
    endloop
  endfacet
  facet normal -0.0727598 -0.108861 -0.991391
    outer loop
      vertex 10.3706 -178.909 0.0340738
      vertex 8.27597 -177.509 0.0340738
      vertex 8.43353 -177.304 0
    endloop
  endfacet
  facet normal -0.0724445 -0.108481 -0.991455
    outer loop
      vertex 10.3706 -178.909 0.0340738
      vertex 8.43353 -177.304 0
      vertex 10.5 -178.684 0
    endloop
  endfacet
  facet normal -0.550876 -0.824129 -0.131708
    outer loop
      vertex 10 -179.551 1
      vertex 7.82477 -178.097 1
      vertex 10.017 -179.521 0.74118
    endloop
  endfacet
  facet normal -0.438384 -0.889065 -0.131846
    outer loop
      vertex 12.3594 -180.676 0.74118
      vertex 10 -179.551 1
      vertex 10.017 -179.521 0.74118
    endloop
  endfacet
  facet normal -0.55086 -0.824392 -0.130121
    outer loop
      vertex 10.017 -179.521 0.74118
      vertex 7.82477 -178.097 1
      vertex 7.8455 -178.07 0.74118
    endloop
  endfacet
  facet normal -0.653752 -0.745437 -0.130125
    outer loop
      vertex 7.82477 -178.097 1
      vertex 5.85785 -176.372 1
      vertex 7.8455 -178.07 0.74118
    endloop
  endfacet
  facet normal -0.875133 0.297066 -0.381961
    outer loop
      vertex 0.504364 -3.13785 0.5
      vertex 0.203278 -3.71472 0.74118
      vertex 0.412079 -3.09961 0.74118
    endloop
  endfacet
  facet normal -0.875129 0.297058 -0.381978
    outer loop
      vertex 0.299774 -3.74057 0.5
      vertex 0.203278 -3.71472 0.74118
      vertex 0.504364 -3.13785 0.5
    endloop
  endfacet
  facet normal 0.255225 0.751865 -0.607914
    outer loop
      vertex 57.6021 -0.504364 0.5
      vertex 56.9583 -0.453278 0.292892
      vertex 56.9994 -0.299774 0.5
    endloop
  endfacet
  facet normal 0.255235 0.751827 -0.607957
    outer loop
      vertex 57.5413 -0.651199 0.292892
      vertex 56.9583 -0.453278 0.292892
      vertex 57.6021 -0.504364 0.5
    endloop
  endfacet
  facet normal 0.506854 0.338695 -0.792707
    outer loop
      vertex 59.8165 -2.64644 0.292892
      vertex 59.3101 -2.26056 0.133974
      vertex 59.4744 -2.13449 0.292892
    endloop
  endfacet
  facet normal 0.523501 0.596898 -0.607996
    outer loop
      vertex 59.0684 -1.67157 0.292892
      vertex 58.6055 -1.26559 0.292892
      vertex 59.1808 -1.55919 0.5
    endloop
  endfacet
  facet normal 0.21301 0.31877 -0.923587
    outer loop
      vertex 58.3326 -1.62125 0.0340738
      vertex 57.99 -1.10287 0.133974
      vertex 58.4794 -1.4299 0.133974
    endloop
  endfacet
  facet normal 0.401882 0.458306 -0.792746
    outer loop
      vertex 58.922 -1.81801 0.133974
      vertex 58.4794 -1.4299 0.133974
      vertex 58.6055 -1.26559 0.292892
    endloop
  endfacet
  facet normal 0.318707 0.938869 -0.130198
    outer loop
      vertex 57.6404 -0.412079 0.74118
      vertex 57.0253 -0.203278 0.74118
      vertex 57.6534 -0.3806 1
    endloop
  endfacet
  facet normal 0.438507 0.889249 -0.13018
    outer loop
      vertex 58.223 -0.699371 0.74118
      vertex 57.6404 -0.412079 0.74118
      vertex 57.6534 -0.3806 1
    endloop
  endfacet
  facet normal 0.117329 0.0578584 -0.991406
    outer loop
      vertex 59.4355 -3.46925 0
      vertex 59.2041 -3 0
      vertex 59.4282 -2.87059 0.0340738
    endloop
  endfacet
  facet normal 0.34387 0.169588 -0.923576
    outer loop
      vertex 59.6746 -3.37021 0.0340738
      vertex 59.4282 -2.87059 0.0340738
      vertex 59.8974 -3.27792 0.133974
    endloop
  endfacet
  facet normal 0.36306 0.123261 -0.923577
    outer loop
      vertex 59.8537 -3.89774 0.0340738
      vertex 59.6746 -3.37021 0.0340738
      vertex 59.8974 -3.27792 0.133974
    endloop
  endfacet
  facet normal 0.597243 -0.523805 -0.607395
    outer loop
      vertex 54.7874 -176.277 0.5
      vertex 54.675 -176.165 0.292892
      vertex 56.3747 -174.227 0.292892
    endloop
  endfacet
  facet normal 0.596594 -0.523402 -0.60838
    outer loop
      vertex 56.5008 -174.324 0.5
      vertex 54.7874 -176.277 0.5
      vertex 56.3747 -174.227 0.292892
    endloop
  endfacet
  facet normal 0.745528 -0.653666 -0.130033
    outer loop
      vertex 54.8821 -176.372 1
      vertex 54.858 -176.348 0.74118
      vertex 56.58 -174.384 0.74118
    endloop
  endfacet
  facet normal 0.745355 -0.653654 -0.131079
    outer loop
      vertex 56.6071 -174.405 1
      vertex 54.8821 -176.372 1
      vertex 56.58 -174.384 0.74118
    endloop
  endfacet
  facet normal 0.512936 -0.768053 -0.383396
    outer loop
      vertex 50.723 -179.521 0.74118
      vertex 50.673 -179.434 0.5
      vertex 52.8337 -177.991 0.5
    endloop
  endfacet
  facet normal 0.408668 -0.828211 -0.38348
    outer loop
      vertex 50.723 -179.521 0.74118
      vertex 48.3424 -180.584 0.5
      vertex 50.673 -179.434 0.5
    endloop
  endfacet
  facet normal -0.351177 0.712096 -0.607942
    outer loop
      vertex 2.64644 -0.923523 0.292892
      vertex 2.56699 -0.785889 0.5
      vertex 3.13785 -0.504364 0.5
    endloop
  endfacet
  facet normal -0.441109 0.660177 -0.607938
    outer loop
      vertex 2.64644 -0.923523 0.292892
      vertex 2.03775 -1.13951 0.5
      vertex 2.56699 -0.785889 0.5
    endloop
  endfacet
  facet normal -0.768423 -0.513357 -0.382087
    outer loop
      vertex 4.23921 -174.324 0.5
      vertex 2.709 -172.213 0.74118
      vertex 2.79552 -172.163 0.5
    endloop
  endfacet
  facet normal -0.66061 -0.441331 -0.607307
    outer loop
      vertex 4.23921 -174.324 0.5
      vertex 2.79552 -172.163 0.5
      vertex 2.93314 -172.084 0.292892
    endloop
  endfacet
  facet normal 0 -0.130435 -0.991457
    outer loop
      vertex 20 -181.489 0.0340738
      vertex 40.74 -181.23 0
      vertex 40.74 -181.489 0.0340738
    endloop
  endfacet
  facet normal -0 -0.130435 -0.991457
    outer loop
      vertex 40.74 -181.23 0
      vertex 20 -181.489 0.0340738
      vertex 20 -181.23 0
    endloop
  endfacet
  facet normal 0.00856115 -0.13043 -0.991421
    outer loop
      vertex 43.2538 -181.324 0.0340738
      vertex 40.74 -181.489 0.0340738
      vertex 40.74 -181.23 0
    endloop
  endfacet
  facet normal 0.0420482 -0.123855 -0.991409
    outer loop
      vertex 45.7245 -180.833 0.0340738
      vertex 45.6575 -180.583 0
      vertex 48.011 -179.784 0
    endloop
  endfacet
  facet normal 0.0254752 -0.128297 -0.991409
    outer loop
      vertex 45.7245 -180.833 0.0340738
      vertex 43.22 -181.067 0
      vertex 45.6575 -180.583 0
    endloop
  endfacet
  facet normal 0.351615 -0.713101 -0.60651
    outer loop
      vertex 50.673 -179.434 0.5
      vertex 48.2816 -180.437 0.292892
      vertex 50.5936 -179.297 0.292892
    endloop
  endfacet
  facet normal 0.351213 -0.711771 -0.608302
    outer loop
      vertex 48.3424 -180.584 0.5
      vertex 48.2816 -180.437 0.292892
      vertex 50.673 -179.434 0.5
    endloop
  endfacet
  facet normal 0.0605007 -0.922052 -0.382309
    outer loop
      vertex 43.3461 -182.025 0.74118
      vertex 40.74 -182.196 0.74118
      vertex 40.74 -182.096 0.5
    endloop
  endfacet
  facet normal 0.180316 -0.906453 -0.381876
    outer loop
      vertex 43.3461 -182.025 0.74118
      vertex 43.333 -181.926 0.5
      vertex 45.8817 -181.419 0.5
    endloop
  endfacet
  facet normal 0.555723 -0.831368 0
    outer loop
      vertex 50.74 -179.551 1
      vertex 52.9152 -178.097 1.5
      vertex 50.74 -179.551 1.5
    endloop
  endfacet
  facet normal 0.555723 -0.831368 0
    outer loop
      vertex 52.9152 -178.097 1.5
      vertex 50.74 -179.551 1
      vertex 52.9152 -178.097 1
    endloop
  endfacet
  facet normal -0.155106 -0.77963 -0.606728
    outer loop
      vertex 17.4277 -181.769 0.292892
      vertex 14.8583 -181.419 0.5
      vertex 14.8994 -181.266 0.292892
    endloop
  endfacet
  facet normal -0.155109 -0.779737 -0.606589
    outer loop
      vertex 17.407 -181.926 0.5
      vertex 14.8583 -181.419 0.5
      vertex 17.4277 -181.769 0.292892
    endloop
  endfacet
  facet normal -0.270009 -0.547122 -0.792308
    outer loop
      vertex 12.4584 -180.437 0.292892
      vertex 10.25 -179.117 0.133974
      vertex 12.5377 -180.246 0.133974
    endloop
  endfacet
  facet normal -0.169572 -0.343606 -0.923678
    outer loop
      vertex 12.5377 -180.246 0.133974
      vertex 10.25 -179.117 0.133974
      vertex 12.63 -180.023 0.0340738
    endloop
  endfacet
  facet normal -0.609635 -0.694905 -0.381382
    outer loop
      vertex 7.8455 -178.07 0.74118
      vertex 5.95259 -176.277 0.5
      vertex 7.90633 -177.991 0.5
    endloop
  endfacet
  facet normal -0.523958 -0.597245 -0.607261
    outer loop
      vertex 7.90633 -177.991 0.5
      vertex 5.95259 -176.277 0.5
      vertex 6.06496 -176.165 0.292892
    endloop
  endfacet
  facet normal 0.596922 0.523504 -0.607971
    outer loop
      vertex 59.4744 -2.13449 0.292892
      vertex 59.1808 -1.55919 0.5
      vertex 59.6005 -2.03775 0.5
    endloop
  endfacet
  facet normal 0.458365 0.40197 -0.792667
    outer loop
      vertex 59.3101 -2.26056 0.133974
      vertex 58.922 -1.81801 0.133974
      vertex 59.0684 -1.67157 0.292892
    endloop
  endfacet
  facet normal 0.596894 0.523501 -0.608001
    outer loop
      vertex 59.4744 -2.13449 0.292892
      vertex 59.0684 -1.67157 0.292892
      vertex 59.1808 -1.55919 0.5
    endloop
  endfacet
  facet normal 0.694857 0.609393 -0.381856
    outer loop
      vertex 59.6005 -2.03775 0.5
      vertex 59.1808 -1.55919 0.5
      vertex 59.6797 -1.97693 0.74118
    endloop
  endfacet
  facet normal 0.212985 0.318755 -0.923598
    outer loop
      vertex 58.3326 -1.62125 0.0340738
      vertex 57.8694 -1.31175 0.0340738
      vertex 57.99 -1.10287 0.133974
    endloop
  endfacet
  facet normal 0.169571 0.343821 -0.923598
    outer loop
      vertex 57.8694 -1.31175 0.0340738
      vertex 57.3698 -1.06535 0.0340738
      vertex 57.99 -1.10287 0.133974
    endloop
  endfacet
  facet normal 0.318718 0.93886 -0.130231
    outer loop
      vertex 57.6534 -0.3806 1
      vertex 57.0253 -0.203278 0.74118
      vertex 57.0341 -0.170364 1
    endloop
  endfacet
  facet normal 0.321456 0.946925 -0
    outer loop
      vertex 57.6534 -0.3806 1
      vertex 57.0341 -0.170364 1.5
      vertex 57.6534 -0.3806 1.5
    endloop
  endfacet
  facet normal 0.321456 0.946925 0
    outer loop
      vertex 57.0341 -0.170364 1.5
      vertex 57.6534 -0.3806 1
      vertex 57.0341 -0.170364 1
    endloop
  endfacet
  facet normal 0.0747152 -0.375965 -0.923617
    outer loop
      vertex 45.787 -181.066 0.133974
      vertex 43.2538 -181.324 0.0340738
      vertex 45.7245 -180.833 0.0340738
    endloop
  endfacet
  facet normal 0.0251211 -0.382724 -0.923521
    outer loop
      vertex 43.2852 -181.563 0.133974
      vertex 40.74 -181.489 0.0340738
      vertex 43.2538 -181.324 0.0340738
    endloop
  endfacet
  facet normal 0.196153 -0.577765 -0.792283
    outer loop
      vertex 48.2816 -180.437 0.292892
      vertex 45.787 -181.066 0.133974
      vertex 48.2023 -180.246 0.133974
    endloop
  endfacet
  facet normal 0.123176 -0.362813 -0.923685
    outer loop
      vertex 48.2023 -180.246 0.133974
      vertex 45.787 -181.066 0.133974
      vertex 48.11 -180.023 0.0340738
    endloop
  endfacet
  facet normal 0.0604634 -0.922245 -0.381849
    outer loop
      vertex 43.3461 -182.025 0.74118
      vertex 40.74 -182.096 0.5
      vertex 43.333 -181.926 0.5
    endloop
  endfacet
  facet normal 0.0520109 -0.793319 -0.606581
    outer loop
      vertex 43.333 -181.926 0.5
      vertex 40.74 -182.096 0.5
      vertex 43.3123 -181.769 0.292892
    endloop
  endfacet
  facet normal 0.193238 -0.972417 -0.13063
    outer loop
      vertex 45.9164 -181.549 1
      vertex 43.3461 -182.025 0.74118
      vertex 45.9075 -181.516 0.74118
    endloop
  endfacet
  facet normal 0.180001 -0.905804 -0.38356
    outer loop
      vertex 45.9075 -181.516 0.74118
      vertex 43.3461 -182.025 0.74118
      vertex 45.8817 -181.419 0.5
    endloop
  endfacet
  facet normal 0.193267 -0.972359 -0.13102
    outer loop
      vertex 43.3505 -182.059 1
      vertex 43.3461 -182.025 0.74118
      vertex 45.9164 -181.549 1
    endloop
  endfacet
  facet normal 0.194947 -0.980814 0
    outer loop
      vertex 43.3505 -182.059 1
      vertex 45.9164 -181.549 1.5
      vertex 43.3505 -182.059 1.5
    endloop
  endfacet
  facet normal 0.194947 -0.980814 0
    outer loop
      vertex 45.9164 -181.549 1.5
      vertex 43.3505 -182.059 1
      vertex 45.9164 -181.549 1
    endloop
  endfacet
  facet normal -0.25504 -0.75159 -0.608331
    outer loop
      vertex 14.8583 -181.419 0.5
      vertex 12.3976 -180.584 0.5
      vertex 12.4584 -180.437 0.292892
    endloop
  endfacet
  facet normal -0.297096 -0.875527 -0.381033
    outer loop
      vertex 14.8583 -181.419 0.5
      vertex 12.3594 -180.676 0.74118
      vertex 12.3976 -180.584 0.5
    endloop
  endfacet
  facet normal -0.351213 -0.711771 -0.608302
    outer loop
      vertex 12.3976 -180.584 0.5
      vertex 10.067 -179.434 0.5
      vertex 12.4584 -180.437 0.292892
    endloop
  endfacet
  facet normal -0.40911 -0.829106 -0.381067
    outer loop
      vertex 12.3594 -180.676 0.74118
      vertex 10.067 -179.434 0.5
      vertex 12.3976 -180.584 0.5
    endloop
  endfacet
  facet normal 0.660166 0.441075 -0.607975
    outer loop
      vertex 59.9541 -2.56699 0.5
      vertex 59.4744 -2.13449 0.292892
      vertex 59.6005 -2.03775 0.5
    endloop
  endfacet
  facet normal 0.660202 0.441167 -0.607869
    outer loop
      vertex 59.8165 -2.64644 0.292892
      vertex 59.4744 -2.13449 0.292892
      vertex 59.9541 -2.56699 0.5
    endloop
  endfacet
  facet normal 0.0747357 -0.376205 -0.923518
    outer loop
      vertex 43.2852 -181.563 0.133974
      vertex 43.2538 -181.324 0.0340738
      vertex 45.787 -181.066 0.133974
    endloop
  endfacet
  facet normal 0.118535 -0.596683 -0.793674
    outer loop
      vertex 43.3123 -181.769 0.292892
      vertex 43.2852 -181.563 0.133974
      vertex 45.787 -181.066 0.133974
    endloop
  endfacet
  facet normal -0 0 1
    outer loop
      vertex 4.54999 -8.75 1.5
      vertex 5.07 -83.55 1.5
      vertex 5.07 -8.75 1.5
    endloop
  endfacet
  facet normal 0 0 1
    outer loop
      vertex 5.07 -83.55 1.5
      vertex 4.54999 -8.75 1.5
      vertex 4.54999 -83.55 1.5
    endloop
  endfacet
  facet normal 0 0 1
    outer loop
      vertex 8.5 -173.73 1.5
      vertex 7.75 -173.73 1.5
      vertex 7.78208 -174.219 1.5
    endloop
  endfacet
  facet normal 0 0 1
    outer loop
      vertex 5.07 -8.75 1.5
      vertex 10.47 -3.35 1.5
      vertex 5.07 -3.35 1.5
    endloop
  endfacet
  facet normal 0 0 1
    outer loop
      vertex 10.47 -3.35 1.5
      vertex 5.07 -8.75 1.5
      vertex 10.47 -88.95 1.5
    endloop
  endfacet
  facet normal -0 0 1
    outer loop
      vertex 5.07 -83.55 1.5
      vertex 10.47 -88.95 1.5
      vertex 5.07 -8.75 1.5
    endloop
  endfacet
  facet normal 0 0 1
    outer loop
      vertex 10.47 -88.95 1.5
      vertex 5.07 -83.55 1.5
      vertex 5.07 -88.95 1.5
    endloop
  endfacet
  facet normal 0 0 1
    outer loop
      vertex 17.4306 -142.491 1.5
      vertex 29.3093 -142.491 1.5
      vertex 17.6172 -142.263 1.5
    endloop
  endfacet
  facet normal 0 0 1
    outer loop
      vertex 29.1228 -152.597 1.5
      vertex 17.8412 -153.137 1.5
      vertex 17.87 -153.43 1.5
    endloop
  endfacet
  facet normal 0 0 1
    outer loop
      vertex 29.3093 -142.491 1.5
      vertex 17.4306 -142.491 1.5
      vertex 29.3093 -152.369 1.5
    endloop
  endfacet
  facet normal 0 0 1
    outer loop
      vertex 29.1228 -152.597 1.5
      vertex 17.7558 -152.856 1.5
      vertex 17.8412 -153.137 1.5
    endloop
  endfacet
  facet normal 0 0 1
    outer loop
      vertex 17.4306 -152.369 1.5
      vertex 29.3093 -152.369 1.5
      vertex 17.4306 -142.491 1.5
    endloop
  endfacet
  facet normal 0 0 1
    outer loop
      vertex 29.1228 -152.597 1.5
      vertex 17.6172 -152.597 1.5
      vertex 17.7558 -152.856 1.5
    endloop
  endfacet
  facet normal 0 0 1
    outer loop
      vertex 29.3093 -152.369 1.5
      vertex 17.4306 -152.369 1.5
      vertex 29.1228 -152.597 1.5
    endloop
  endfacet
  facet normal 0 0 1
    outer loop
      vertex 29.1228 -152.597 1.5
      vertex 17.4306 -152.369 1.5
      vertex 17.6172 -152.597 1.5
    endloop
  endfacet
  facet normal -0 0 1
    outer loop
      vertex 17.2034 -142.677 1.5
      vertex 17.4306 -152.369 1.5
      vertex 17.4306 -142.491 1.5
    endloop
  endfacet
  facet normal 0 0 1
    outer loop
      vertex 17.2034 -142.677 1.5
      vertex 17.2034 -152.183 1.5
      vertex 17.4306 -152.369 1.5
    endloop
  endfacet
  facet normal -0 0 1
    outer loop
      vertex 16.944 -142.816 1.5
      vertex 17.2034 -152.183 1.5
      vertex 17.2034 -142.677 1.5
    endloop
  endfacet
  facet normal 0 0 1
    outer loop
      vertex 16.944 -142.816 1.5
      vertex 16.944 -152.044 1.5
      vertex 17.2034 -152.183 1.5
    endloop
  endfacet
  facet normal -0 0 1
    outer loop
      vertex 16.6626 -142.901 1.5
      vertex 16.944 -152.044 1.5
      vertex 16.944 -142.816 1.5
    endloop
  endfacet
  facet normal 0 0 1
    outer loop
      vertex 16.6626 -142.901 1.5
      vertex 16.6626 -151.959 1.5
      vertex 16.944 -152.044 1.5
    endloop
  endfacet
  facet normal -0 0 1
    outer loop
      vertex 16.37 -142.93 1.5
      vertex 16.6626 -151.959 1.5
      vertex 16.6626 -142.901 1.5
    endloop
  endfacet
  facet normal 0 0 1
    outer loop
      vertex 16.37 -142.93 1.5
      vertex 16.37 -151.93 1.5
      vertex 16.6626 -151.959 1.5
    endloop
  endfacet
  facet normal 0 0 1
    outer loop
      vertex 16.0774 -142.901 1.5
      vertex 16.37 -151.93 1.5
      vertex 16.37 -142.93 1.5
    endloop
  endfacet
  facet normal 0 0 1
    outer loop
      vertex 16.0774 -142.901 1.5
      vertex 16.0774 -151.959 1.5
      vertex 16.37 -151.93 1.5
    endloop
  endfacet
  facet normal 0 0 1
    outer loop
      vertex 15.796 -142.816 1.5
      vertex 16.0774 -151.959 1.5
      vertex 16.0774 -142.901 1.5
    endloop
  endfacet
  facet normal 0 0 1
    outer loop
      vertex 15.796 -142.816 1.5
      vertex 15.796 -152.044 1.5
      vertex 16.0774 -151.959 1.5
    endloop
  endfacet
  facet normal 0 0 1
    outer loop
      vertex 15.5366 -142.677 1.5
      vertex 15.796 -152.044 1.5
      vertex 15.796 -142.816 1.5
    endloop
  endfacet
  facet normal 0 0 1
    outer loop
      vertex 15.5366 -142.677 1.5
      vertex 15.5366 -152.183 1.5
      vertex 15.796 -152.044 1.5
    endloop
  endfacet
  facet normal 0 0 1
    outer loop
      vertex 15.3093 -142.491 1.5
      vertex 15.5366 -152.183 1.5
      vertex 15.5366 -142.677 1.5
    endloop
  endfacet
  facet normal 0 0 1
    outer loop
      vertex 15.3093 -142.491 1.5
      vertex 15.3093 -152.369 1.5
      vertex 15.5366 -152.183 1.5
    endloop
  endfacet
  facet normal 0 0 1
    outer loop
      vertex 15.1228 -142.263 1.5
      vertex 15.3093 -152.369 1.5
      vertex 15.3093 -142.491 1.5
    endloop
  endfacet
  facet normal 0 0 1
    outer loop
      vertex 15.1228 -142.263 1.5
      vertex 15.1228 -152.597 1.5
      vertex 15.3093 -152.369 1.5
    endloop
  endfacet
  facet normal 0 0 1
    outer loop
      vertex 14.9842 -142.004 1.5
      vertex 15.1228 -152.597 1.5
      vertex 15.1228 -142.263 1.5
    endloop
  endfacet
  facet normal 0 0 1
    outer loop
      vertex 14.9842 -142.004 1.5
      vertex 14.9842 -152.856 1.5
      vertex 15.1228 -152.597 1.5
    endloop
  endfacet
  facet normal 0 0 1
    outer loop
      vertex 3.25 -162.23 1.5
      vertex 14.9842 -142.004 1.5
      vertex 14.8988 -141.723 1.5
    endloop
  endfacet
  facet normal 0 0 1
    outer loop
      vertex 14.9842 -142.004 1.5
      vertex 3.25 -162.23 1.5
      vertex 14.9842 -152.856 1.5
    endloop
  endfacet
  facet normal 0 0 1
    outer loop
      vertex 3.25 -162.23 1.5
      vertex 14.8988 -141.723 1.5
      vertex 14.87 -141.43 1.5
    endloop
  endfacet
  facet normal 0 0 1
    outer loop
      vertex 14.9842 -152.856 1.5
      vertex 3.25 -162.23 1.5
      vertex 14.8988 -153.137 1.5
    endloop
  endfacet
  facet normal 0 0 1
    outer loop
      vertex 39.1228 -164.263 1.5
      vertex 22.87 -178.98 1.5
      vertex 37.87 -178.98 1.5
    endloop
  endfacet
  facet normal 0 0 1
    outer loop
      vertex 21.6172 -164.263 1.5
      vertex 39.1228 -164.263 1.5
      vertex 21.7558 -164.004 1.5
    endloop
  endfacet
  facet normal 0 0 1
    outer loop
      vertex 39.1228 -164.263 1.5
      vertex 21.6172 -164.263 1.5
      vertex 22.87 -178.98 1.5
    endloop
  endfacet
  facet normal -0 0 1
    outer loop
      vertex 21.4306 -164.491 1.5
      vertex 22.87 -178.98 1.5
      vertex 21.6172 -164.263 1.5
    endloop
  endfacet
  facet normal -0 0 1
    outer loop
      vertex 21.2034 -164.677 1.5
      vertex 22.87 -178.98 1.5
      vertex 21.4306 -164.491 1.5
    endloop
  endfacet
  facet normal -0 0 1
    outer loop
      vertex 20.944 -164.816 1.5
      vertex 22.87 -178.98 1.5
      vertex 21.2034 -164.677 1.5
    endloop
  endfacet
  facet normal -0 0 1
    outer loop
      vertex 20.6626 -164.901 1.5
      vertex 22.87 -178.98 1.5
      vertex 20.944 -164.816 1.5
    endloop
  endfacet
  facet normal 0 0 1
    outer loop
      vertex 14.4743 -173.338 1.5
      vertex 20.6626 -164.901 1.5
      vertex 20.37 -164.93 1.5
    endloop
  endfacet
  facet normal 0 0 1
    outer loop
      vertex 14.2716 -172.582 1.5
      vertex 20.37 -164.93 1.5
      vertex 20.0774 -164.901 1.5
    endloop
  endfacet
  facet normal 0 0 1
    outer loop
      vertex 20.6626 -164.901 1.5
      vertex 14.4743 -173.338 1.5
      vertex 22.87 -178.98 1.5
    endloop
  endfacet
  facet normal 0 0 1
    outer loop
      vertex 14.0981 -172.23 1.5
      vertex 20.0774 -164.901 1.5
      vertex 19.796 -164.816 1.5
    endloop
  endfacet
  facet normal 0 0 1
    outer loop
      vertex 13.8801 -171.904 1.5
      vertex 19.796 -164.816 1.5
      vertex 19.5366 -164.677 1.5
    endloop
  endfacet
  facet normal 0 0 1
    outer loop
      vertex 13.6213 -171.609 1.5
      vertex 19.5366 -164.677 1.5
      vertex 19.3093 -164.491 1.5
    endloop
  endfacet
  facet normal 0 0 1
    outer loop
      vertex 13 -171.132 1.5
      vertex 19.3093 -164.491 1.5
      vertex 19.1228 -164.263 1.5
    endloop
  endfacet
  facet normal 0 0 1
    outer loop
      vertex 12.648 -170.958 1.5
      vertex 19.1228 -164.263 1.5
      vertex 18.9842 -164.004 1.5
    endloop
  endfacet
  facet normal 0 0 1
    outer loop
      vertex 12.2764 -170.832 1.5
      vertex 18.9842 -164.004 1.5
      vertex 18.8988 -163.723 1.5
    endloop
  endfacet
  facet normal 0 0 1
    outer loop
      vertex 11.8916 -170.756 1.5
      vertex 18.8988 -163.723 1.5
      vertex 18.87 -163.43 1.5
    endloop
  endfacet
  facet normal 0 0 1
    outer loop
      vertex 20.37 -161.93 1.5
      vertex 17.2034 -154.677 1.5
      vertex 20.0774 -161.959 1.5
    endloop
  endfacet
  facet normal 0 0 1
    outer loop
      vertex 15.796 -140.044 1.5
      vertex 18.5366 -119.177 1.5
      vertex 18.3093 -118.991 1.5
    endloop
  endfacet
  facet normal 0 0 1
    outer loop
      vertex 15.5366 -140.183 1.5
      vertex 18.3093 -118.991 1.5
      vertex 18.1228 -118.763 1.5
    endloop
  endfacet
  facet normal 0 0 1
    outer loop
      vertex 15.3093 -140.369 1.5
      vertex 18.1228 -118.763 1.5
      vertex 17.9842 -118.504 1.5
    endloop
  endfacet
  facet normal 0 0 1
    outer loop
      vertex 15.1228 -140.597 1.5
      vertex 17.9842 -118.504 1.5
      vertex 17.8988 -118.223 1.5
    endloop
  endfacet
  facet normal 0 0 1
    outer loop
      vertex 3.25 -90.16 1.5
      vertex 17.8988 -118.223 1.5
      vertex 17.87 -117.93 1.5
    endloop
  endfacet
  facet normal -0 0 1
    outer loop
      vertex 16.944 -154.816 1.5
      vertex 20.0774 -161.959 1.5
      vertex 17.2034 -154.677 1.5
    endloop
  endfacet
  facet normal 0 0 1
    outer loop
      vertex 20.0774 -161.959 1.5
      vertex 16.944 -154.816 1.5
      vertex 19.796 -162.044 1.5
    endloop
  endfacet
  facet normal -0 0 1
    outer loop
      vertex 16.6626 -154.901 1.5
      vertex 19.796 -162.044 1.5
      vertex 16.944 -154.816 1.5
    endloop
  endfacet
  facet normal 0 0 1
    outer loop
      vertex 19.796 -162.044 1.5
      vertex 16.6626 -154.901 1.5
      vertex 19.5366 -162.183 1.5
    endloop
  endfacet
  facet normal -0 0 1
    outer loop
      vertex 16.37 -154.93 1.5
      vertex 19.5366 -162.183 1.5
      vertex 16.6626 -154.901 1.5
    endloop
  endfacet
  facet normal 0 0 1
    outer loop
      vertex 19.5366 -162.183 1.5
      vertex 16.37 -154.93 1.5
      vertex 19.3093 -162.369 1.5
    endloop
  endfacet
  facet normal 0 0 1
    outer loop
      vertex 16.0774 -154.901 1.5
      vertex 19.3093 -162.369 1.5
      vertex 16.37 -154.93 1.5
    endloop
  endfacet
  facet normal 0 0 1
    outer loop
      vertex 20.37 -164.93 1.5
      vertex 14.2716 -172.582 1.5
      vertex 14.3978 -172.954 1.5
    endloop
  endfacet
  facet normal 0 0 1
    outer loop
      vertex 19.3093 -162.369 1.5
      vertex 16.0774 -154.901 1.5
      vertex 19.1228 -162.597 1.5
    endloop
  endfacet
  facet normal 0 0 1
    outer loop
      vertex 15.796 -154.816 1.5
      vertex 19.1228 -162.597 1.5
      vertex 16.0774 -154.901 1.5
    endloop
  endfacet
  facet normal 0 0 1
    outer loop
      vertex 19.1228 -162.597 1.5
      vertex 15.796 -154.816 1.5
      vertex 18.9842 -162.856 1.5
    endloop
  endfacet
  facet normal 0 0 1
    outer loop
      vertex 15.5366 -154.677 1.5
      vertex 18.9842 -162.856 1.5
      vertex 15.796 -154.816 1.5
    endloop
  endfacet
  facet normal 0 0 1
    outer loop
      vertex 18.9842 -162.856 1.5
      vertex 15.5366 -154.677 1.5
      vertex 18.8988 -163.137 1.5
    endloop
  endfacet
  facet normal -0 0 1
    outer loop
      vertex 3.25 -162.23 1.5
      vertex 18.8988 -163.137 1.5
      vertex 15.5366 -154.677 1.5
    endloop
  endfacet
  facet normal 0 0 1
    outer loop
      vertex 20.37 -164.93 1.5
      vertex 14.3978 -172.954 1.5
      vertex 14.4743 -173.338 1.5
    endloop
  endfacet
  facet normal 0 0 1
    outer loop
      vertex 18.8988 -163.137 1.5
      vertex 3.25 -162.23 1.5
      vertex 18.87 -163.43 1.5
    endloop
  endfacet
  facet normal 0 0 1
    outer loop
      vertex 3.25 -162.23 1.5
      vertex 15.5366 -154.677 1.5
      vertex 15.3093 -154.491 1.5
    endloop
  endfacet
  facet normal 0 0 1
    outer loop
      vertex 3.25 -162.23 1.5
      vertex 15.3093 -154.491 1.5
      vertex 15.1228 -154.263 1.5
    endloop
  endfacet
  facet normal 0 0 1
    outer loop
      vertex 3.25 -162.23 1.5
      vertex 15.1228 -154.263 1.5
      vertex 14.9842 -154.004 1.5
    endloop
  endfacet
  facet normal 0 0 1
    outer loop
      vertex 3.25 -162.23 1.5
      vertex 14.9842 -154.004 1.5
      vertex 14.8988 -153.723 1.5
    endloop
  endfacet
  facet normal 0 0 1
    outer loop
      vertex 3.25 -162.23 1.5
      vertex 14.8988 -153.723 1.5
      vertex 14.87 -153.43 1.5
    endloop
  endfacet
  facet normal -0 0 1
    outer loop
      vertex 14.4743 -174.122 1.5
      vertex 20 -178.98 1.5
      vertex 14.5 -173.73 1.5
    endloop
  endfacet
  facet normal -0 0 1
    outer loop
      vertex 14.3978 -174.506 1.5
      vertex 17.8137 -178.837 1.5
      vertex 14.4743 -174.122 1.5
    endloop
  endfacet
  facet normal 0 0 1
    outer loop
      vertex 17.8137 -178.837 1.5
      vertex 14.3978 -174.506 1.5
      vertex 15.6648 -178.409 1.5
    endloop
  endfacet
  facet normal -0 0 1
    outer loop
      vertex 14.2716 -174.878 1.5
      vertex 15.6648 -178.409 1.5
      vertex 14.3978 -174.506 1.5
    endloop
  endfacet
  facet normal -0 0 1
    outer loop
      vertex 14.0981 -175.23 1.5
      vertex 15.6648 -178.409 1.5
      vertex 14.2716 -174.878 1.5
    endloop
  endfacet
  facet normal -0 0 1
    outer loop
      vertex 13.8801 -175.556 1.5
      vertex 15.6648 -178.409 1.5
      vertex 14.0981 -175.23 1.5
    endloop
  endfacet
  facet normal 0 0 1
    outer loop
      vertex 13.59 -177.705 1.5
      vertex 13.8801 -175.556 1.5
      vertex 13.6213 -175.851 1.5
    endloop
  endfacet
  facet normal 0 0 1
    outer loop
      vertex 13.8801 -175.556 1.5
      vertex 13.59 -177.705 1.5
      vertex 15.6648 -178.409 1.5
    endloop
  endfacet
  facet normal -0 0 1
    outer loop
      vertex 13.3263 -176.11 1.5
      vertex 13.59 -177.705 1.5
      vertex 13.6213 -175.851 1.5
    endloop
  endfacet
  facet normal -0 0 1
    outer loop
      vertex 13 -176.328 1.5
      vertex 13.59 -177.705 1.5
      vertex 13.3263 -176.11 1.5
    endloop
  endfacet
  facet normal 0 0 1
    outer loop
      vertex 13 -176.328 1.5
      vertex 12.71 -177.271 1.5
      vertex 13.59 -177.705 1.5
    endloop
  endfacet
  facet normal -0 0 1
    outer loop
      vertex 12.648 -176.502 1.5
      vertex 12.71 -177.271 1.5
      vertex 13 -176.328 1.5
    endloop
  endfacet
  facet normal -0 0 1
    outer loop
      vertex 12.2764 -176.628 1.5
      vertex 12.71 -177.271 1.5
      vertex 12.648 -176.502 1.5
    endloop
  endfacet
  facet normal 0 0 1
    outer loop
      vertex 12.71 -177.271 1.5
      vertex 12.2764 -176.628 1.5
      vertex 12.4706 -177.352 1.5
    endloop
  endfacet
  facet normal 0 0 1
    outer loop
      vertex 12.2764 -176.628 1.5
      vertex 11.9895 -177.448 1.5
      vertex 12.4706 -177.352 1.5
    endloop
  endfacet
  facet normal -0 0 1
    outer loop
      vertex 11.8916 -176.704 1.5
      vertex 11.9895 -177.448 1.5
      vertex 12.2764 -176.628 1.5
    endloop
  endfacet
  facet normal -0 0 1
    outer loop
      vertex 11.5 -176.73 1.5
      vertex 11.9895 -177.448 1.5
      vertex 11.8916 -176.704 1.5
    endloop
  endfacet
  facet normal 0 0 1
    outer loop
      vertex 11.5 -176.73 1.5
      vertex 11.5 -177.48 1.5
      vertex 11.9895 -177.448 1.5
    endloop
  endfacet
  facet normal 0 0 1
    outer loop
      vertex 11.1084 -176.704 1.5
      vertex 11.5 -177.48 1.5
      vertex 11.5 -176.73 1.5
    endloop
  endfacet
  facet normal 0 0 1
    outer loop
      vertex 11.1084 -176.704 1.5
      vertex 11.0105 -177.448 1.5
      vertex 11.5 -177.48 1.5
    endloop
  endfacet
  facet normal 0 0 1
    outer loop
      vertex 10.7235 -176.628 1.5
      vertex 11.0105 -177.448 1.5
      vertex 11.1084 -176.704 1.5
    endloop
  endfacet
  facet normal 0 0 1
    outer loop
      vertex 10.7235 -176.628 1.5
      vertex 10.5294 -177.352 1.5
      vertex 11.0105 -177.448 1.5
    endloop
  endfacet
  facet normal 0 0 1
    outer loop
      vertex 10.2502 -177.257 1.5
      vertex 10.7235 -176.628 1.5
      vertex 10.3519 -176.502 1.5
    endloop
  endfacet
  facet normal 0 0 1
    outer loop
      vertex 10.7235 -176.628 1.5
      vertex 10.2502 -177.257 1.5
      vertex 10.5294 -177.352 1.5
    endloop
  endfacet
  facet normal 0 -0 1
    outer loop
      vertex 10.2502 -177.257 1.5
      vertex 10.3519 -176.502 1.5
      vertex 10 -176.328 1.5
    endloop
  endfacet
  facet normal 0 0 1
    outer loop
      vertex 28.8988 -128.637 1.5
      vertex 19.6626 -119.401 1.5
      vertex 28.87 -128.93 1.5
    endloop
  endfacet
  facet normal -0 0 1
    outer loop
      vertex 19.37 -119.43 1.5
      vertex 28.87 -128.93 1.5
      vertex 19.6626 -119.401 1.5
    endloop
  endfacet
  facet normal 0 0 1
    outer loop
      vertex 28.87 -128.93 1.5
      vertex 19.37 -119.43 1.5
      vertex 28.8988 -129.223 1.5
    endloop
  endfacet
  facet normal 0 0 1
    outer loop
      vertex 19.0774 -119.401 1.5
      vertex 28.8988 -129.223 1.5
      vertex 19.37 -119.43 1.5
    endloop
  endfacet
  facet normal 0 0 1
    outer loop
      vertex 17.87 -141.43 1.5
      vertex 28.8988 -129.223 1.5
      vertex 19.0774 -119.401 1.5
    endloop
  endfacet
  facet normal 0 0 1
    outer loop
      vertex 17.87 -141.43 1.5
      vertex 19.0774 -119.401 1.5
      vertex 18.796 -119.316 1.5
    endloop
  endfacet
  facet normal 0 0 1
    outer loop
      vertex 17.8412 -153.723 1.5
      vertex 28.8988 -153.137 1.5
      vertex 17.87 -153.43 1.5
    endloop
  endfacet
  facet normal 0 0 1
    outer loop
      vertex 28.8988 -129.223 1.5
      vertex 17.87 -141.43 1.5
      vertex 28.9842 -129.504 1.5
    endloop
  endfacet
  facet normal 0 0 1
    outer loop
      vertex 17.8412 -141.723 1.5
      vertex 28.87 -141.43 1.5
      vertex 17.87 -141.43 1.5
    endloop
  endfacet
  facet normal 0 0 1
    outer loop
      vertex 29.1228 -140.597 1.5
      vertex 17.87 -141.43 1.5
      vertex 28.9842 -140.856 1.5
    endloop
  endfacet
  facet normal 0 0 1
    outer loop
      vertex 17.7558 -154.004 1.5
      vertex 28.8988 -153.137 1.5
      vertex 17.8412 -153.723 1.5
    endloop
  endfacet
  facet normal 0 0 1
    outer loop
      vertex 17.87 -141.43 1.5
      vertex 18.796 -119.316 1.5
      vertex 18.5366 -119.177 1.5
    endloop
  endfacet
  facet normal 0 0 1
    outer loop
      vertex 28.8988 -153.137 1.5
      vertex 17.7558 -154.004 1.5
      vertex 20.944 -162.044 1.5
    endloop
  endfacet
  facet normal 0 0 1
    outer loop
      vertex 28.9842 -140.856 1.5
      vertex 17.87 -141.43 1.5
      vertex 28.8988 -141.137 1.5
    endloop
  endfacet
  facet normal -0 0 1
    outer loop
      vertex 17.6172 -154.263 1.5
      vertex 20.944 -162.044 1.5
      vertex 17.7558 -154.004 1.5
    endloop
  endfacet
  facet normal 0 0 1
    outer loop
      vertex 20.944 -162.044 1.5
      vertex 17.6172 -154.263 1.5
      vertex 20.6626 -161.959 1.5
    endloop
  endfacet
  facet normal 0 0 1
    outer loop
      vertex 28.8988 -141.137 1.5
      vertex 17.87 -141.43 1.5
      vertex 28.87 -141.43 1.5
    endloop
  endfacet
  facet normal -0 0 1
    outer loop
      vertex 17.4306 -154.491 1.5
      vertex 20.6626 -161.959 1.5
      vertex 17.6172 -154.263 1.5
    endloop
  endfacet
  facet normal 0 0 1
    outer loop
      vertex 20.6626 -161.959 1.5
      vertex 17.4306 -154.491 1.5
      vertex 20.37 -161.93 1.5
    endloop
  endfacet
  facet normal -0 0 1
    outer loop
      vertex 17.2034 -154.677 1.5
      vertex 20.37 -161.93 1.5
      vertex 17.4306 -154.491 1.5
    endloop
  endfacet
  facet normal 0 0 1
    outer loop
      vertex 40.37 -2.04999 1.5
      vertex 20.37 -1.95 1.5
      vertex 20.37 -2.04999 1.5
    endloop
  endfacet
  facet normal 0 0 1
    outer loop
      vertex 31.7558 -142.004 1.5
      vertex 42.87 -141.43 1.5
      vertex 31.8412 -141.723 1.5
    endloop
  endfacet
  facet normal 0 0 1
    outer loop
      vertex 42.87 -141.43 1.5
      vertex 31.8412 -153.137 1.5
      vertex 31.87 -153.43 1.5
    endloop
  endfacet
  facet normal 0 0 1
    outer loop
      vertex 31.6172 -142.263 1.5
      vertex 42.87 -141.43 1.5
      vertex 31.7558 -142.004 1.5
    endloop
  endfacet
  facet normal 0 0 1
    outer loop
      vertex 42.87 -141.43 1.5
      vertex 31.7558 -152.856 1.5
      vertex 31.8412 -153.137 1.5
    endloop
  endfacet
  facet normal 0 0 1
    outer loop
      vertex 31.6172 -152.597 1.5
      vertex 42.87 -141.43 1.5
      vertex 31.6172 -142.263 1.5
    endloop
  endfacet
  facet normal 0 0 1
    outer loop
      vertex 42.87 -141.43 1.5
      vertex 31.6172 -152.597 1.5
      vertex 31.7558 -152.856 1.5
    endloop
  endfacet
  facet normal -0 0 1
    outer loop
      vertex 31.4306 -142.491 1.5
      vertex 31.6172 -152.597 1.5
      vertex 31.6172 -142.263 1.5
    endloop
  endfacet
  facet normal 0 0 1
    outer loop
      vertex 31.4306 -142.491 1.5
      vertex 31.4306 -152.369 1.5
      vertex 31.6172 -152.597 1.5
    endloop
  endfacet
  facet normal -0 0 1
    outer loop
      vertex 31.2034 -142.677 1.5
      vertex 31.4306 -152.369 1.5
      vertex 31.4306 -142.491 1.5
    endloop
  endfacet
  facet normal 0 0 1
    outer loop
      vertex 31.2034 -142.677 1.5
      vertex 31.2034 -152.183 1.5
      vertex 31.4306 -152.369 1.5
    endloop
  endfacet
  facet normal -0 0 1
    outer loop
      vertex 30.944 -142.816 1.5
      vertex 31.2034 -152.183 1.5
      vertex 31.2034 -142.677 1.5
    endloop
  endfacet
  facet normal 0 0 1
    outer loop
      vertex 30.944 -142.816 1.5
      vertex 30.944 -152.044 1.5
      vertex 31.2034 -152.183 1.5
    endloop
  endfacet
  facet normal -0 0 1
    outer loop
      vertex 30.6626 -142.901 1.5
      vertex 30.944 -152.044 1.5
      vertex 30.944 -142.816 1.5
    endloop
  endfacet
  facet normal 0 0 1
    outer loop
      vertex 30.6626 -142.901 1.5
      vertex 30.6626 -151.959 1.5
      vertex 30.944 -152.044 1.5
    endloop
  endfacet
  facet normal -0 0 1
    outer loop
      vertex 30.37 -142.93 1.5
      vertex 30.6626 -151.959 1.5
      vertex 30.6626 -142.901 1.5
    endloop
  endfacet
  facet normal 0 0 1
    outer loop
      vertex 30.37 -142.93 1.5
      vertex 30.37 -151.93 1.5
      vertex 30.6626 -151.959 1.5
    endloop
  endfacet
  facet normal 0 0 1
    outer loop
      vertex 30.0774 -142.901 1.5
      vertex 30.37 -151.93 1.5
      vertex 30.37 -142.93 1.5
    endloop
  endfacet
  facet normal 0 0 1
    outer loop
      vertex 30.0774 -142.901 1.5
      vertex 30.0774 -151.959 1.5
      vertex 30.37 -151.93 1.5
    endloop
  endfacet
  facet normal 0 0 1
    outer loop
      vertex 29.796 -142.816 1.5
      vertex 30.0774 -151.959 1.5
      vertex 30.0774 -142.901 1.5
    endloop
  endfacet
  facet normal 0 0 1
    outer loop
      vertex 29.796 -142.816 1.5
      vertex 29.796 -152.044 1.5
      vertex 30.0774 -151.959 1.5
    endloop
  endfacet
  facet normal 0 0 1
    outer loop
      vertex 29.5366 -142.677 1.5
      vertex 29.796 -152.044 1.5
      vertex 29.796 -142.816 1.5
    endloop
  endfacet
  facet normal 0 0 1
    outer loop
      vertex 29.5366 -142.677 1.5
      vertex 29.5366 -152.183 1.5
      vertex 29.796 -152.044 1.5
    endloop
  endfacet
  facet normal 0 0 1
    outer loop
      vertex 29.3093 -142.491 1.5
      vertex 29.5366 -152.183 1.5
      vertex 29.5366 -142.677 1.5
    endloop
  endfacet
  facet normal 0 0 1
    outer loop
      vertex 29.3093 -142.491 1.5
      vertex 29.3093 -152.369 1.5
      vertex 29.5366 -152.183 1.5
    endloop
  endfacet
  facet normal 0 0 1
    outer loop
      vertex 28.9842 -142.004 1.5
      vertex 17.7558 -142.004 1.5
      vertex 29.1228 -142.263 1.5
    endloop
  endfacet
  facet normal 0 0 1
    outer loop
      vertex 17.6172 -142.263 1.5
      vertex 29.1228 -142.263 1.5
      vertex 17.7558 -142.004 1.5
    endloop
  endfacet
  facet normal 0 0 1
    outer loop
      vertex 17.7558 -142.004 1.5
      vertex 28.9842 -142.004 1.5
      vertex 17.8412 -141.723 1.5
    endloop
  endfacet
  facet normal 0 0 1
    outer loop
      vertex 29.1228 -142.263 1.5
      vertex 17.6172 -142.263 1.5
      vertex 29.3093 -142.491 1.5
    endloop
  endfacet
  facet normal -0 0 1
    outer loop
      vertex 17.8412 -141.723 1.5
      vertex 28.9842 -142.004 1.5
      vertex 28.8988 -141.723 1.5
    endloop
  endfacet
  facet normal 0 0 1
    outer loop
      vertex 29.1228 -152.597 1.5
      vertex 17.87 -153.43 1.5
      vertex 28.9842 -152.856 1.5
    endloop
  endfacet
  facet normal 0 0 1
    outer loop
      vertex 17.8412 -141.723 1.5
      vertex 28.8988 -141.723 1.5
      vertex 28.87 -141.43 1.5
    endloop
  endfacet
  facet normal 0 0 1
    outer loop
      vertex 17.87 -153.43 1.5
      vertex 28.8988 -153.137 1.5
      vertex 28.9842 -152.856 1.5
    endloop
  endfacet
  facet normal -0 0 1
    outer loop
      vertex 31.6172 -129.763 1.5
      vertex 43.5366 -140.183 1.5
      vertex 31.7558 -129.504 1.5
    endloop
  endfacet
  facet normal 0 0 1
    outer loop
      vertex 43.3093 -140.369 1.5
      vertex 31.8412 -141.137 1.5
      vertex 31.87 -141.43 1.5
    endloop
  endfacet
  facet normal 0 0 1
    outer loop
      vertex 43.5366 -140.183 1.5
      vertex 31.6172 -129.763 1.5
      vertex 43.3093 -140.369 1.5
    endloop
  endfacet
  facet normal 0 0 1
    outer loop
      vertex 43.3093 -140.369 1.5
      vertex 31.7558 -140.856 1.5
      vertex 31.8412 -141.137 1.5
    endloop
  endfacet
  facet normal -0 0 1
    outer loop
      vertex 31.4306 -129.991 1.5
      vertex 43.3093 -140.369 1.5
      vertex 31.6172 -129.763 1.5
    endloop
  endfacet
  facet normal 0 0 1
    outer loop
      vertex 43.3093 -140.369 1.5
      vertex 31.6172 -140.597 1.5
      vertex 31.7558 -140.856 1.5
    endloop
  endfacet
  facet normal 0 0 1
    outer loop
      vertex 31.4306 -140.369 1.5
      vertex 43.3093 -140.369 1.5
      vertex 31.4306 -129.991 1.5
    endloop
  endfacet
  facet normal 0 0 1
    outer loop
      vertex 43.3093 -140.369 1.5
      vertex 31.4306 -140.369 1.5
      vertex 31.6172 -140.597 1.5
    endloop
  endfacet
  facet normal -0 0 1
    outer loop
      vertex 31.2034 -130.177 1.5
      vertex 31.4306 -140.369 1.5
      vertex 31.4306 -129.991 1.5
    endloop
  endfacet
  facet normal 0 0 1
    outer loop
      vertex 31.2034 -130.177 1.5
      vertex 31.2034 -140.183 1.5
      vertex 31.4306 -140.369 1.5
    endloop
  endfacet
  facet normal -0 0 1
    outer loop
      vertex 30.944 -130.316 1.5
      vertex 31.2034 -140.183 1.5
      vertex 31.2034 -130.177 1.5
    endloop
  endfacet
  facet normal 0 0 1
    outer loop
      vertex 30.944 -130.316 1.5
      vertex 30.944 -140.044 1.5
      vertex 31.2034 -140.183 1.5
    endloop
  endfacet
  facet normal -0 0 1
    outer loop
      vertex 30.6626 -130.401 1.5
      vertex 30.944 -140.044 1.5
      vertex 30.944 -130.316 1.5
    endloop
  endfacet
  facet normal 0 0 1
    outer loop
      vertex 30.6626 -130.401 1.5
      vertex 30.6626 -139.959 1.5
      vertex 30.944 -140.044 1.5
    endloop
  endfacet
  facet normal -0 0 1
    outer loop
      vertex 30.37 -130.43 1.5
      vertex 30.6626 -139.959 1.5
      vertex 30.6626 -130.401 1.5
    endloop
  endfacet
  facet normal 0 0 1
    outer loop
      vertex 30.37 -130.43 1.5
      vertex 30.37 -139.93 1.5
      vertex 30.6626 -139.959 1.5
    endloop
  endfacet
  facet normal 0 0 1
    outer loop
      vertex 30.0774 -130.401 1.5
      vertex 30.37 -139.93 1.5
      vertex 30.37 -130.43 1.5
    endloop
  endfacet
  facet normal 0 0 1
    outer loop
      vertex 30.0774 -130.401 1.5
      vertex 30.0774 -139.959 1.5
      vertex 30.37 -139.93 1.5
    endloop
  endfacet
  facet normal 0 0 1
    outer loop
      vertex 29.796 -130.316 1.5
      vertex 30.0774 -139.959 1.5
      vertex 30.0774 -130.401 1.5
    endloop
  endfacet
  facet normal 0 0 1
    outer loop
      vertex 29.796 -130.316 1.5
      vertex 29.796 -140.044 1.5
      vertex 30.0774 -139.959 1.5
    endloop
  endfacet
  facet normal 0 0 1
    outer loop
      vertex 29.5366 -130.177 1.5
      vertex 29.796 -140.044 1.5
      vertex 29.796 -130.316 1.5
    endloop
  endfacet
  facet normal 0 0 1
    outer loop
      vertex 29.5366 -130.177 1.5
      vertex 29.5366 -140.183 1.5
      vertex 29.796 -140.044 1.5
    endloop
  endfacet
  facet normal 0 0 1
    outer loop
      vertex 29.3093 -129.991 1.5
      vertex 29.5366 -140.183 1.5
      vertex 29.5366 -130.177 1.5
    endloop
  endfacet
  facet normal 0 0 1
    outer loop
      vertex 29.3093 -129.991 1.5
      vertex 29.3093 -140.369 1.5
      vertex 29.5366 -140.183 1.5
    endloop
  endfacet
  facet normal 0 0 1
    outer loop
      vertex 17.87 -141.43 1.5
      vertex 29.3093 -129.991 1.5
      vertex 29.1228 -129.763 1.5
    endloop
  endfacet
  facet normal 0 0 1
    outer loop
      vertex 29.3093 -129.991 1.5
      vertex 17.87 -141.43 1.5
      vertex 29.3093 -140.369 1.5
    endloop
  endfacet
  facet normal 0 0 1
    outer loop
      vertex 17.87 -141.43 1.5
      vertex 29.1228 -129.763 1.5
      vertex 28.9842 -129.504 1.5
    endloop
  endfacet
  facet normal 0 0 1
    outer loop
      vertex 29.3093 -140.369 1.5
      vertex 17.87 -141.43 1.5
      vertex 29.1228 -140.597 1.5
    endloop
  endfacet
  facet normal 0 0 1
    outer loop
      vertex 28.9842 -128.356 1.5
      vertex 19.944 -119.316 1.5
      vertex 28.8988 -128.637 1.5
    endloop
  endfacet
  facet normal -0 0 1
    outer loop
      vertex 19.6626 -119.401 1.5
      vertex 28.8988 -128.637 1.5
      vertex 19.944 -119.316 1.5
    endloop
  endfacet
  facet normal 0 0 1
    outer loop
      vertex 29.3093 -127.869 1.5
      vertex 20.4306 -118.991 1.5
      vertex 29.1228 -128.097 1.5
    endloop
  endfacet
  facet normal -0 0 1
    outer loop
      vertex 20.2034 -119.177 1.5
      vertex 29.1228 -128.097 1.5
      vertex 20.4306 -118.991 1.5
    endloop
  endfacet
  facet normal 0 0 1
    outer loop
      vertex 31.6172 -118.763 1.5
      vertex 38.9228 -118.763 1.5
      vertex 31.7558 -118.504 1.5
    endloop
  endfacet
  facet normal 0 0 1
    outer loop
      vertex 39.1093 -118.991 1.5
      vertex 31.8412 -128.637 1.5
      vertex 31.87 -128.93 1.5
    endloop
  endfacet
  facet normal 0 0 1
    outer loop
      vertex 38.9228 -118.763 1.5
      vertex 31.6172 -118.763 1.5
      vertex 39.1093 -118.991 1.5
    endloop
  endfacet
  facet normal 0 0 1
    outer loop
      vertex 39.1093 -118.991 1.5
      vertex 31.7558 -128.356 1.5
      vertex 31.8412 -128.637 1.5
    endloop
  endfacet
  facet normal 0 0 1
    outer loop
      vertex 31.4306 -118.991 1.5
      vertex 39.1093 -118.991 1.5
      vertex 31.6172 -118.763 1.5
    endloop
  endfacet
  facet normal 0 0 1
    outer loop
      vertex 39.1093 -118.991 1.5
      vertex 31.6172 -128.097 1.5
      vertex 31.7558 -128.356 1.5
    endloop
  endfacet
  facet normal 0 0 1
    outer loop
      vertex 31.4306 -127.869 1.5
      vertex 39.1093 -118.991 1.5
      vertex 31.4306 -118.991 1.5
    endloop
  endfacet
  facet normal 0 0 1
    outer loop
      vertex 39.1093 -118.991 1.5
      vertex 31.4306 -127.869 1.5
      vertex 31.6172 -128.097 1.5
    endloop
  endfacet
  facet normal -0 0 1
    outer loop
      vertex 31.2034 -119.177 1.5
      vertex 31.4306 -127.869 1.5
      vertex 31.4306 -118.991 1.5
    endloop
  endfacet
  facet normal 0 0 1
    outer loop
      vertex 31.2034 -119.177 1.5
      vertex 31.2034 -127.683 1.5
      vertex 31.4306 -127.869 1.5
    endloop
  endfacet
  facet normal -0 0 1
    outer loop
      vertex 30.944 -119.316 1.5
      vertex 31.2034 -127.683 1.5
      vertex 31.2034 -119.177 1.5
    endloop
  endfacet
  facet normal 0 0 1
    outer loop
      vertex 30.944 -119.316 1.5
      vertex 30.944 -127.544 1.5
      vertex 31.2034 -127.683 1.5
    endloop
  endfacet
  facet normal -0 0 1
    outer loop
      vertex 30.6626 -119.401 1.5
      vertex 30.944 -127.544 1.5
      vertex 30.944 -119.316 1.5
    endloop
  endfacet
  facet normal 0 0 1
    outer loop
      vertex 30.6626 -119.401 1.5
      vertex 30.6626 -127.459 1.5
      vertex 30.944 -127.544 1.5
    endloop
  endfacet
  facet normal -0 0 1
    outer loop
      vertex 30.37 -119.43 1.5
      vertex 30.6626 -127.459 1.5
      vertex 30.6626 -119.401 1.5
    endloop
  endfacet
  facet normal 0 0 1
    outer loop
      vertex 30.37 -119.43 1.5
      vertex 30.37 -127.43 1.5
      vertex 30.6626 -127.459 1.5
    endloop
  endfacet
  facet normal 0 0 1
    outer loop
      vertex 30.0774 -119.401 1.5
      vertex 30.37 -127.43 1.5
      vertex 30.37 -119.43 1.5
    endloop
  endfacet
  facet normal 0 0 1
    outer loop
      vertex 30.0774 -119.401 1.5
      vertex 30.0774 -127.459 1.5
      vertex 30.37 -127.43 1.5
    endloop
  endfacet
  facet normal 0 0 1
    outer loop
      vertex 29.796 -119.316 1.5
      vertex 30.0774 -127.459 1.5
      vertex 30.0774 -119.401 1.5
    endloop
  endfacet
  facet normal 0 0 1
    outer loop
      vertex 29.796 -119.316 1.5
      vertex 29.796 -127.544 1.5
      vertex 30.0774 -127.459 1.5
    endloop
  endfacet
  facet normal 0 0 1
    outer loop
      vertex 29.5366 -119.177 1.5
      vertex 29.796 -127.544 1.5
      vertex 29.796 -119.316 1.5
    endloop
  endfacet
  facet normal 0 0 1
    outer loop
      vertex 29.5366 -119.177 1.5
      vertex 29.5366 -127.683 1.5
      vertex 29.796 -127.544 1.5
    endloop
  endfacet
  facet normal 0 0 1
    outer loop
      vertex 29.3093 -118.991 1.5
      vertex 29.5366 -127.683 1.5
      vertex 29.5366 -119.177 1.5
    endloop
  endfacet
  facet normal 0 0 1
    outer loop
      vertex 29.3093 -118.991 1.5
      vertex 29.3093 -127.869 1.5
      vertex 29.5366 -127.683 1.5
    endloop
  endfacet
  facet normal 0 0 1
    outer loop
      vertex 20.7558 -118.504 1.5
      vertex 28.9842 -118.504 1.5
      vertex 20.8412 -118.223 1.5
    endloop
  endfacet
  facet normal 0 0 1
    outer loop
      vertex 28.9842 -118.504 1.5
      vertex 20.7558 -118.504 1.5
      vertex 29.1228 -118.763 1.5
    endloop
  endfacet
  facet normal 0 0 1
    outer loop
      vertex 28.8988 -118.223 1.5
      vertex 20.8412 -118.223 1.5
      vertex 28.9842 -118.504 1.5
    endloop
  endfacet
  facet normal 0 0 1
    outer loop
      vertex 20.6172 -118.763 1.5
      vertex 29.1228 -118.763 1.5
      vertex 20.7558 -118.504 1.5
    endloop
  endfacet
  facet normal 0 0 1
    outer loop
      vertex 20.8412 -118.223 1.5
      vertex 28.8988 -118.223 1.5
      vertex 20.87 -117.93 1.5
    endloop
  endfacet
  facet normal 0 0 1
    outer loop
      vertex 29.1228 -118.763 1.5
      vertex 20.6172 -118.763 1.5
      vertex 29.3093 -118.991 1.5
    endloop
  endfacet
  facet normal -0 0 1
    outer loop
      vertex 20.87 -117.93 1.5
      vertex 28.8988 -118.223 1.5
      vertex 28.87 -117.93 1.5
    endloop
  endfacet
  facet normal 0 0 1
    outer loop
      vertex 20.4306 -118.991 1.5
      vertex 29.3093 -118.991 1.5
      vertex 20.6172 -118.763 1.5
    endloop
  endfacet
  facet normal 0 0 1
    outer loop
      vertex 39.3366 -116.683 1.5
      vertex 30.1172 -107.763 1.5
      vertex 31.2034 -116.683 1.5
    endloop
  endfacet
  facet normal -0 0 1
    outer loop
      vertex 29.9306 -107.991 1.5
      vertex 31.2034 -116.683 1.5
      vertex 30.1172 -107.763 1.5
    endloop
  endfacet
  facet normal 0 0 1
    outer loop
      vertex 31.2034 -116.683 1.5
      vertex 29.9306 -107.991 1.5
      vertex 30.944 -116.544 1.5
    endloop
  endfacet
  facet normal -0 0 1
    outer loop
      vertex 29.7034 -108.177 1.5
      vertex 30.944 -116.544 1.5
      vertex 29.9306 -107.991 1.5
    endloop
  endfacet
  facet normal 0 0 1
    outer loop
      vertex 30.944 -116.544 1.5
      vertex 29.7034 -108.177 1.5
      vertex 30.6626 -116.459 1.5
    endloop
  endfacet
  facet normal -0 0 1
    outer loop
      vertex 29.444 -108.316 1.5
      vertex 30.6626 -116.459 1.5
      vertex 29.7034 -108.177 1.5
    endloop
  endfacet
  facet normal 0 0 1
    outer loop
      vertex 30.6626 -116.459 1.5
      vertex 29.444 -108.316 1.5
      vertex 30.37 -116.43 1.5
    endloop
  endfacet
  facet normal -0 0 1
    outer loop
      vertex 29.1626 -108.401 1.5
      vertex 30.37 -116.43 1.5
      vertex 29.444 -108.316 1.5
    endloop
  endfacet
  facet normal 0 0 1
    outer loop
      vertex 30.37 -116.43 1.5
      vertex 29.1626 -108.401 1.5
      vertex 30.0774 -116.459 1.5
    endloop
  endfacet
  facet normal -0 0 1
    outer loop
      vertex 28.87 -108.43 1.5
      vertex 30.0774 -116.459 1.5
      vertex 29.1626 -108.401 1.5
    endloop
  endfacet
  facet normal 0 0 1
    outer loop
      vertex 30.0774 -116.459 1.5
      vertex 28.87 -108.43 1.5
      vertex 29.796 -116.544 1.5
    endloop
  endfacet
  facet normal 0 0 1
    outer loop
      vertex 28.5774 -108.401 1.5
      vertex 29.796 -116.544 1.5
      vertex 28.87 -108.43 1.5
    endloop
  endfacet
  facet normal 0 0 1
    outer loop
      vertex 29.796 -116.544 1.5
      vertex 28.5774 -108.401 1.5
      vertex 29.5366 -116.683 1.5
    endloop
  endfacet
  facet normal 0 0 1
    outer loop
      vertex 28.296 -108.316 1.5
      vertex 29.5366 -116.683 1.5
      vertex 28.5774 -108.401 1.5
    endloop
  endfacet
  facet normal 0 0 1
    outer loop
      vertex 29.5366 -116.683 1.5
      vertex 28.296 -108.316 1.5
      vertex 29.3093 -116.869 1.5
    endloop
  endfacet
  facet normal 0 0 1
    outer loop
      vertex 28.0366 -108.177 1.5
      vertex 29.3093 -116.869 1.5
      vertex 28.296 -108.316 1.5
    endloop
  endfacet
  facet normal 0 0 1
    outer loop
      vertex 29.3093 -116.869 1.5
      vertex 28.0366 -108.177 1.5
      vertex 29.1228 -117.097 1.5
    endloop
  endfacet
  facet normal 0 0 1
    outer loop
      vertex 20.87 -117.93 1.5
      vertex 29.1228 -117.097 1.5
      vertex 28.0366 -108.177 1.5
    endloop
  endfacet
  facet normal 0 0 1
    outer loop
      vertex 29.3093 -118.991 1.5
      vertex 20.4306 -118.991 1.5
      vertex 29.3093 -127.869 1.5
    endloop
  endfacet
  facet normal 0 0 1
    outer loop
      vertex 29.1228 -117.097 1.5
      vertex 20.87 -117.93 1.5
      vertex 28.9842 -117.356 1.5
    endloop
  endfacet
  facet normal 0 0 1
    outer loop
      vertex 28.9842 -117.356 1.5
      vertex 20.87 -117.93 1.5
      vertex 28.8988 -117.637 1.5
    endloop
  endfacet
  facet normal -0 0 1
    outer loop
      vertex 31.8412 -129.223 1.5
      vertex 44.0774 -139.959 1.5
      vertex 31.87 -128.93 1.5
    endloop
  endfacet
  facet normal 0 0 1
    outer loop
      vertex 44.0774 -139.959 1.5
      vertex 31.8412 -129.223 1.5
      vertex 43.796 -140.044 1.5
    endloop
  endfacet
  facet normal 0 0 1
    outer loop
      vertex 42.87 -141.43 1.5
      vertex 41.6172 -162.597 1.5
      vertex 41.7558 -162.856 1.5
    endloop
  endfacet
  facet normal -0 0 1
    outer loop
      vertex 31.7558 -129.504 1.5
      vertex 43.796 -140.044 1.5
      vertex 31.8412 -129.223 1.5
    endloop
  endfacet
  facet normal 0 0 1
    outer loop
      vertex 42.87 -141.43 1.5
      vertex 41.4306 -162.369 1.5
      vertex 41.6172 -162.597 1.5
    endloop
  endfacet
  facet normal 0 0 1
    outer loop
      vertex 43.796 -140.044 1.5
      vertex 31.7558 -129.504 1.5
      vertex 43.5366 -140.183 1.5
    endloop
  endfacet
  facet normal 0 0 1
    outer loop
      vertex 31.8412 -141.723 1.5
      vertex 42.87 -141.43 1.5
      vertex 31.87 -141.43 1.5
    endloop
  endfacet
  facet normal 0 0 1
    outer loop
      vertex 43.3093 -140.369 1.5
      vertex 31.87 -141.43 1.5
      vertex 43.1228 -140.597 1.5
    endloop
  endfacet
  facet normal 0 0 1
    outer loop
      vertex 42.87 -141.43 1.5
      vertex 41.2034 -162.183 1.5
      vertex 41.4306 -162.369 1.5
    endloop
  endfacet
  facet normal 0 0 1
    outer loop
      vertex 43.1228 -140.597 1.5
      vertex 31.87 -141.43 1.5
      vertex 42.9842 -140.856 1.5
    endloop
  endfacet
  facet normal 0 0 1
    outer loop
      vertex 42.87 -141.43 1.5
      vertex 40.944 -162.044 1.5
      vertex 41.2034 -162.183 1.5
    endloop
  endfacet
  facet normal 0 0 1
    outer loop
      vertex 42.9842 -140.856 1.5
      vertex 31.87 -141.43 1.5
      vertex 42.8988 -141.137 1.5
    endloop
  endfacet
  facet normal 0 -0 1
    outer loop
      vertex 40.6626 -161.959 1.5
      vertex 42.87 -141.43 1.5
      vertex 31.87 -153.43 1.5
    endloop
  endfacet
  facet normal 0 0 1
    outer loop
      vertex 31.87 -128.93 1.5
      vertex 40.4626 -119.401 1.5
      vertex 40.17 -119.43 1.5
    endloop
  endfacet
  facet normal 0 0 1
    outer loop
      vertex 42.87 -141.43 1.5
      vertex 40.6626 -161.959 1.5
      vertex 40.944 -162.044 1.5
    endloop
  endfacet
  facet normal 0 0 1
    outer loop
      vertex 31.87 -128.93 1.5
      vertex 40.17 -119.43 1.5
      vertex 39.8773 -119.401 1.5
    endloop
  endfacet
  facet normal 0 0 1
    outer loop
      vertex 40.6626 -161.959 1.5
      vertex 31.87 -153.43 1.5
      vertex 40.37 -161.93 1.5
    endloop
  endfacet
  facet normal 0 0 1
    outer loop
      vertex 31.87 -128.93 1.5
      vertex 39.8773 -119.401 1.5
      vertex 39.596 -119.316 1.5
    endloop
  endfacet
  facet normal 0 0 1
    outer loop
      vertex 40.37 -161.93 1.5
      vertex 31.87 -153.43 1.5
      vertex 40.0774 -161.959 1.5
    endloop
  endfacet
  facet normal 0 0 1
    outer loop
      vertex 31.87 -128.93 1.5
      vertex 39.596 -119.316 1.5
      vertex 39.3366 -119.177 1.5
    endloop
  endfacet
  facet normal -0 0 1
    outer loop
      vertex 31.8412 -153.723 1.5
      vertex 40.0774 -161.959 1.5
      vertex 31.87 -153.43 1.5
    endloop
  endfacet
  facet normal 0 0 1
    outer loop
      vertex 40.0774 -161.959 1.5
      vertex 31.8412 -153.723 1.5
      vertex 39.796 -162.044 1.5
    endloop
  endfacet
  facet normal 0 0 1
    outer loop
      vertex 31.87 -128.93 1.5
      vertex 39.3366 -119.177 1.5
      vertex 39.1093 -118.991 1.5
    endloop
  endfacet
  facet normal -0 0 1
    outer loop
      vertex 31.7558 -154.004 1.5
      vertex 39.796 -162.044 1.5
      vertex 31.8412 -153.723 1.5
    endloop
  endfacet
  facet normal 0 0 1
    outer loop
      vertex 31.7558 -118.504 1.5
      vertex 38.7842 -118.504 1.5
      vertex 31.8412 -118.223 1.5
    endloop
  endfacet
  facet normal 0 0 1
    outer loop
      vertex 39.796 -162.044 1.5
      vertex 31.7558 -154.004 1.5
      vertex 39.5366 -162.183 1.5
    endloop
  endfacet
  facet normal -0 0 1
    outer loop
      vertex 31.6172 -154.263 1.5
      vertex 39.5366 -162.183 1.5
      vertex 31.7558 -154.004 1.5
    endloop
  endfacet
  facet normal 0 0 1
    outer loop
      vertex 38.6988 -118.223 1.5
      vertex 31.8412 -118.223 1.5
      vertex 38.7842 -118.504 1.5
    endloop
  endfacet
  facet normal -0 0 1
    outer loop
      vertex 45.8412 -141.723 1.5
      vertex 45.87 -153.43 1.5
      vertex 45.87 -141.43 1.5
    endloop
  endfacet
  facet normal 0 0 1
    outer loop
      vertex 45.8412 -141.723 1.5
      vertex 45.8412 -153.137 1.5
      vertex 45.87 -153.43 1.5
    endloop
  endfacet
  facet normal -0 0 1
    outer loop
      vertex 45.7558 -142.004 1.5
      vertex 45.8412 -153.137 1.5
      vertex 45.8412 -141.723 1.5
    endloop
  endfacet
  facet normal 0 0 1
    outer loop
      vertex 45.7558 -142.004 1.5
      vertex 45.7558 -152.856 1.5
      vertex 45.8412 -153.137 1.5
    endloop
  endfacet
  facet normal -0 0 1
    outer loop
      vertex 45.6172 -142.263 1.5
      vertex 45.7558 -152.856 1.5
      vertex 45.7558 -142.004 1.5
    endloop
  endfacet
  facet normal 0 0 1
    outer loop
      vertex 45.6172 -142.263 1.5
      vertex 45.6172 -152.597 1.5
      vertex 45.7558 -152.856 1.5
    endloop
  endfacet
  facet normal -0 0 1
    outer loop
      vertex 45.4306 -142.491 1.5
      vertex 45.6172 -152.597 1.5
      vertex 45.6172 -142.263 1.5
    endloop
  endfacet
  facet normal 0 0 1
    outer loop
      vertex 45.4306 -142.491 1.5
      vertex 45.4306 -152.369 1.5
      vertex 45.6172 -152.597 1.5
    endloop
  endfacet
  facet normal -0 0 1
    outer loop
      vertex 45.2034 -142.677 1.5
      vertex 45.4306 -152.369 1.5
      vertex 45.4306 -142.491 1.5
    endloop
  endfacet
  facet normal 0 0 1
    outer loop
      vertex 45.2034 -142.677 1.5
      vertex 45.2034 -152.183 1.5
      vertex 45.4306 -152.369 1.5
    endloop
  endfacet
  facet normal -0 0 1
    outer loop
      vertex 44.944 -142.816 1.5
      vertex 45.2034 -152.183 1.5
      vertex 45.2034 -142.677 1.5
    endloop
  endfacet
  facet normal 0 0 1
    outer loop
      vertex 44.944 -142.816 1.5
      vertex 44.944 -152.044 1.5
      vertex 45.2034 -152.183 1.5
    endloop
  endfacet
  facet normal -0 0 1
    outer loop
      vertex 44.6626 -142.901 1.5
      vertex 44.944 -152.044 1.5
      vertex 44.944 -142.816 1.5
    endloop
  endfacet
  facet normal 0 0 1
    outer loop
      vertex 44.6626 -142.901 1.5
      vertex 44.6626 -151.959 1.5
      vertex 44.944 -152.044 1.5
    endloop
  endfacet
  facet normal -0 0 1
    outer loop
      vertex 44.37 -142.93 1.5
      vertex 44.6626 -151.959 1.5
      vertex 44.6626 -142.901 1.5
    endloop
  endfacet
  facet normal 0 0 1
    outer loop
      vertex 44.37 -142.93 1.5
      vertex 44.37 -151.93 1.5
      vertex 44.6626 -151.959 1.5
    endloop
  endfacet
  facet normal 0 0 1
    outer loop
      vertex 44.0774 -142.901 1.5
      vertex 44.37 -151.93 1.5
      vertex 44.37 -142.93 1.5
    endloop
  endfacet
  facet normal 0 0 1
    outer loop
      vertex 44.0774 -142.901 1.5
      vertex 44.0774 -151.959 1.5
      vertex 44.37 -151.93 1.5
    endloop
  endfacet
  facet normal 0 0 1
    outer loop
      vertex 43.796 -142.816 1.5
      vertex 44.0774 -151.959 1.5
      vertex 44.0774 -142.901 1.5
    endloop
  endfacet
  facet normal 0 0 1
    outer loop
      vertex 43.796 -142.816 1.5
      vertex 43.796 -152.044 1.5
      vertex 44.0774 -151.959 1.5
    endloop
  endfacet
  facet normal 0 0 1
    outer loop
      vertex 43.5366 -142.677 1.5
      vertex 43.796 -152.044 1.5
      vertex 43.796 -142.816 1.5
    endloop
  endfacet
  facet normal 0 0 1
    outer loop
      vertex 43.5366 -142.677 1.5
      vertex 43.5366 -152.183 1.5
      vertex 43.796 -152.044 1.5
    endloop
  endfacet
  facet normal 0 0 1
    outer loop
      vertex 43.3093 -142.491 1.5
      vertex 43.5366 -152.183 1.5
      vertex 43.5366 -142.677 1.5
    endloop
  endfacet
  facet normal 0 0 1
    outer loop
      vertex 43.3093 -142.491 1.5
      vertex 43.3093 -152.369 1.5
      vertex 43.5366 -152.183 1.5
    endloop
  endfacet
  facet normal 0 0 1
    outer loop
      vertex 43.1228 -142.263 1.5
      vertex 43.3093 -152.369 1.5
      vertex 43.3093 -142.491 1.5
    endloop
  endfacet
  facet normal 0 0 1
    outer loop
      vertex 43.1228 -142.263 1.5
      vertex 43.1228 -152.597 1.5
      vertex 43.3093 -152.369 1.5
    endloop
  endfacet
  facet normal 0 0 1
    outer loop
      vertex 42.9842 -142.004 1.5
      vertex 43.1228 -152.597 1.5
      vertex 43.1228 -142.263 1.5
    endloop
  endfacet
  facet normal 0 0 1
    outer loop
      vertex 42.9842 -142.004 1.5
      vertex 42.9842 -152.856 1.5
      vertex 43.1228 -152.597 1.5
    endloop
  endfacet
  facet normal 0 0 1
    outer loop
      vertex 42.8988 -141.723 1.5
      vertex 42.9842 -152.856 1.5
      vertex 42.9842 -142.004 1.5
    endloop
  endfacet
  facet normal 0 0 1
    outer loop
      vertex 42.8988 -141.723 1.5
      vertex 42.8988 -153.137 1.5
      vertex 42.9842 -152.856 1.5
    endloop
  endfacet
  facet normal 0 0 1
    outer loop
      vertex 42.87 -141.43 1.5
      vertex 42.8988 -153.137 1.5
      vertex 42.8988 -141.723 1.5
    endloop
  endfacet
  facet normal 0 0 1
    outer loop
      vertex 42.8988 -153.137 1.5
      vertex 42.87 -141.43 1.5
      vertex 42.87 -153.43 1.5
    endloop
  endfacet
  facet normal 0 0 1
    outer loop
      vertex 10.47 -3.35 1.5
      vertex 50.27 -3.35 1.5
      vertex 50.27 -3.25 1.5
    endloop
  endfacet
  facet normal 0 0 1
    outer loop
      vertex 50.27 -3.35 1.5
      vertex 10.47 -88.95 1.5
      vertex 50.27 -88.95 1.5
    endloop
  endfacet
  facet normal 0 -0 1
    outer loop
      vertex 28.87 -105.43 1.5
      vertex 50.27 -88.95 1.5
      vertex 10.47 -88.95 1.5
    endloop
  endfacet
  facet normal 0 0 1
    outer loop
      vertex 50.27 -89.55 1.5
      vertex 48.74 -117.08 1.5
      vertex 50.0164 -170.832 1.5
    endloop
  endfacet
  facet normal -0 0 1
    outer loop
      vertex 48.6855 -117.494 1.5
      vertex 50.0164 -170.832 1.5
      vertex 48.74 -117.08 1.5
    endloop
  endfacet
  facet normal -0 0 1
    outer loop
      vertex 45.87 -141.43 1.5
      vertex 50.0164 -170.832 1.5
      vertex 48.6855 -117.494 1.5
    endloop
  endfacet
  facet normal -0 0 1
    outer loop
      vertex 45.87 -153.43 1.5
      vertex 50.0164 -170.832 1.5
      vertex 45.87 -141.43 1.5
    endloop
  endfacet
  facet normal 0 0 1
    outer loop
      vertex 50.27 -89.55 1.5
      vertex 48.6855 -116.666 1.5
      vertex 48.74 -117.08 1.5
    endloop
  endfacet
  facet normal 0 0 1
    outer loop
      vertex 50.27 -89.55 1.5
      vertex 48.5256 -116.28 1.5
      vertex 48.6855 -116.666 1.5
    endloop
  endfacet
  facet normal 0 0 1
    outer loop
      vertex 50.27 -89.55 1.5
      vertex 48.2714 -115.949 1.5
      vertex 48.5256 -116.28 1.5
    endloop
  endfacet
  facet normal 0 0 1
    outer loop
      vertex 50.27 -89.55 1.5
      vertex 47.94 -115.694 1.5
      vertex 48.2714 -115.949 1.5
    endloop
  endfacet
  facet normal 0 0 1
    outer loop
      vertex 50.27 -89.55 1.5
      vertex 47.5541 -115.535 1.5
      vertex 47.94 -115.694 1.5
    endloop
  endfacet
  facet normal 0 -0 1
    outer loop
      vertex 29.9306 -105.869 1.5
      vertex 50.27 -89.55 1.5
      vertex 29.7034 -105.683 1.5
    endloop
  endfacet
  facet normal 0 0 1
    outer loop
      vertex 50.27 -89.55 1.5
      vertex 47.14 -115.48 1.5
      vertex 47.5541 -115.535 1.5
    endloop
  endfacet
  facet normal 0 -0 1
    outer loop
      vertex 30.2558 -106.356 1.5
      vertex 50.27 -89.55 1.5
      vertex 30.1172 -106.097 1.5
    endloop
  endfacet
  facet normal 0 -0 1
    outer loop
      vertex 43.84 -115.48 1.5
      vertex 50.27 -89.55 1.5
      vertex 30.2558 -106.356 1.5
    endloop
  endfacet
  facet normal 0 0 1
    outer loop
      vertex 50.27 -89.55 1.5
      vertex 43.84 -115.48 1.5
      vertex 47.14 -115.48 1.5
    endloop
  endfacet
  facet normal -0 -0 1
    outer loop
      vertex 30.3412 -106.637 1.5
      vertex 43.84 -115.48 1.5
      vertex 30.2558 -106.356 1.5
    endloop
  endfacet
  facet normal 0 0 1
    outer loop
      vertex 43.84 -115.48 1.5
      vertex 30.3412 -106.637 1.5
      vertex 43.4259 -115.535 1.5
    endloop
  endfacet
  facet normal -0 -0 1
    outer loop
      vertex 30.37 -106.93 1.5
      vertex 43.4259 -115.535 1.5
      vertex 30.3412 -106.637 1.5
    endloop
  endfacet
  facet normal 0 0 1
    outer loop
      vertex 49.24 -170.73 1.5
      vertex 41.87 -163.43 1.5
      vertex 48.8484 -170.756 1.5
    endloop
  endfacet
  facet normal 0 0 1
    outer loop
      vertex 42.87 -141.43 1.5
      vertex 41.7558 -162.856 1.5
      vertex 41.8412 -163.137 1.5
    endloop
  endfacet
  facet normal -0 0 1
    outer loop
      vertex 31.87 -128.93 1.5
      vertex 44.0774 -139.959 1.5
      vertex 40.4626 -119.401 1.5
    endloop
  endfacet
  facet normal 0 0 1
    outer loop
      vertex 43.4259 -115.535 1.5
      vertex 30.37 -106.93 1.5
      vertex 43.04 -115.694 1.5
    endloop
  endfacet
  facet normal 0 0 1
    outer loop
      vertex 42.24 -117.08 1.5
      vertex 41.6412 -117.637 1.5
      vertex 41.67 -117.93 1.5
    endloop
  endfacet
  facet normal 0 0 1
    outer loop
      vertex 42.24 -117.08 1.5
      vertex 41.5558 -117.356 1.5
      vertex 41.6412 -117.637 1.5
    endloop
  endfacet
  facet normal 0 0 1
    outer loop
      vertex 42.24 -117.08 1.5
      vertex 41.4172 -117.097 1.5
      vertex 41.5558 -117.356 1.5
    endloop
  endfacet
  facet normal 0 0 1
    outer loop
      vertex 42.2945 -116.666 1.5
      vertex 41.4172 -117.097 1.5
      vertex 42.24 -117.08 1.5
    endloop
  endfacet
  facet normal 0 -0 1
    outer loop
      vertex 41.4172 -117.097 1.5
      vertex 42.2945 -116.666 1.5
      vertex 41.2307 -116.869 1.5
    endloop
  endfacet
  facet normal 0 -0 1
    outer loop
      vertex 40.4626 -116.459 1.5
      vertex 43.04 -115.694 1.5
      vertex 40.17 -116.43 1.5
    endloop
  endfacet
  facet normal 0 0 1
    outer loop
      vertex 42.4544 -116.28 1.5
      vertex 41.2307 -116.869 1.5
      vertex 42.2945 -116.666 1.5
    endloop
  endfacet
  facet normal 0 -0 1
    outer loop
      vertex 41.2307 -116.869 1.5
      vertex 42.4544 -116.28 1.5
      vertex 41.0033 -116.683 1.5
    endloop
  endfacet
  facet normal 0 -0 1
    outer loop
      vertex 41.0033 -116.683 1.5
      vertex 42.4544 -116.28 1.5
      vertex 40.744 -116.544 1.5
    endloop
  endfacet
  facet normal 0 0 1
    outer loop
      vertex 42.7086 -115.949 1.5
      vertex 40.744 -116.544 1.5
      vertex 42.4544 -116.28 1.5
    endloop
  endfacet
  facet normal 0 -0 1
    outer loop
      vertex 40.744 -116.544 1.5
      vertex 42.7086 -115.949 1.5
      vertex 40.4626 -116.459 1.5
    endloop
  endfacet
  facet normal 0 0 1
    outer loop
      vertex 43.04 -115.694 1.5
      vertex 40.4626 -116.459 1.5
      vertex 42.7086 -115.949 1.5
    endloop
  endfacet
  facet normal 0 0 1
    outer loop
      vertex 40.17 -116.43 1.5
      vertex 30.37 -106.93 1.5
      vertex 39.8773 -116.459 1.5
    endloop
  endfacet
  facet normal -0 0 1
    outer loop
      vertex 30.3412 -107.223 1.5
      vertex 39.8773 -116.459 1.5
      vertex 30.37 -106.93 1.5
    endloop
  endfacet
  facet normal 0 0 1
    outer loop
      vertex 39.8773 -116.459 1.5
      vertex 30.3412 -107.223 1.5
      vertex 39.596 -116.544 1.5
    endloop
  endfacet
  facet normal 0 0 1
    outer loop
      vertex 39.5366 -162.183 1.5
      vertex 31.6172 -154.263 1.5
      vertex 39.3093 -162.369 1.5
    endloop
  endfacet
  facet normal 0 0 1
    outer loop
      vertex 42.8988 -141.137 1.5
      vertex 31.87 -141.43 1.5
      vertex 42.87 -141.43 1.5
    endloop
  endfacet
  facet normal 0 0 1
    outer loop
      vertex 38.6988 -117.637 1.5
      vertex 31.87 -117.93 1.5
      vertex 38.67 -117.93 1.5
    endloop
  endfacet
  facet normal -0 0 1
    outer loop
      vertex 30.2558 -107.504 1.5
      vertex 39.596 -116.544 1.5
      vertex 30.3412 -107.223 1.5
    endloop
  endfacet
  facet normal 0 0 1
    outer loop
      vertex 38.6988 -117.637 1.5
      vertex 31.8412 -117.637 1.5
      vertex 31.87 -117.93 1.5
    endloop
  endfacet
  facet normal 0 0 1
    outer loop
      vertex 38.9228 -117.097 1.5
      vertex 31.6172 -117.097 1.5
      vertex 38.7842 -117.356 1.5
    endloop
  endfacet
  facet normal 0 0 1
    outer loop
      vertex 38.6988 -117.637 1.5
      vertex 31.7558 -117.356 1.5
      vertex 31.8412 -117.637 1.5
    endloop
  endfacet
  facet normal 0 0 1
    outer loop
      vertex 38.7842 -117.356 1.5
      vertex 31.7558 -117.356 1.5
      vertex 38.6988 -117.637 1.5
    endloop
  endfacet
  facet normal 0 -0 1
    outer loop
      vertex 31.7558 -117.356 1.5
      vertex 38.7842 -117.356 1.5
      vertex 31.6172 -117.097 1.5
    endloop
  endfacet
  facet normal 0 -0 1
    outer loop
      vertex 31.6172 -117.097 1.5
      vertex 38.9228 -117.097 1.5
      vertex 31.4306 -116.869 1.5
    endloop
  endfacet
  facet normal 0 0 1
    outer loop
      vertex 39.596 -116.544 1.5
      vertex 30.2558 -107.504 1.5
      vertex 39.3366 -116.683 1.5
    endloop
  endfacet
  facet normal -0 0 1
    outer loop
      vertex 30.1172 -107.763 1.5
      vertex 39.3366 -116.683 1.5
      vertex 30.2558 -107.504 1.5
    endloop
  endfacet
  facet normal 0 0 1
    outer loop
      vertex 39.1093 -116.869 1.5
      vertex 31.4306 -116.869 1.5
      vertex 38.9228 -117.097 1.5
    endloop
  endfacet
  facet normal 0 -0 1
    outer loop
      vertex 31.4306 -116.869 1.5
      vertex 39.1093 -116.869 1.5
      vertex 31.2034 -116.683 1.5
    endloop
  endfacet
  facet normal 0 0 1
    outer loop
      vertex 39.3366 -116.683 1.5
      vertex 31.2034 -116.683 1.5
      vertex 39.1093 -116.869 1.5
    endloop
  endfacet
  facet normal 0 -0 1
    outer loop
      vertex 40.17 -116.43 1.5
      vertex 43.04 -115.694 1.5
      vertex 30.37 -106.93 1.5
    endloop
  endfacet
  facet normal 0 -0 1
    outer loop
      vertex 30.1172 -106.097 1.5
      vertex 50.27 -89.55 1.5
      vertex 29.9306 -105.869 1.5
    endloop
  endfacet
  facet normal 0 0 1
    outer loop
      vertex 50.27 -89.55 1.5
      vertex 29.444 -105.544 1.5
      vertex 29.7034 -105.683 1.5
    endloop
  endfacet
  facet normal 0 -0 1
    outer loop
      vertex 29.1626 -105.459 1.5
      vertex 50.27 -88.95 1.5
      vertex 28.87 -105.43 1.5
    endloop
  endfacet
  facet normal 0 0 1
    outer loop
      vertex 50.27 -89.55 1.5
      vertex 29.1626 -105.459 1.5
      vertex 29.444 -105.544 1.5
    endloop
  endfacet
  facet normal 0 0 1
    outer loop
      vertex 50.27 -88.95 1.5
      vertex 29.1626 -105.459 1.5
      vertex 50.27 -89.55 1.5
    endloop
  endfacet
  facet normal 0 0 1
    outer loop
      vertex 28.87 -105.43 1.5
      vertex 10.47 -88.95 1.5
      vertex 28.5774 -105.459 1.5
    endloop
  endfacet
  facet normal -0 0 1
    outer loop
      vertex 10.47 -89.55 1.5
      vertex 28.5774 -105.459 1.5
      vertex 10.47 -88.95 1.5
    endloop
  endfacet
  facet normal 0 0 1
    outer loop
      vertex 28.5774 -105.459 1.5
      vertex 10.47 -89.55 1.5
      vertex 28.296 -105.544 1.5
    endloop
  endfacet
  facet normal 0 0 1
    outer loop
      vertex 28.296 -105.544 1.5
      vertex 10.47 -89.55 1.5
      vertex 28.0366 -105.683 1.5
    endloop
  endfacet
  facet normal 0 0 1
    outer loop
      vertex 28.0366 -105.683 1.5
      vertex 10.47 -89.55 1.5
      vertex 27.8093 -105.869 1.5
    endloop
  endfacet
  facet normal 0 0 1
    outer loop
      vertex 27.8093 -105.869 1.5
      vertex 10.47 -89.55 1.5
      vertex 27.6228 -106.097 1.5
    endloop
  endfacet
  facet normal 0 0 1
    outer loop
      vertex 37.87 -178.98 1.5
      vertex 22.87 -178.98 1.5
      vertex 37.87 -180.18 1.5
    endloop
  endfacet
  facet normal 0 0 1
    outer loop
      vertex 28.8988 -153.137 1.5
      vertex 21.8412 -163.137 1.5
      vertex 21.87 -163.43 1.5
    endloop
  endfacet
  facet normal 0 0 1
    outer loop
      vertex 28.8988 -153.137 1.5
      vertex 21.7558 -162.856 1.5
      vertex 21.8412 -163.137 1.5
    endloop
  endfacet
  facet normal 0 0 1
    outer loop
      vertex 19.0774 -116.459 1.5
      vertex 27.37 -106.93 1.5
      vertex 27.3988 -106.637 1.5
    endloop
  endfacet
  facet normal -0 0 1
    outer loop
      vertex 19.944 -119.316 1.5
      vertex 28.9842 -128.356 1.5
      vertex 20.2034 -119.177 1.5
    endloop
  endfacet
  facet normal 0 0 1
    outer loop
      vertex 28.8988 -153.137 1.5
      vertex 21.6172 -162.597 1.5
      vertex 21.7558 -162.856 1.5
    endloop
  endfacet
  facet normal 0 0 1
    outer loop
      vertex 28.8988 -153.137 1.5
      vertex 21.4306 -162.369 1.5
      vertex 21.6172 -162.597 1.5
    endloop
  endfacet
  facet normal 0 0 1
    outer loop
      vertex 28.8988 -153.137 1.5
      vertex 21.2034 -162.183 1.5
      vertex 21.4306 -162.369 1.5
    endloop
  endfacet
  facet normal 0 0 1
    outer loop
      vertex 28.8988 -153.137 1.5
      vertex 20.944 -162.044 1.5
      vertex 21.2034 -162.183 1.5
    endloop
  endfacet
  facet normal 0 0 1
    outer loop
      vertex 27.6228 -106.097 1.5
      vertex 10.47 -89.55 1.5
      vertex 27.4842 -106.356 1.5
    endloop
  endfacet
  facet normal 0 0 1
    outer loop
      vertex 27.3988 -107.223 1.5
      vertex 20.8412 -117.637 1.5
      vertex 20.87 -117.93 1.5
    endloop
  endfacet
  facet normal 0 0 1
    outer loop
      vertex 27.3988 -107.223 1.5
      vertex 20.7558 -117.356 1.5
      vertex 20.8412 -117.637 1.5
    endloop
  endfacet
  facet normal 0 0 1
    outer loop
      vertex 27.3988 -107.223 1.5
      vertex 20.6172 -117.097 1.5
      vertex 20.7558 -117.356 1.5
    endloop
  endfacet
  facet normal 0 0 1
    outer loop
      vertex 27.4842 -106.356 1.5
      vertex 10.47 -89.55 1.5
      vertex 27.3988 -106.637 1.5
    endloop
  endfacet
  facet normal 0 0 1
    outer loop
      vertex 27.3988 -107.223 1.5
      vertex 20.4306 -116.869 1.5
      vertex 20.6172 -117.097 1.5
    endloop
  endfacet
  facet normal 0 -0 1
    outer loop
      vertex 18.796 -116.544 1.5
      vertex 27.3988 -106.637 1.5
      vertex 10.47 -89.55 1.5
    endloop
  endfacet
  facet normal 0 0 1
    outer loop
      vertex 27.3988 -107.223 1.5
      vertex 20.2034 -116.683 1.5
      vertex 20.4306 -116.869 1.5
    endloop
  endfacet
  facet normal 0 0 1
    outer loop
      vertex 27.3988 -107.223 1.5
      vertex 19.944 -116.544 1.5
      vertex 20.2034 -116.683 1.5
    endloop
  endfacet
  facet normal 0 0 1
    outer loop
      vertex 27.3988 -107.223 1.5
      vertex 19.6626 -116.459 1.5
      vertex 19.944 -116.544 1.5
    endloop
  endfacet
  facet normal 0 0 1
    outer loop
      vertex 27.3988 -107.223 1.5
      vertex 19.37 -116.43 1.5
      vertex 19.6626 -116.459 1.5
    endloop
  endfacet
  facet normal 0 0 1
    outer loop
      vertex 27.37 -106.93 1.5
      vertex 19.0774 -116.459 1.5
      vertex 19.37 -116.43 1.5
    endloop
  endfacet
  facet normal 0 0 1
    outer loop
      vertex 27.3988 -106.637 1.5
      vertex 18.796 -116.544 1.5
      vertex 19.0774 -116.459 1.5
    endloop
  endfacet
  facet normal 0 0 1
    outer loop
      vertex 18.796 -116.544 1.5
      vertex 10.47 -89.55 1.5
      vertex 18.5366 -116.683 1.5
    endloop
  endfacet
  facet normal -0 0 1
    outer loop
      vertex 4.54999 -90.16 1.5
      vertex 18.5366 -116.683 1.5
      vertex 10.47 -89.55 1.5
    endloop
  endfacet
  facet normal 0 0 1
    outer loop
      vertex 18.5366 -116.683 1.5
      vertex 4.54999 -90.16 1.5
      vertex 18.3093 -116.869 1.5
    endloop
  endfacet
  facet normal 0 0 1
    outer loop
      vertex 18.5366 -119.177 1.5
      vertex 17.8412 -141.137 1.5
      vertex 17.87 -141.43 1.5
    endloop
  endfacet
  facet normal 0 0 1
    outer loop
      vertex 18.5366 -119.177 1.5
      vertex 17.7558 -140.856 1.5
      vertex 17.8412 -141.137 1.5
    endloop
  endfacet
  facet normal 0 0 1
    outer loop
      vertex 18.5366 -119.177 1.5
      vertex 17.6172 -140.597 1.5
      vertex 17.7558 -140.856 1.5
    endloop
  endfacet
  facet normal 0 0 1
    outer loop
      vertex 18.5366 -119.177 1.5
      vertex 17.4306 -140.369 1.5
      vertex 17.6172 -140.597 1.5
    endloop
  endfacet
  facet normal 0 0 1
    outer loop
      vertex 18.5366 -119.177 1.5
      vertex 17.2034 -140.183 1.5
      vertex 17.4306 -140.369 1.5
    endloop
  endfacet
  facet normal 0 0 1
    outer loop
      vertex 18.5366 -119.177 1.5
      vertex 16.944 -140.044 1.5
      vertex 17.2034 -140.183 1.5
    endloop
  endfacet
  facet normal 0 0 1
    outer loop
      vertex 18.5366 -119.177 1.5
      vertex 16.6626 -139.959 1.5
      vertex 16.944 -140.044 1.5
    endloop
  endfacet
  facet normal 0 0 1
    outer loop
      vertex 18.5366 -119.177 1.5
      vertex 16.37 -139.93 1.5
      vertex 16.6626 -139.959 1.5
    endloop
  endfacet
  facet normal 0 0 1
    outer loop
      vertex 18.5366 -119.177 1.5
      vertex 16.0774 -139.959 1.5
      vertex 16.37 -139.93 1.5
    endloop
  endfacet
  facet normal 0 0 1
    outer loop
      vertex 18.5366 -119.177 1.5
      vertex 15.796 -140.044 1.5
      vertex 16.0774 -139.959 1.5
    endloop
  endfacet
  facet normal 0 0 1
    outer loop
      vertex 18.3093 -118.991 1.5
      vertex 15.5366 -140.183 1.5
      vertex 15.796 -140.044 1.5
    endloop
  endfacet
  facet normal 0 0 1
    outer loop
      vertex 3.25 -90.16 1.5
      vertex 17.87 -117.93 1.5
      vertex 17.8988 -117.637 1.5
    endloop
  endfacet
  facet normal 0 0 1
    outer loop
      vertex 18.1228 -118.763 1.5
      vertex 15.3093 -140.369 1.5
      vertex 15.5366 -140.183 1.5
    endloop
  endfacet
  facet normal 0 0 1
    outer loop
      vertex 17.9842 -118.504 1.5
      vertex 15.1228 -140.597 1.5
      vertex 15.3093 -140.369 1.5
    endloop
  endfacet
  facet normal 0 0 1
    outer loop
      vertex 17.8988 -118.223 1.5
      vertex 14.9842 -140.856 1.5
      vertex 15.1228 -140.597 1.5
    endloop
  endfacet
  facet normal 0 0 1
    outer loop
      vertex 17.8988 -118.223 1.5
      vertex 3.25 -90.16 1.5
      vertex 14.9842 -140.856 1.5
    endloop
  endfacet
  facet normal 0 0 1
    outer loop
      vertex 14.8988 -153.137 1.5
      vertex 3.25 -162.23 1.5
      vertex 14.87 -153.43 1.5
    endloop
  endfacet
  facet normal 0 0 1
    outer loop
      vertex 20 -178.98 1.5
      vertex 14.4743 -174.122 1.5
      vertex 17.8137 -178.837 1.5
    endloop
  endfacet
  facet normal -0 -0 1
    outer loop
      vertex 14.5 -173.73 1.5
      vertex 20 -178.98 1.5
      vertex 14.4743 -173.338 1.5
    endloop
  endfacet
  facet normal 0 0 1
    outer loop
      vertex 22.87 -178.98 1.5
      vertex 14.4743 -173.338 1.5
      vertex 20 -178.98 1.5
    endloop
  endfacet
  facet normal 0 0 1
    outer loop
      vertex 20.0774 -164.901 1.5
      vertex 14.0981 -172.23 1.5
      vertex 14.2716 -172.582 1.5
    endloop
  endfacet
  facet normal 0 0 1
    outer loop
      vertex 19.796 -164.816 1.5
      vertex 13.8801 -171.904 1.5
      vertex 14.0981 -172.23 1.5
    endloop
  endfacet
  facet normal 0 0 1
    outer loop
      vertex 19.5366 -164.677 1.5
      vertex 13.6213 -171.609 1.5
      vertex 13.8801 -171.904 1.5
    endloop
  endfacet
  facet normal 0 0 1
    outer loop
      vertex 19.3093 -164.491 1.5
      vertex 13.3263 -171.35 1.5
      vertex 13.6213 -171.609 1.5
    endloop
  endfacet
  facet normal 0 0 1
    outer loop
      vertex 19.3093 -164.491 1.5
      vertex 13 -171.132 1.5
      vertex 13.3263 -171.35 1.5
    endloop
  endfacet
  facet normal 0 0 1
    outer loop
      vertex 19.1228 -164.263 1.5
      vertex 12.648 -170.958 1.5
      vertex 13 -171.132 1.5
    endloop
  endfacet
  facet normal 0 0 1
    outer loop
      vertex 18.9842 -164.004 1.5
      vertex 12.2764 -170.832 1.5
      vertex 12.648 -170.958 1.5
    endloop
  endfacet
  facet normal 0 -0 1
    outer loop
      vertex 3.3933 -164.416 1.5
      vertex 18.87 -163.43 1.5
      vertex 3.25 -162.23 1.5
    endloop
  endfacet
  facet normal 0 0 1
    outer loop
      vertex 3.25 -162.23 1.5
      vertex 14.87 -141.43 1.5
      vertex 14.8988 -141.137 1.5
    endloop
  endfacet
  facet normal 0 0 1
    outer loop
      vertex 18.8988 -163.723 1.5
      vertex 11.8916 -170.756 1.5
      vertex 12.2764 -170.832 1.5
    endloop
  endfacet
  facet normal 0 0 1
    outer loop
      vertex 18.87 -163.43 1.5
      vertex 11.5 -170.73 1.5
      vertex 11.8916 -170.756 1.5
    endloop
  endfacet
  facet normal 0 0 1
    outer loop
      vertex 14.9842 -140.856 1.5
      vertex 3.25 -90.16 1.5
      vertex 14.8988 -141.137 1.5
    endloop
  endfacet
  facet normal 0 0 1
    outer loop
      vertex 18.87 -163.43 1.5
      vertex 3.3933 -164.416 1.5
      vertex 11.5 -170.73 1.5
    endloop
  endfacet
  facet normal 0 0 1
    outer loop
      vertex 10.47 -3.35 1.5
      vertex 50.27 -3.25 1.5
      vertex 10.47 -3.25 1.5
    endloop
  endfacet
  facet normal 0 0 1
    outer loop
      vertex 50.27 -3.35 1.5
      vertex 10.47 -3.35 1.5
      vertex 10.47 -88.95 1.5
    endloop
  endfacet
  facet normal 0 0 1
    outer loop
      vertex 18.3093 -116.869 1.5
      vertex 4.54999 -90.16 1.5
      vertex 18.1228 -117.097 1.5
    endloop
  endfacet
  facet normal -0 0 1
    outer loop
      vertex 3.25 -90.16 1.5
      vertex 18.1228 -117.097 1.5
      vertex 4.54999 -90.16 1.5
    endloop
  endfacet
  facet normal 0 0 1
    outer loop
      vertex 18.1228 -117.097 1.5
      vertex 3.25 -90.16 1.5
      vertex 17.9842 -117.356 1.5
    endloop
  endfacet
  facet normal 0 0 1
    outer loop
      vertex 11.5 -170.73 1.5
      vertex 3.3933 -164.416 1.5
      vertex 11.1084 -170.756 1.5
    endloop
  endfacet
  facet normal -0 -0 1
    outer loop
      vertex 3.82074 -166.565 1.5
      vertex 11.1084 -170.756 1.5
      vertex 3.3933 -164.416 1.5
    endloop
  endfacet
  facet normal 0 0 1
    outer loop
      vertex 11.1084 -170.756 1.5
      vertex 3.82074 -166.565 1.5
      vertex 10.7235 -170.832 1.5
    endloop
  endfacet
  facet normal -0 -0 1
    outer loop
      vertex 4.52501 -168.64 1.5
      vertex 10.7235 -170.832 1.5
      vertex 3.82074 -166.565 1.5
    endloop
  endfacet
  facet normal 0 0 1
    outer loop
      vertex 10.7235 -170.832 1.5
      vertex 4.52501 -168.64 1.5
      vertex 10.3519 -170.958 1.5
    endloop
  endfacet
  facet normal 0 0 1
    outer loop
      vertex 10.3519 -170.958 1.5
      vertex 4.52501 -168.64 1.5
      vertex 10 -171.132 1.5
    endloop
  endfacet
  facet normal -0 -0 1
    outer loop
      vertex 5.49406 -170.605 1.5
      vertex 10 -171.132 1.5
      vertex 4.52501 -168.64 1.5
    endloop
  endfacet
  facet normal 0 0 1
    outer loop
      vertex 10 -171.132 1.5
      vertex 5.49406 -170.605 1.5
      vertex 9.67371 -171.35 1.5
    endloop
  endfacet
  facet normal 0 0 1
    outer loop
      vertex 9.67371 -171.35 1.5
      vertex 5.49406 -170.605 1.5
      vertex 9.37868 -171.609 1.5
    endloop
  endfacet
  facet normal 0 0 1
    outer loop
      vertex 9.37868 -171.609 1.5
      vertex 5.49406 -170.605 1.5
      vertex 9.11993 -171.904 1.5
    endloop
  endfacet
  facet normal 0 0 1
    outer loop
      vertex 8.90192 -175.23 1.5
      vertex 8.2524 -175.605 1.5
      vertex 8.4885 -175.958 1.5
    endloop
  endfacet
  facet normal 0 -0 1
    outer loop
      vertex 6.71132 -172.427 1.5
      vertex 9.11993 -171.904 1.5
      vertex 5.49406 -170.605 1.5
    endloop
  endfacet
  facet normal 0 0 1
    outer loop
      vertex 7.75 -173.73 1.5
      vertex 8.5 -173.73 1.5
      vertex 7.75725 -173.619 1.5
    endloop
  endfacet
  facet normal 0 0 1
    outer loop
      vertex 8.52567 -174.122 1.5
      vertex 8.03545 -175.165 1.5
      vertex 8.2524 -175.605 1.5
    endloop
  endfacet
  facet normal 0 0 1
    outer loop
      vertex 8.52567 -174.122 1.5
      vertex 7.87778 -174.701 1.5
      vertex 8.03545 -175.165 1.5
    endloop
  endfacet
  facet normal 0 0 1
    outer loop
      vertex 8.52567 -174.122 1.5
      vertex 7.78208 -174.219 1.5
      vertex 7.87778 -174.701 1.5
    endloop
  endfacet
  facet normal 0 0 1
    outer loop
      vertex 9.11993 -171.904 1.5
      vertex 6.71132 -172.427 1.5
      vertex 8.90192 -172.23 1.5
    endloop
  endfacet
  facet normal 0 0 1
    outer loop
      vertex 8.60222 -172.954 1.5
      vertex 7.75725 -173.619 1.5
      vertex 8.52567 -173.338 1.5
    endloop
  endfacet
  facet normal 0 0 1
    outer loop
      vertex 4.54999 -90.16 1.5
      vertex 10.47 -89.55 1.5
      vertex 4.54999 -89.55 1.5
    endloop
  endfacet
  facet normal 0 0 1
    outer loop
      vertex 17.9842 -117.356 1.5
      vertex 3.25 -90.16 1.5
      vertex 17.8988 -117.637 1.5
    endloop
  endfacet
  facet normal 0 0 1
    outer loop
      vertex 8.52567 -173.338 1.5
      vertex 7.75725 -173.619 1.5
      vertex 8.5 -173.73 1.5
    endloop
  endfacet
  facet normal 0 -0 1
    outer loop
      vertex 7.75725 -173.619 1.5
      vertex 8.60222 -172.954 1.5
      vertex 6.71132 -172.427 1.5
    endloop
  endfacet
  facet normal 0 0 1
    outer loop
      vertex 8.72835 -172.582 1.5
      vertex 6.71132 -172.427 1.5
      vertex 8.60222 -172.954 1.5
    endloop
  endfacet
  facet normal 0 0 1
    outer loop
      vertex 14.8988 -141.137 1.5
      vertex 3.25 -90.16 1.5
      vertex 3.25 -162.23 1.5
    endloop
  endfacet
  facet normal 0 0 1
    outer loop
      vertex 8.90192 -172.23 1.5
      vertex 6.71132 -172.427 1.5
      vertex 8.72835 -172.582 1.5
    endloop
  endfacet
  facet normal -0 0 1
    outer loop
      vertex 50.27 -3.35 1.5
      vertex 55.67 -8.75 1.5
      vertex 55.67 -3.35 1.5
    endloop
  endfacet
  facet normal 0 0 1
    outer loop
      vertex 55.67 -8.75 1.5
      vertex 50.27 -3.35 1.5
      vertex 55.67 -83.55 1.5
    endloop
  endfacet
  facet normal 0 0 1
    outer loop
      vertex 50.27 -88.95 1.5
      vertex 55.67 -83.55 1.5
      vertex 50.27 -3.35 1.5
    endloop
  endfacet
  facet normal 0 0 1
    outer loop
      vertex 55.67 -83.55 1.5
      vertex 50.27 -88.95 1.5
      vertex 55.67 -88.95 1.5
    endloop
  endfacet
  facet normal -0 0 1
    outer loop
      vertex 55.67 -8.75 1.5
      vertex 56.19 -83.55 1.5
      vertex 56.19 -8.75 1.5
    endloop
  endfacet
  facet normal 0 0 1
    outer loop
      vertex 56.19 -83.55 1.5
      vertex 55.67 -8.75 1.5
      vertex 55.67 -83.55 1.5
    endloop
  endfacet
  facet normal -0 0 1
    outer loop
      vertex 50.27 -89.55 1.5
      vertex 56.19 -90.16 1.5
      vertex 56.19 -89.55 1.5
    endloop
  endfacet
  facet normal 0 0 1
    outer loop
      vertex 50.0164 -170.832 1.5
      vertex 56.19 -90.16 1.5
      vertex 50.27 -89.55 1.5
    endloop
  endfacet
  facet normal 0 -0 1
    outer loop
      vertex 50.74 -171.132 1.5
      vertex 55.2459 -170.605 1.5
      vertex 50.388 -170.958 1.5
    endloop
  endfacet
  facet normal -0 -0 1
    outer loop
      vertex 51.8381 -172.23 1.5
      vertex 54.0287 -172.427 1.5
      vertex 51.6201 -171.904 1.5
    endloop
  endfacet
  facet normal 0 -0 1
    outer loop
      vertex 52.1378 -172.954 1.5
      vertex 54.0287 -172.427 1.5
      vertex 52.0116 -172.582 1.5
    endloop
  endfacet
  facet normal -0 -0 1
    outer loop
      vertex 52.2143 -173.338 1.5
      vertex 52.9827 -173.619 1.5
      vertex 52.1378 -172.954 1.5
    endloop
  endfacet
  facet normal 0 0 1
    outer loop
      vertex 52.9827 -173.619 1.5
      vertex 52.24 -173.73 1.5
      vertex 52.9579 -174.219 1.5
    endloop
  endfacet
  facet normal 0 0 1
    outer loop
      vertex 52.9579 -174.219 1.5
      vertex 52.2143 -174.122 1.5
      vertex 52.8622 -174.701 1.5
    endloop
  endfacet
  facet normal 0 0 1
    outer loop
      vertex 52.8622 -174.701 1.5
      vertex 52.1378 -174.506 1.5
      vertex 52.7045 -175.165 1.5
    endloop
  endfacet
  facet normal -0 0 1
    outer loop
      vertex 52.1378 -174.506 1.5
      vertex 52.8622 -174.701 1.5
      vertex 52.2143 -174.122 1.5
    endloop
  endfacet
  facet normal -0 0 1
    outer loop
      vertex 52.2143 -174.122 1.5
      vertex 52.9579 -174.219 1.5
      vertex 52.24 -173.73 1.5
    endloop
  endfacet
  facet normal 0 -0 1
    outer loop
      vertex 52.24 -173.73 1.5
      vertex 52.9827 -173.619 1.5
      vertex 52.2143 -173.338 1.5
    endloop
  endfacet
  facet normal 0 0 1
    outer loop
      vertex 54.0287 -172.427 1.5
      vertex 52.1378 -172.954 1.5
      vertex 52.9827 -173.619 1.5
    endloop
  endfacet
  facet normal 0 -0 1
    outer loop
      vertex 52.0116 -172.582 1.5
      vertex 54.0287 -172.427 1.5
      vertex 51.8381 -172.23 1.5
    endloop
  endfacet
  facet normal 0 0 1
    outer loop
      vertex 55.2459 -170.605 1.5
      vertex 51.6201 -171.904 1.5
      vertex 54.0287 -172.427 1.5
    endloop
  endfacet
  facet normal 0 -0 1
    outer loop
      vertex 51.6201 -171.904 1.5
      vertex 55.2459 -170.605 1.5
      vertex 51.3613 -171.609 1.5
    endloop
  endfacet
  facet normal 0 -0 1
    outer loop
      vertex 51.3613 -171.609 1.5
      vertex 55.2459 -170.605 1.5
      vertex 51.0663 -171.35 1.5
    endloop
  endfacet
  facet normal 0 -0 1
    outer loop
      vertex 51.0663 -171.35 1.5
      vertex 55.2459 -170.605 1.5
      vertex 50.74 -171.132 1.5
    endloop
  endfacet
  facet normal 0 0 1
    outer loop
      vertex 56.19 -90.16 1.5
      vertex 50.0164 -170.832 1.5
      vertex 55.2459 -170.605 1.5
    endloop
  endfacet
  facet normal 0 0 1
    outer loop
      vertex 55.2459 -170.605 1.5
      vertex 50.0164 -170.832 1.5
      vertex 50.388 -170.958 1.5
    endloop
  endfacet
  facet normal -0 0 1
    outer loop
      vertex 56.19 -90.16 1.5
      vertex 57.49 -162.23 1.5
      vertex 57.49 -90.16 1.5
    endloop
  endfacet
  facet normal 0 0 1
    outer loop
      vertex 55.2459 -170.605 1.5
      vertex 57.49 -162.23 1.5
      vertex 56.19 -90.16 1.5
    endloop
  endfacet
  facet normal 0 0 1
    outer loop
      vertex 57.49 -162.23 1.5
      vertex 55.2459 -170.605 1.5
      vertex 57.3467 -164.416 1.5
    endloop
  endfacet
  facet normal 0 0 1
    outer loop
      vertex 57.3467 -164.416 1.5
      vertex 55.2459 -170.605 1.5
      vertex 56.9193 -166.565 1.5
    endloop
  endfacet
  facet normal 0 0 1
    outer loop
      vertex 56.9193 -166.565 1.5
      vertex 55.2459 -170.605 1.5
      vertex 56.215 -168.64 1.5
    endloop
  endfacet
  facet normal 0 0 1
    outer loop
      vertex 52.99 -173.73 1.5
      vertex 52.9827 -173.619 1.5
      vertex 52.9579 -174.219 1.5
    endloop
  endfacet
  facet normal 0 0 1
    outer loop
      vertex 60.6972 -4.34737 1.5
      vertex 58.6647 -4.61494 1.5
      vertex 58.69 -5 1.5
    endloop
  endfacet
  facet normal 0 0 1
    outer loop
      vertex 59.2755 -1.46446 1.5
      vertex 58.5895 -4.23648 1.5
      vertex 58.6647 -4.61494 1.5
    endloop
  endfacet
  facet normal 0 0 1
    outer loop
      vertex 59.2755 -1.46446 1.5
      vertex 58.4654 -3.87108 1.5
      vertex 58.5895 -4.23648 1.5
    endloop
  endfacet
  facet normal 0 0 1
    outer loop
      vertex 59.2755 -1.46446 1.5
      vertex 58.2948 -3.52499 1.5
      vertex 58.4654 -3.87108 1.5
    endloop
  endfacet
  facet normal 0 0 1
    outer loop
      vertex 57.5358 -2.65961 1.5
      vertex 58.7838 -1.03322 1.5
      vertex 58.24 -0.669861 1.5
    endloop
  endfacet
  facet normal 0 0 1
    outer loop
      vertex 59.2755 -1.46446 1.5
      vertex 58.0804 -3.20415 1.5
      vertex 58.2948 -3.52499 1.5
    endloop
  endfacet
  facet normal 0 0 1
    outer loop
      vertex 59.2755 -1.46446 1.5
      vertex 57.826 -2.91403 1.5
      vertex 58.0804 -3.20415 1.5
    endloop
  endfacet
  facet normal 0 0 1
    outer loop
      vertex 57.215 -2.44522 1.5
      vertex 58.24 -0.669861 1.5
      vertex 57.6534 -0.3806 1.5
    endloop
  endfacet
  facet normal 0 0 1
    outer loop
      vertex 58.7838 -1.03322 1.5
      vertex 57.5358 -2.65961 1.5
      vertex 57.826 -2.91403 1.5
    endloop
  endfacet
  facet normal 0 0 1
    outer loop
      vertex 58.24 -0.669861 1.5
      vertex 57.215 -2.44522 1.5
      vertex 57.5358 -2.65961 1.5
    endloop
  endfacet
  facet normal 0 0 1
    outer loop
      vertex 56.8689 -2.27455 1.5
      vertex 57.6534 -0.3806 1.5
      vertex 57.0341 -0.170364 1.5
    endloop
  endfacet
  facet normal 0 0 1
    outer loop
      vertex 57.6534 -0.3806 1.5
      vertex 56.8689 -2.27455 1.5
      vertex 57.215 -2.44522 1.5
    endloop
  endfacet
  facet normal 0 0 1
    outer loop
      vertex 57.0341 -0.170364 1.5
      vertex 56.5035 -2.15051 1.5
      vertex 56.8689 -2.27455 1.5
    endloop
  endfacet
  facet normal 0 0 1
    outer loop
      vertex 56.3926 -0.0427704 1.5
      vertex 56.5035 -2.15051 1.5
      vertex 57.0341 -0.170364 1.5
    endloop
  endfacet
  facet normal 0 0 1
    outer loop
      vertex 56.3926 -0.0427704 1.5
      vertex 56.125 -2.07523 1.5
      vertex 56.5035 -2.15051 1.5
    endloop
  endfacet
  facet normal 0 0 1
    outer loop
      vertex 55.74 0 1.5
      vertex 56.125 -2.07523 1.5
      vertex 56.3926 -0.0427704 1.5
    endloop
  endfacet
  facet normal 0 0 1
    outer loop
      vertex 55.74 0 1.5
      vertex 55.74 -2.04999 1.5
      vertex 56.125 -2.07523 1.5
    endloop
  endfacet
  facet normal 0 0 1
    outer loop
      vertex 55.74 0 1.5
      vertex 48.37 -1.95 1.5
      vertex 55.74 -2.04999 1.5
    endloop
  endfacet
  facet normal 0 0 1
    outer loop
      vertex 55.74 0 1.5
      vertex 40.37 -1.95 1.5
      vertex 48.37 -1.95 1.5
    endloop
  endfacet
  facet normal 0 0 1
    outer loop
      vertex 40.37 -1.95 1.5
      vertex 20.37 -1.95 1.5
      vertex 40.37 -2.04999 1.5
    endloop
  endfacet
  facet normal 0 0 1
    outer loop
      vertex 55.74 0 1.5
      vertex 20.37 -1.95 1.5
      vertex 40.37 -1.95 1.5
    endloop
  endfacet
  facet normal -0 0 1
    outer loop
      vertex 5 0 1.5
      vertex 20.37 -1.95 1.5
      vertex 55.74 0 1.5
    endloop
  endfacet
  facet normal 0 0 1
    outer loop
      vertex 20.37 -1.95 1.5
      vertex 5 0 1.5
      vertex 12.37 -1.95 1.5
    endloop
  endfacet
  facet normal 0 0 1
    outer loop
      vertex 5 -2.04999 1.5
      vertex 12.37 -1.95 1.5
      vertex 5 0 1.5
    endloop
  endfacet
  facet normal 0 0 1
    outer loop
      vertex 12.37 -1.95 1.5
      vertex 5 -2.04999 1.5
      vertex 12.37 -2.04999 1.5
    endloop
  endfacet
  facet normal 0 0 1
    outer loop
      vertex 5 0 1.5
      vertex 4.61494 -2.07523 1.5
      vertex 5 -2.04999 1.5
    endloop
  endfacet
  facet normal -0 0 1
    outer loop
      vertex 4.34737 -0.0427704 1.5
      vertex 4.61494 -2.07523 1.5
      vertex 5 0 1.5
    endloop
  endfacet
  facet normal 0 0 1
    outer loop
      vertex 4.34737 -0.0427704 1.5
      vertex 4.23648 -2.15051 1.5
      vertex 4.61494 -2.07523 1.5
    endloop
  endfacet
  facet normal -0 0 1
    outer loop
      vertex 3.7059 -0.170364 1.5
      vertex 4.23648 -2.15051 1.5
      vertex 4.34737 -0.0427704 1.5
    endloop
  endfacet
  facet normal 0 0 1
    outer loop
      vertex 4.23648 -2.15051 1.5
      vertex 3.7059 -0.170364 1.5
      vertex 3.87108 -2.27455 1.5
    endloop
  endfacet
  facet normal -0 0 1
    outer loop
      vertex 3.08658 -0.3806 1.5
      vertex 3.87108 -2.27455 1.5
      vertex 3.7059 -0.170364 1.5
    endloop
  endfacet
  facet normal 0 0 1
    outer loop
      vertex 3.87108 -2.27455 1.5
      vertex 3.08658 -0.3806 1.5
      vertex 3.52499 -2.44522 1.5
    endloop
  endfacet
  facet normal -0 0 1
    outer loop
      vertex 2.5 -0.669861 1.5
      vertex 3.52499 -2.44522 1.5
      vertex 3.08658 -0.3806 1.5
    endloop
  endfacet
  facet normal 0 0 1
    outer loop
      vertex 3.52499 -2.44522 1.5
      vertex 2.5 -0.669861 1.5
      vertex 3.20415 -2.65961 1.5
    endloop
  endfacet
  facet normal -0 0 1
    outer loop
      vertex 1.95619 -1.03322 1.5
      vertex 3.20415 -2.65961 1.5
      vertex 2.5 -0.669861 1.5
    endloop
  endfacet
  facet normal 0 0 1
    outer loop
      vertex 3.20415 -2.65961 1.5
      vertex 1.95619 -1.03322 1.5
      vertex 2.91403 -2.91403 1.5
    endloop
  endfacet
  facet normal -0 0 1
    outer loop
      vertex 1.46446 -1.46446 1.5
      vertex 2.91403 -2.91403 1.5
      vertex 1.95619 -1.03322 1.5
    endloop
  endfacet
  facet normal 0 0 1
    outer loop
      vertex 2.91403 -2.91403 1.5
      vertex 1.46446 -1.46446 1.5
      vertex 2.65961 -3.20415 1.5
    endloop
  endfacet
  facet normal -0 0 1
    outer loop
      vertex 1.03322 -1.95619 1.5
      vertex 2.65961 -3.20415 1.5
      vertex 1.46446 -1.46446 1.5
    endloop
  endfacet
  facet normal 0 0 1
    outer loop
      vertex 2.65961 -3.20415 1.5
      vertex 1.03322 -1.95619 1.5
      vertex 2.44522 -3.52499 1.5
    endloop
  endfacet
  facet normal -0 0 1
    outer loop
      vertex 0.3806 -3.08658 1.5
      vertex 2.27455 -3.87108 1.5
      vertex 0.669861 -2.5 1.5
    endloop
  endfacet
  facet normal 0 0 1
    outer loop
      vertex 2.44522 -3.52499 1.5
      vertex 0.669861 -2.5 1.5
      vertex 2.27455 -3.87108 1.5
    endloop
  endfacet
  facet normal -0 0 1
    outer loop
      vertex 0.669861 -2.5 1.5
      vertex 2.44522 -3.52499 1.5
      vertex 1.03322 -1.95619 1.5
    endloop
  endfacet
  facet normal 0 0 1
    outer loop
      vertex 58.69 -5 1.5
      vertex 60.74 -5 1.5
      vertex 60.6972 -4.34737 1.5
    endloop
  endfacet
  facet normal 0 0 1
    outer loop
      vertex 58.6647 -4.61494 1.5
      vertex 60.6972 -4.34737 1.5
      vertex 60.5696 -3.7059 1.5
    endloop
  endfacet
  facet normal 0 0 1
    outer loop
      vertex 60.74 -5 1.5
      vertex 58.69 -5 1.5
      vertex 60.74 -162.23 1.5
    endloop
  endfacet
  facet normal 0 0 1
    outer loop
      vertex 58.6647 -4.61494 1.5
      vertex 60.5696 -3.7059 1.5
      vertex 60.3594 -3.08658 1.5
    endloop
  endfacet
  facet normal 0 0 1
    outer loop
      vertex 58.6647 -4.61494 1.5
      vertex 60.3594 -3.08658 1.5
      vertex 60.0701 -2.5 1.5
    endloop
  endfacet
  facet normal 0 0 1
    outer loop
      vertex 60.74 -162.23 1.5
      vertex 58.69 -5 1.5
      vertex 58.69 -162.23 1.5
    endloop
  endfacet
  facet normal 0 0 1
    outer loop
      vertex 58.6647 -4.61494 1.5
      vertex 60.0701 -2.5 1.5
      vertex 59.7068 -1.95619 1.5
    endloop
  endfacet
  facet normal 0 0 1
    outer loop
      vertex 58.6647 -4.61494 1.5
      vertex 59.7068 -1.95619 1.5
      vertex 59.2755 -1.46446 1.5
    endloop
  endfacet
  facet normal 0 0 1
    outer loop
      vertex 60.74 -162.23 1.5
      vertex 58.69 -162.23 1.5
      vertex 60.5689 -164.841 1.5
    endloop
  endfacet
  facet normal 0 0 1
    outer loop
      vertex 57.826 -2.91403 1.5
      vertex 59.2755 -1.46446 1.5
      vertex 58.7838 -1.03322 1.5
    endloop
  endfacet
  facet normal -0 0 1
    outer loop
      vertex 58.5364 -164.573 1.5
      vertex 60.5689 -164.841 1.5
      vertex 58.69 -162.23 1.5
    endloop
  endfacet
  facet normal 0 0 1
    outer loop
      vertex 60.5689 -164.841 1.5
      vertex 58.5364 -164.573 1.5
      vertex 60.0585 -167.406 1.5
    endloop
  endfacet
  facet normal -0 0 1
    outer loop
      vertex 58.0784 -166.876 1.5
      vertex 60.0585 -167.406 1.5
      vertex 58.5364 -164.573 1.5
    endloop
  endfacet
  facet normal 0 0 1
    outer loop
      vertex 60.0585 -167.406 1.5
      vertex 58.0784 -166.876 1.5
      vertex 59.2176 -169.884 1.5
    endloop
  endfacet
  facet normal -0 0 1
    outer loop
      vertex 57.3236 -169.099 1.5
      vertex 59.2176 -169.884 1.5
      vertex 58.0784 -166.876 1.5
    endloop
  endfacet
  facet normal 0 0 1
    outer loop
      vertex 59.2176 -169.884 1.5
      vertex 57.3236 -169.099 1.5
      vertex 58.0605 -172.23 1.5
    endloop
  endfacet
  facet normal -0 0 1
    outer loop
      vertex 56.2851 -171.205 1.5
      vertex 58.0605 -172.23 1.5
      vertex 57.3236 -169.099 1.5
    endloop
  endfacet
  facet normal 0 0 1
    outer loop
      vertex 58.0605 -172.23 1.5
      vertex 56.2851 -171.205 1.5
      vertex 56.6071 -174.405 1.5
    endloop
  endfacet
  facet normal -0 0 1
    outer loop
      vertex 54.9807 -173.157 1.5
      vertex 56.6071 -174.405 1.5
      vertex 56.2851 -171.205 1.5
    endloop
  endfacet
  facet normal 0 0 1
    outer loop
      vertex 54.9807 -173.157 1.5
      vertex 54.8821 -176.372 1.5
      vertex 56.6071 -174.405 1.5
    endloop
  endfacet
  facet normal -0 0 1
    outer loop
      vertex 53.4326 -174.923 1.5
      vertex 54.8821 -176.372 1.5
      vertex 54.9807 -173.157 1.5
    endloop
  endfacet
  facet normal -0 0 1
    outer loop
      vertex 52.2515 -175.958 1.5
      vertex 54.8821 -176.372 1.5
      vertex 53.4326 -174.923 1.5
    endloop
  endfacet
  facet normal 0 0 1
    outer loop
      vertex 54.8821 -176.372 1.5
      vertex 52.2515 -175.958 1.5
      vertex 52.9152 -178.097 1.5
    endloop
  endfacet
  facet normal -0 0 1
    outer loop
      vertex 52.0116 -174.878 1.5
      vertex 52.7045 -175.165 1.5
      vertex 52.1378 -174.506 1.5
    endloop
  endfacet
  facet normal 0 0 1
    outer loop
      vertex 52.7045 -175.165 1.5
      vertex 52.0116 -174.878 1.5
      vertex 52.4876 -175.605 1.5
    endloop
  endfacet
  facet normal -0 0 1
    outer loop
      vertex 51.8381 -175.23 1.5
      vertex 52.4876 -175.605 1.5
      vertex 52.0116 -174.878 1.5
    endloop
  endfacet
  facet normal 0 0 1
    outer loop
      vertex 52.4876 -175.605 1.5
      vertex 51.8381 -175.23 1.5
      vertex 52.2515 -175.958 1.5
    endloop
  endfacet
  facet normal -0 0 1
    outer loop
      vertex 51.6201 -175.556 1.5
      vertex 52.2515 -175.958 1.5
      vertex 51.8381 -175.23 1.5
    endloop
  endfacet
  facet normal -0 0 1
    outer loop
      vertex 51.3613 -175.851 1.5
      vertex 52.2515 -175.958 1.5
      vertex 51.6201 -175.556 1.5
    endloop
  endfacet
  facet normal 0 0 1
    outer loop
      vertex 51.0663 -176.11 1.5
      vertex 52.2515 -175.958 1.5
      vertex 51.3613 -175.851 1.5
    endloop
  endfacet
  facet normal 0 0 1
    outer loop
      vertex 50.4898 -177.257 1.5
      vertex 52.2515 -175.958 1.5
      vertex 51.0663 -176.11 1.5
    endloop
  endfacet
  facet normal 0 0 1
    outer loop
      vertex 50.4898 -177.257 1.5
      vertex 51.0663 -176.11 1.5
      vertex 50.74 -176.328 1.5
    endloop
  endfacet
  facet normal 0 0 1
    outer loop
      vertex 52.2515 -175.958 1.5
      vertex 50.4898 -177.257 1.5
      vertex 52.9152 -178.097 1.5
    endloop
  endfacet
  facet normal 0 0 1
    outer loop
      vertex 52.9152 -178.097 1.5
      vertex 50.4898 -177.257 1.5
      vertex 50.74 -179.551 1.5
    endloop
  endfacet
  facet normal -0 0 1
    outer loop
      vertex 50.388 -176.502 1.5
      vertex 50.4898 -177.257 1.5
      vertex 50.74 -176.328 1.5
    endloop
  endfacet
  facet normal -0 0 1
    outer loop
      vertex 50.0164 -176.628 1.5
      vertex 50.4898 -177.257 1.5
      vertex 50.388 -176.502 1.5
    endloop
  endfacet
  facet normal 0 0 1
    outer loop
      vertex 50.4898 -177.257 1.5
      vertex 50.0164 -176.628 1.5
      vertex 50.2106 -177.352 1.5
    endloop
  endfacet
  facet normal 0 0 1
    outer loop
      vertex 50.0164 -176.628 1.5
      vertex 49.7295 -177.448 1.5
      vertex 50.2106 -177.352 1.5
    endloop
  endfacet
  facet normal -0 0 1
    outer loop
      vertex 49.6316 -176.704 1.5
      vertex 49.7295 -177.448 1.5
      vertex 50.0164 -176.628 1.5
    endloop
  endfacet
  facet normal 0 0 1
    outer loop
      vertex 49.6316 -176.704 1.5
      vertex 49.24 -177.48 1.5
      vertex 49.7295 -177.448 1.5
    endloop
  endfacet
  facet normal -0 0 1
    outer loop
      vertex 49.24 -176.73 1.5
      vertex 49.24 -177.48 1.5
      vertex 49.6316 -176.704 1.5
    endloop
  endfacet
  facet normal 0 0 1
    outer loop
      vertex 48.8484 -176.704 1.5
      vertex 49.24 -177.48 1.5
      vertex 49.24 -176.73 1.5
    endloop
  endfacet
  facet normal 0 0 1
    outer loop
      vertex 48.8484 -176.704 1.5
      vertex 48.7505 -177.448 1.5
      vertex 49.24 -177.48 1.5
    endloop
  endfacet
  facet normal 0 0 1
    outer loop
      vertex 48.4635 -176.628 1.5
      vertex 48.7505 -177.448 1.5
      vertex 48.8484 -176.704 1.5
    endloop
  endfacet
  facet normal 0 0 1
    outer loop
      vertex 48.4635 -176.628 1.5
      vertex 48.2694 -177.352 1.5
      vertex 48.7505 -177.448 1.5
    endloop
  endfacet
  facet normal 0 0 1
    outer loop
      vertex 48.03 -177.271 1.5
      vertex 48.4635 -176.628 1.5
      vertex 48.0919 -176.502 1.5
    endloop
  endfacet
  facet normal 0 0 1
    outer loop
      vertex 48.4635 -176.628 1.5
      vertex 48.03 -177.271 1.5
      vertex 48.2694 -177.352 1.5
    endloop
  endfacet
  facet normal 0 0 1
    outer loop
      vertex 47.74 -176.328 1.5
      vertex 48.03 -177.271 1.5
      vertex 48.0919 -176.502 1.5
    endloop
  endfacet
  facet normal 0 0 1
    outer loop
      vertex 47.1499 -177.705 1.5
      vertex 47.74 -176.328 1.5
      vertex 47.4137 -176.11 1.5
    endloop
  endfacet
  facet normal 0 0 1
    outer loop
      vertex 47.74 -176.328 1.5
      vertex 47.1499 -177.705 1.5
      vertex 48.03 -177.271 1.5
    endloop
  endfacet
  facet normal 0 0 1
    outer loop
      vertex 47.1187 -175.851 1.5
      vertex 47.1499 -177.705 1.5
      vertex 47.4137 -176.11 1.5
    endloop
  endfacet
  facet normal 0 0 1
    outer loop
      vertex 46.8599 -175.556 1.5
      vertex 47.1499 -177.705 1.5
      vertex 47.1187 -175.851 1.5
    endloop
  endfacet
  facet normal 0 0 1
    outer loop
      vertex 45.0752 -178.409 1.5
      vertex 46.8599 -175.556 1.5
      vertex 46.6419 -175.23 1.5
    endloop
  endfacet
  facet normal 0 0 1
    outer loop
      vertex 45.0752 -178.409 1.5
      vertex 46.6419 -175.23 1.5
      vertex 46.4684 -174.878 1.5
    endloop
  endfacet
  facet normal 0 0 1
    outer loop
      vertex 45.0752 -178.409 1.5
      vertex 46.4684 -174.878 1.5
      vertex 46.3422 -174.506 1.5
    endloop
  endfacet
  facet normal 0 0 1
    outer loop
      vertex 48.0919 -170.958 1.5
      vertex 41.6172 -164.263 1.5
      vertex 47.74 -171.132 1.5
    endloop
  endfacet
  facet normal -0 0 1
    outer loop
      vertex 41.4306 -164.491 1.5
      vertex 47.74 -171.132 1.5
      vertex 41.6172 -164.263 1.5
    endloop
  endfacet
  facet normal 0 0 1
    outer loop
      vertex 47.74 -171.132 1.5
      vertex 41.4306 -164.491 1.5
      vertex 47.4137 -171.35 1.5
    endloop
  endfacet
  facet normal 0 0 1
    outer loop
      vertex 47.4137 -171.35 1.5
      vertex 41.4306 -164.491 1.5
      vertex 47.1187 -171.609 1.5
    endloop
  endfacet
  facet normal -0 0 1
    outer loop
      vertex 41.2034 -164.677 1.5
      vertex 47.1187 -171.609 1.5
      vertex 41.4306 -164.491 1.5
    endloop
  endfacet
  facet normal -0 -0 1
    outer loop
      vertex 41.87 -163.43 1.5
      vertex 49.6316 -170.756 1.5
      vertex 41.8412 -163.137 1.5
    endloop
  endfacet
  facet normal 0 0 1
    outer loop
      vertex 46.8599 -175.556 1.5
      vertex 45.0752 -178.409 1.5
      vertex 47.1499 -177.705 1.5
    endloop
  endfacet
  facet normal 0 0 1
    outer loop
      vertex 42.9263 -178.837 1.5
      vertex 46.3422 -174.506 1.5
      vertex 46.2657 -174.122 1.5
    endloop
  endfacet
  facet normal 0 0 1
    outer loop
      vertex 40.74 -178.98 1.5
      vertex 46.2657 -174.122 1.5
      vertex 46.24 -173.73 1.5
    endloop
  endfacet
  facet normal 0 0 1
    outer loop
      vertex 47.1187 -171.609 1.5
      vertex 41.2034 -164.677 1.5
      vertex 46.8599 -171.904 1.5
    endloop
  endfacet
  facet normal 0 0 1
    outer loop
      vertex 41.8412 -163.137 1.5
      vertex 45.2034 -154.677 1.5
      vertex 44.944 -154.816 1.5
    endloop
  endfacet
  facet normal 0 0 1
    outer loop
      vertex 41.8412 -163.137 1.5
      vertex 44.944 -154.816 1.5
      vertex 44.6626 -154.901 1.5
    endloop
  endfacet
  facet normal 0 0 1
    outer loop
      vertex 41.8412 -163.137 1.5
      vertex 44.6626 -154.901 1.5
      vertex 44.37 -154.93 1.5
    endloop
  endfacet
  facet normal 0 0 1
    outer loop
      vertex 41.8412 -163.137 1.5
      vertex 44.37 -154.93 1.5
      vertex 44.0774 -154.901 1.5
    endloop
  endfacet
  facet normal 0 0 1
    outer loop
      vertex 41.8412 -163.137 1.5
      vertex 44.0774 -154.901 1.5
      vertex 43.796 -154.816 1.5
    endloop
  endfacet
  facet normal 0 0 1
    outer loop
      vertex 41.8412 -163.137 1.5
      vertex 43.796 -154.816 1.5
      vertex 43.5366 -154.677 1.5
    endloop
  endfacet
  facet normal 0 0 1
    outer loop
      vertex 41.8412 -163.137 1.5
      vertex 43.5366 -154.677 1.5
      vertex 43.3093 -154.491 1.5
    endloop
  endfacet
  facet normal 0 0 1
    outer loop
      vertex 41.8412 -163.137 1.5
      vertex 43.3093 -154.491 1.5
      vertex 43.1228 -154.263 1.5
    endloop
  endfacet
  facet normal 0 0 1
    outer loop
      vertex 41.8412 -163.137 1.5
      vertex 43.1228 -154.263 1.5
      vertex 42.9842 -154.004 1.5
    endloop
  endfacet
  facet normal -0 0 1
    outer loop
      vertex 40.944 -164.816 1.5
      vertex 46.8599 -171.904 1.5
      vertex 41.2034 -164.677 1.5
    endloop
  endfacet
  facet normal 0 0 1
    outer loop
      vertex 41.8412 -163.137 1.5
      vertex 42.9842 -154.004 1.5
      vertex 42.8988 -153.723 1.5
    endloop
  endfacet
  facet normal 0 0 1
    outer loop
      vertex 41.8412 -163.137 1.5
      vertex 42.8988 -153.723 1.5
      vertex 42.87 -153.43 1.5
    endloop
  endfacet
  facet normal -0 0 1
    outer loop
      vertex 40.4626 -119.401 1.5
      vertex 44.37 -139.93 1.5
      vertex 40.744 -119.316 1.5
    endloop
  endfacet
  facet normal 0 0 1
    outer loop
      vertex 41.67 -117.93 1.5
      vertex 42.2945 -117.494 1.5
      vertex 42.24 -117.08 1.5
    endloop
  endfacet
  facet normal 0 0 1
    outer loop
      vertex 44.37 -139.93 1.5
      vertex 40.4626 -119.401 1.5
      vertex 44.0774 -139.959 1.5
    endloop
  endfacet
  facet normal 0 0 1
    outer loop
      vertex 41.8412 -163.137 1.5
      vertex 42.87 -153.43 1.5
      vertex 42.87 -141.43 1.5
    endloop
  endfacet
  facet normal 0 0 1
    outer loop
      vertex 46.8599 -171.904 1.5
      vertex 40.944 -164.816 1.5
      vertex 46.6419 -172.23 1.5
    endloop
  endfacet
  facet normal -0 0 1
    outer loop
      vertex 40.6626 -164.901 1.5
      vertex 46.6419 -172.23 1.5
      vertex 40.944 -164.816 1.5
    endloop
  endfacet
  facet normal 0 0 1
    outer loop
      vertex 46.6419 -172.23 1.5
      vertex 40.6626 -164.901 1.5
      vertex 46.4684 -172.582 1.5
    endloop
  endfacet
  facet normal -0 0 1
    outer loop
      vertex 40.37 -164.93 1.5
      vertex 46.4684 -172.582 1.5
      vertex 40.6626 -164.901 1.5
    endloop
  endfacet
  facet normal 0 0 1
    outer loop
      vertex 46.4684 -172.582 1.5
      vertex 40.37 -164.93 1.5
      vertex 46.3422 -172.954 1.5
    endloop
  endfacet
  facet normal 0 0 1
    outer loop
      vertex 46.3422 -172.954 1.5
      vertex 40.37 -164.93 1.5
      vertex 46.2657 -173.338 1.5
    endloop
  endfacet
  facet normal 0 0 1
    outer loop
      vertex 40.0774 -164.901 1.5
      vertex 46.2657 -173.338 1.5
      vertex 40.37 -164.93 1.5
    endloop
  endfacet
  facet normal 0 0 1
    outer loop
      vertex 46.3422 -174.506 1.5
      vertex 42.9263 -178.837 1.5
      vertex 45.0752 -178.409 1.5
    endloop
  endfacet
  facet normal 0 0 1
    outer loop
      vertex 46.2657 -174.122 1.5
      vertex 40.74 -178.98 1.5
      vertex 42.9263 -178.837 1.5
    endloop
  endfacet
  facet normal 0 -0 1
    outer loop
      vertex 40.74 -178.98 1.5
      vertex 46.2657 -173.338 1.5
      vertex 40.0774 -164.901 1.5
    endloop
  endfacet
  facet normal 0 0 1
    outer loop
      vertex 46.2657 -173.338 1.5
      vertex 40.74 -178.98 1.5
      vertex 46.24 -173.73 1.5
    endloop
  endfacet
  facet normal 0 0 1
    outer loop
      vertex 37.87 -178.98 1.5
      vertex 40.0774 -164.901 1.5
      vertex 39.796 -164.816 1.5
    endloop
  endfacet
  facet normal 0 0 1
    outer loop
      vertex 37.87 -178.98 1.5
      vertex 39.796 -164.816 1.5
      vertex 39.5366 -164.677 1.5
    endloop
  endfacet
  facet normal 0 0 1
    outer loop
      vertex 37.87 -178.98 1.5
      vertex 39.5366 -164.677 1.5
      vertex 39.3093 -164.491 1.5
    endloop
  endfacet
  facet normal 0 0 1
    outer loop
      vertex 37.87 -178.98 1.5
      vertex 39.3093 -164.491 1.5
      vertex 39.1228 -164.263 1.5
    endloop
  endfacet
  facet normal 0 0 1
    outer loop
      vertex 21.7558 -164.004 1.5
      vertex 38.9842 -164.004 1.5
      vertex 21.8412 -163.723 1.5
    endloop
  endfacet
  facet normal -0 0 1
    outer loop
      vertex 21.8412 -163.723 1.5
      vertex 38.9842 -164.004 1.5
      vertex 38.8988 -163.723 1.5
    endloop
  endfacet
  facet normal 0 0 1
    outer loop
      vertex 31.8412 -118.223 1.5
      vertex 38.6988 -118.223 1.5
      vertex 31.87 -117.93 1.5
    endloop
  endfacet
  facet normal -0 0 1
    outer loop
      vertex 31.87 -117.93 1.5
      vertex 38.6988 -118.223 1.5
      vertex 38.67 -117.93 1.5
    endloop
  endfacet
  facet normal 0 0 1
    outer loop
      vertex 40.0774 -164.901 1.5
      vertex 37.87 -178.98 1.5
      vertex 40.74 -178.98 1.5
    endloop
  endfacet
  facet normal 0 0 1
    outer loop
      vertex 21.8412 -163.723 1.5
      vertex 38.8988 -163.723 1.5
      vertex 38.87 -163.43 1.5
    endloop
  endfacet
  facet normal 0 0 1
    outer loop
      vertex 38.7842 -118.504 1.5
      vertex 31.7558 -118.504 1.5
      vertex 38.9228 -118.763 1.5
    endloop
  endfacet
  facet normal -0 0 1
    outer loop
      vertex 49.715 -177.775 1.5
      vertex 50.74 -179.551 1.5
      vertex 50.4898 -177.257 1.5
    endloop
  endfacet
  facet normal 0 0 1
    outer loop
      vertex 49.715 -177.775 1.5
      vertex 48.3937 -180.708 1.5
      vertex 50.74 -179.551 1.5
    endloop
  endfacet
  facet normal -0 0 1
    outer loop
      vertex 47.6092 -178.814 1.5
      vertex 48.3937 -180.708 1.5
      vertex 49.715 -177.775 1.5
    endloop
  endfacet
  facet normal 0 0 1
    outer loop
      vertex 47.6092 -178.814 1.5
      vertex 45.9164 -181.549 1.5
      vertex 48.3937 -180.708 1.5
    endloop
  endfacet
  facet normal -0 0 1
    outer loop
      vertex 45.3858 -179.568 1.5
      vertex 45.9164 -181.549 1.5
      vertex 47.6092 -178.814 1.5
    endloop
  endfacet
  facet normal 0 0 1
    outer loop
      vertex 45.3858 -179.568 1.5
      vertex 43.3505 -182.059 1.5
      vertex 45.9164 -181.549 1.5
    endloop
  endfacet
  facet normal -0 0 1
    outer loop
      vertex 43.0829 -180.026 1.5
      vertex 43.3505 -182.059 1.5
      vertex 45.3858 -179.568 1.5
    endloop
  endfacet
  facet normal -0 0 1
    outer loop
      vertex 40.74 -180.18 1.5
      vertex 43.3505 -182.059 1.5
      vertex 43.0829 -180.026 1.5
    endloop
  endfacet
  facet normal 0 0 1
    outer loop
      vertex 40.74 -180.18 1.5
      vertex 40.74 -182.23 1.5
      vertex 43.3505 -182.059 1.5
    endloop
  endfacet
  facet normal -0 0 1
    outer loop
      vertex 37.87 -180.18 1.5
      vertex 40.74 -182.23 1.5
      vertex 40.74 -180.18 1.5
    endloop
  endfacet
  facet normal -0 0 1
    outer loop
      vertex 31.4306 -154.491 1.5
      vertex 39.3093 -162.369 1.5
      vertex 31.6172 -154.263 1.5
    endloop
  endfacet
  facet normal 0 0 1
    outer loop
      vertex 39.3093 -162.369 1.5
      vertex 31.4306 -154.491 1.5
      vertex 39.1228 -162.597 1.5
    endloop
  endfacet
  facet normal -0 0 1
    outer loop
      vertex 31.2034 -154.677 1.5
      vertex 39.1228 -162.597 1.5
      vertex 31.4306 -154.491 1.5
    endloop
  endfacet
  facet normal 0 0 1
    outer loop
      vertex 39.1228 -162.597 1.5
      vertex 31.2034 -154.677 1.5
      vertex 38.9842 -162.856 1.5
    endloop
  endfacet
  facet normal -0 0 1
    outer loop
      vertex 30.944 -154.816 1.5
      vertex 38.9842 -162.856 1.5
      vertex 31.2034 -154.677 1.5
    endloop
  endfacet
  facet normal 0 0 1
    outer loop
      vertex 38.9842 -162.856 1.5
      vertex 30.944 -154.816 1.5
      vertex 38.8988 -163.137 1.5
    endloop
  endfacet
  facet normal -0 0 1
    outer loop
      vertex 30.6626 -154.901 1.5
      vertex 38.8988 -163.137 1.5
      vertex 30.944 -154.816 1.5
    endloop
  endfacet
  facet normal 0 0 1
    outer loop
      vertex 38.8988 -163.137 1.5
      vertex 30.6626 -154.901 1.5
      vertex 38.87 -163.43 1.5
    endloop
  endfacet
  facet normal -0 0 1
    outer loop
      vertex 30.37 -154.93 1.5
      vertex 38.87 -163.43 1.5
      vertex 30.6626 -154.901 1.5
    endloop
  endfacet
  facet normal 0 0 1
    outer loop
      vertex 21.8412 -163.723 1.5
      vertex 38.87 -163.43 1.5
      vertex 21.87 -163.43 1.5
    endloop
  endfacet
  facet normal 0 0 1
    outer loop
      vertex 38.87 -163.43 1.5
      vertex 30.37 -154.93 1.5
      vertex 21.87 -163.43 1.5
    endloop
  endfacet
  facet normal 0 0 1
    outer loop
      vertex 21.87 -163.43 1.5
      vertex 30.37 -154.93 1.5
      vertex 30.0774 -154.901 1.5
    endloop
  endfacet
  facet normal 0 0 1
    outer loop
      vertex 21.87 -163.43 1.5
      vertex 30.0774 -154.901 1.5
      vertex 29.796 -154.816 1.5
    endloop
  endfacet
  facet normal 0 0 1
    outer loop
      vertex 21.87 -163.43 1.5
      vertex 29.796 -154.816 1.5
      vertex 29.5366 -154.677 1.5
    endloop
  endfacet
  facet normal 0 0 1
    outer loop
      vertex 21.87 -163.43 1.5
      vertex 29.5366 -154.677 1.5
      vertex 29.3093 -154.491 1.5
    endloop
  endfacet
  facet normal 0 0 1
    outer loop
      vertex 21.87 -163.43 1.5
      vertex 29.3093 -154.491 1.5
      vertex 29.1228 -154.263 1.5
    endloop
  endfacet
  facet normal 0 0 1
    outer loop
      vertex 21.87 -163.43 1.5
      vertex 29.1228 -154.263 1.5
      vertex 28.9842 -154.004 1.5
    endloop
  endfacet
  facet normal 0 0 1
    outer loop
      vertex 28.8988 -117.637 1.5
      vertex 20.87 -117.93 1.5
      vertex 28.87 -117.93 1.5
    endloop
  endfacet
  facet normal 0 0 1
    outer loop
      vertex 20.87 -117.93 1.5
      vertex 28.0366 -108.177 1.5
      vertex 27.8093 -107.991 1.5
    endloop
  endfacet
  facet normal 0 0 1
    outer loop
      vertex 20.87 -117.93 1.5
      vertex 27.8093 -107.991 1.5
      vertex 27.6228 -107.763 1.5
    endloop
  endfacet
  facet normal 0 0 1
    outer loop
      vertex 20.87 -117.93 1.5
      vertex 27.6228 -107.763 1.5
      vertex 27.4842 -107.504 1.5
    endloop
  endfacet
  facet normal 0 0 1
    outer loop
      vertex 20.87 -117.93 1.5
      vertex 27.4842 -107.504 1.5
      vertex 27.3988 -107.223 1.5
    endloop
  endfacet
  facet normal 0 0 1
    outer loop
      vertex 29.1228 -128.097 1.5
      vertex 20.2034 -119.177 1.5
      vertex 28.9842 -128.356 1.5
    endloop
  endfacet
  facet normal 0 0 1
    outer loop
      vertex 19.37 -116.43 1.5
      vertex 27.3988 -107.223 1.5
      vertex 27.37 -106.93 1.5
    endloop
  endfacet
  facet normal 0 0 1
    outer loop
      vertex 28.8988 -153.137 1.5
      vertex 21.87 -163.43 1.5
      vertex 28.87 -153.43 1.5
    endloop
  endfacet
  facet normal 0 0 1
    outer loop
      vertex 21.87 -163.43 1.5
      vertex 28.8988 -153.723 1.5
      vertex 28.87 -153.43 1.5
    endloop
  endfacet
  facet normal 0 0 1
    outer loop
      vertex 21.87 -163.43 1.5
      vertex 28.9842 -154.004 1.5
      vertex 28.8988 -153.723 1.5
    endloop
  endfacet
  facet normal 0 0 1
    outer loop
      vertex 38.9842 -164.004 1.5
      vertex 21.7558 -164.004 1.5
      vertex 39.1228 -164.263 1.5
    endloop
  endfacet
  facet normal 0 0 1
    outer loop
      vertex 22.87 -180.18 1.5
      vertex 37.87 -180.18 1.5
      vertex 22.87 -178.98 1.5
    endloop
  endfacet
  facet normal 0 0 1
    outer loop
      vertex 37.87 -180.18 1.5
      vertex 22.87 -180.18 1.5
      vertex 40.74 -182.23 1.5
    endloop
  endfacet
  facet normal 0 0 1
    outer loop
      vertex 20 -182.23 1.5
      vertex 22.87 -180.18 1.5
      vertex 20 -180.18 1.5
    endloop
  endfacet
  facet normal 0 0 1
    outer loop
      vertex 22.87 -180.18 1.5
      vertex 20 -182.23 1.5
      vertex 40.74 -182.23 1.5
    endloop
  endfacet
  facet normal 0 0 1
    outer loop
      vertex 17.657 -180.026 1.5
      vertex 20 -182.23 1.5
      vertex 20 -180.18 1.5
    endloop
  endfacet
  facet normal 0 0 1
    outer loop
      vertex 17.657 -180.026 1.5
      vertex 17.3895 -182.059 1.5
      vertex 20 -182.23 1.5
    endloop
  endfacet
  facet normal 0 0 1
    outer loop
      vertex 15.3542 -179.568 1.5
      vertex 17.3895 -182.059 1.5
      vertex 17.657 -180.026 1.5
    endloop
  endfacet
  facet normal 0 0 1
    outer loop
      vertex 15.3542 -179.568 1.5
      vertex 14.8236 -181.549 1.5
      vertex 17.3895 -182.059 1.5
    endloop
  endfacet
  facet normal 0 0 1
    outer loop
      vertex 13.1308 -178.814 1.5
      vertex 14.8236 -181.549 1.5
      vertex 15.3542 -179.568 1.5
    endloop
  endfacet
  facet normal 0 0 1
    outer loop
      vertex 13.1308 -178.814 1.5
      vertex 12.3463 -180.708 1.5
      vertex 14.8236 -181.549 1.5
    endloop
  endfacet
  facet normal 0 0 1
    outer loop
      vertex 11.025 -177.775 1.5
      vertex 12.3463 -180.708 1.5
      vertex 13.1308 -178.814 1.5
    endloop
  endfacet
  facet normal 0 0 1
    outer loop
      vertex 10 -179.551 1.5
      vertex 11.025 -177.775 1.5
      vertex 10.2502 -177.257 1.5
    endloop
  endfacet
  facet normal 0 0 1
    outer loop
      vertex 11.025 -177.775 1.5
      vertex 10 -179.551 1.5
      vertex 12.3463 -180.708 1.5
    endloop
  endfacet
  facet normal 0 0 1
    outer loop
      vertex 9.67371 -176.11 1.5
      vertex 10.2502 -177.257 1.5
      vertex 10 -176.328 1.5
    endloop
  endfacet
  facet normal 0 0 1
    outer loop
      vertex 8.4885 -175.958 1.5
      vertex 10.2502 -177.257 1.5
      vertex 9.67371 -176.11 1.5
    endloop
  endfacet
  facet normal -0 0 1
    outer loop
      vertex 8.4885 -175.958 1.5
      vertex 9.67371 -176.11 1.5
      vertex 9.37868 -175.851 1.5
    endloop
  endfacet
  facet normal 0 0 1
    outer loop
      vertex 8.4885 -175.958 1.5
      vertex 9.37868 -175.851 1.5
      vertex 9.11993 -175.556 1.5
    endloop
  endfacet
  facet normal 0 0 1
    outer loop
      vertex 8.4885 -175.958 1.5
      vertex 9.11993 -175.556 1.5
      vertex 8.90192 -175.23 1.5
    endloop
  endfacet
  facet normal 0 0 1
    outer loop
      vertex 8.2524 -175.605 1.5
      vertex 8.90192 -175.23 1.5
      vertex 8.72835 -174.878 1.5
    endloop
  endfacet
  facet normal 0 0 1
    outer loop
      vertex 8.2524 -175.605 1.5
      vertex 8.72835 -174.878 1.5
      vertex 8.60222 -174.506 1.5
    endloop
  endfacet
  facet normal 0 0 1
    outer loop
      vertex 7.78208 -174.219 1.5
      vertex 8.52567 -174.122 1.5
      vertex 8.5 -173.73 1.5
    endloop
  endfacet
  facet normal 0 0 1
    outer loop
      vertex 8.2524 -175.605 1.5
      vertex 8.60222 -174.506 1.5
      vertex 8.52567 -174.122 1.5
    endloop
  endfacet
  facet normal 0 0 1
    outer loop
      vertex 10.2502 -177.257 1.5
      vertex 8.4885 -175.958 1.5
      vertex 7.82477 -178.097 1.5
    endloop
  endfacet
  facet normal 0 0 1
    outer loop
      vertex 10.2502 -177.257 1.5
      vertex 7.82477 -178.097 1.5
      vertex 10 -179.551 1.5
    endloop
  endfacet
  facet normal 0 0 1
    outer loop
      vertex 5.85785 -176.372 1.5
      vertex 8.4885 -175.958 1.5
      vertex 7.30742 -174.923 1.5
    endloop
  endfacet
  facet normal 0 0 1
    outer loop
      vertex 8.4885 -175.958 1.5
      vertex 5.85785 -176.372 1.5
      vertex 7.82477 -178.097 1.5
    endloop
  endfacet
  facet normal 0 0 1
    outer loop
      vertex 5.75929 -173.157 1.5
      vertex 5.85785 -176.372 1.5
      vertex 7.30742 -174.923 1.5
    endloop
  endfacet
  facet normal 0 0 1
    outer loop
      vertex 4.13292 -174.405 1.5
      vertex 5.75929 -173.157 1.5
      vertex 4.45483 -171.205 1.5
    endloop
  endfacet
  facet normal 0 0 1
    outer loop
      vertex 5.75929 -173.157 1.5
      vertex 4.13292 -174.405 1.5
      vertex 5.85785 -176.372 1.5
    endloop
  endfacet
  facet normal 0 0 1
    outer loop
      vertex 2.67949 -172.23 1.5
      vertex 4.45483 -171.205 1.5
      vertex 3.41635 -169.099 1.5
    endloop
  endfacet
  facet normal 0 0 1
    outer loop
      vertex 4.45483 -171.205 1.5
      vertex 2.67949 -172.23 1.5
      vertex 4.13292 -174.405 1.5
    endloop
  endfacet
  facet normal 0 0 1
    outer loop
      vertex 1.5224 -169.884 1.5
      vertex 3.41635 -169.099 1.5
      vertex 2.66162 -166.876 1.5
    endloop
  endfacet
  facet normal 0 0 1
    outer loop
      vertex 0.681473 -167.406 1.5
      vertex 2.66162 -166.876 1.5
      vertex 2.20355 -164.573 1.5
    endloop
  endfacet
  facet normal 0 0 1
    outer loop
      vertex 0.171097 -164.841 1.5
      vertex 2.20355 -164.573 1.5
      vertex 2.04999 -162.23 1.5
    endloop
  endfacet
  facet normal 0 0 1
    outer loop
      vertex 3.41635 -169.099 1.5
      vertex 1.5224 -169.884 1.5
      vertex 2.67949 -172.23 1.5
    endloop
  endfacet
  facet normal 0 0 1
    outer loop
      vertex 2.04999 -5 1.5
      vertex 0 -5 1.5
      vertex 2.04999 -162.23 1.5
    endloop
  endfacet
  facet normal 0 0 1
    outer loop
      vertex 2.27455 -3.87108 1.5
      vertex 0.3806 -3.08658 1.5
      vertex 2.15051 -4.23648 1.5
    endloop
  endfacet
  facet normal -0 0 1
    outer loop
      vertex 0.170364 -3.7059 1.5
      vertex 2.15051 -4.23648 1.5
      vertex 0.3806 -3.08658 1.5
    endloop
  endfacet
  facet normal 0 -0 1
    outer loop
      vertex 0.171097 -164.841 1.5
      vertex 2.04999 -162.23 1.5
      vertex 0 -162.23 1.5
    endloop
  endfacet
  facet normal 0 0 1
    outer loop
      vertex 2.15051 -4.23648 1.5
      vertex 0.170364 -3.7059 1.5
      vertex 2.07523 -4.61494 1.5
    endloop
  endfacet
  facet normal -0 0 1
    outer loop
      vertex 0.0427704 -4.34737 1.5
      vertex 2.07523 -4.61494 1.5
      vertex 0.170364 -3.7059 1.5
    endloop
  endfacet
  facet normal 0 0 1
    outer loop
      vertex 2.66162 -166.876 1.5
      vertex 0.681473 -167.406 1.5
      vertex 1.5224 -169.884 1.5
    endloop
  endfacet
  facet normal 0 0 1
    outer loop
      vertex 2.07523 -4.61494 1.5
      vertex 0.0427704 -4.34737 1.5
      vertex 2.04999 -5 1.5
    endloop
  endfacet
  facet normal 0 0 1
    outer loop
      vertex 2.04999 -5 1.5
      vertex 0.0427704 -4.34737 1.5
      vertex 0 -5 1.5
    endloop
  endfacet
  facet normal 0 0 1
    outer loop
      vertex 2.04999 -162.23 1.5
      vertex 0 -5 1.5
      vertex 0 -162.23 1.5
    endloop
  endfacet
  facet normal 0 0 1
    outer loop
      vertex 2.20355 -164.573 1.5
      vertex 0.171097 -164.841 1.5
      vertex 0.681473 -167.406 1.5
    endloop
  endfacet
  facet normal -0 0 1
    outer loop
      vertex 45.8412 -153.723 1.5
      vertex 50.0164 -170.832 1.5
      vertex 45.87 -153.43 1.5
    endloop
  endfacet
  facet normal 0 0 1
    outer loop
      vertex 45.8412 -141.137 1.5
      vertex 48.6855 -117.494 1.5
      vertex 48.5256 -117.88 1.5
    endloop
  endfacet
  facet normal -0 0 1
    outer loop
      vertex 45.7558 -154.004 1.5
      vertex 50.0164 -170.832 1.5
      vertex 45.8412 -153.723 1.5
    endloop
  endfacet
  facet normal 0 0 1
    outer loop
      vertex 45.7558 -140.856 1.5
      vertex 48.5256 -117.88 1.5
      vertex 48.2714 -118.211 1.5
    endloop
  endfacet
  facet normal -0 0 1
    outer loop
      vertex 45.6172 -154.263 1.5
      vertex 50.0164 -170.832 1.5
      vertex 45.7558 -154.004 1.5
    endloop
  endfacet
  facet normal 0 0 1
    outer loop
      vertex 45.6172 -140.597 1.5
      vertex 48.2714 -118.211 1.5
      vertex 47.94 -118.466 1.5
    endloop
  endfacet
  facet normal -0 0 1
    outer loop
      vertex 45.4306 -154.491 1.5
      vertex 50.0164 -170.832 1.5
      vertex 45.6172 -154.263 1.5
    endloop
  endfacet
  facet normal 0 0 1
    outer loop
      vertex 45.2034 -140.183 1.5
      vertex 47.94 -118.466 1.5
      vertex 47.5541 -118.625 1.5
    endloop
  endfacet
  facet normal 0 0 1
    outer loop
      vertex 50.0164 -170.832 1.5
      vertex 45.4306 -154.491 1.5
      vertex 49.6316 -170.756 1.5
    endloop
  endfacet
  facet normal 0 0 1
    outer loop
      vertex 44.944 -140.044 1.5
      vertex 47.5541 -118.625 1.5
      vertex 47.14 -118.68 1.5
    endloop
  endfacet
  facet normal -0 0 1
    outer loop
      vertex 45.2034 -154.677 1.5
      vertex 49.6316 -170.756 1.5
      vertex 45.4306 -154.491 1.5
    endloop
  endfacet
  facet normal -0 0 1
    outer loop
      vertex 41.8412 -163.137 1.5
      vertex 49.6316 -170.756 1.5
      vertex 45.2034 -154.677 1.5
    endloop
  endfacet
  facet normal 0 0 1
    outer loop
      vertex 49.6316 -170.756 1.5
      vertex 41.87 -163.43 1.5
      vertex 49.24 -170.73 1.5
    endloop
  endfacet
  facet normal -0 0 1
    outer loop
      vertex 41.8412 -163.723 1.5
      vertex 48.8484 -170.756 1.5
      vertex 41.87 -163.43 1.5
    endloop
  endfacet
  facet normal 0 0 1
    outer loop
      vertex 48.8484 -170.756 1.5
      vertex 41.8412 -163.723 1.5
      vertex 48.4635 -170.832 1.5
    endloop
  endfacet
  facet normal -0 0 1
    outer loop
      vertex 41.7558 -164.004 1.5
      vertex 48.4635 -170.832 1.5
      vertex 41.8412 -163.723 1.5
    endloop
  endfacet
  facet normal 0 0 1
    outer loop
      vertex 48.4635 -170.832 1.5
      vertex 41.7558 -164.004 1.5
      vertex 48.0919 -170.958 1.5
    endloop
  endfacet
  facet normal -0 0 1
    outer loop
      vertex 41.6172 -164.263 1.5
      vertex 48.0919 -170.958 1.5
      vertex 41.7558 -164.004 1.5
    endloop
  endfacet
  facet normal 0 0 1
    outer loop
      vertex 48.6855 -117.494 1.5
      vertex 45.8412 -141.137 1.5
      vertex 45.87 -141.43 1.5
    endloop
  endfacet
  facet normal 0 0 1
    outer loop
      vertex 48.5256 -117.88 1.5
      vertex 45.7558 -140.856 1.5
      vertex 45.8412 -141.137 1.5
    endloop
  endfacet
  facet normal 0 0 1
    outer loop
      vertex 48.2714 -118.211 1.5
      vertex 45.6172 -140.597 1.5
      vertex 45.7558 -140.856 1.5
    endloop
  endfacet
  facet normal 0 0 1
    outer loop
      vertex 47.94 -118.466 1.5
      vertex 45.4306 -140.369 1.5
      vertex 45.6172 -140.597 1.5
    endloop
  endfacet
  facet normal 0 0 1
    outer loop
      vertex 47.94 -118.466 1.5
      vertex 45.2034 -140.183 1.5
      vertex 45.4306 -140.369 1.5
    endloop
  endfacet
  facet normal 0 0 1
    outer loop
      vertex 47.5541 -118.625 1.5
      vertex 44.944 -140.044 1.5
      vertex 45.2034 -140.183 1.5
    endloop
  endfacet
  facet normal 0 0 1
    outer loop
      vertex 47.14 -118.68 1.5
      vertex 44.6626 -139.959 1.5
      vertex 44.944 -140.044 1.5
    endloop
  endfacet
  facet normal 0 0 1
    outer loop
      vertex 47.14 -118.68 1.5
      vertex 44.37 -139.93 1.5
      vertex 44.6626 -139.959 1.5
    endloop
  endfacet
  facet normal -0 0 1
    outer loop
      vertex 43.84 -118.68 1.5
      vertex 44.37 -139.93 1.5
      vertex 47.14 -118.68 1.5
    endloop
  endfacet
  facet normal 0 0 1
    outer loop
      vertex 43.4259 -118.625 1.5
      vertex 41.0033 -119.177 1.5
      vertex 43.84 -118.68 1.5
    endloop
  endfacet
  facet normal 0 0 1
    outer loop
      vertex 43.04 -118.466 1.5
      vertex 41.2307 -118.991 1.5
      vertex 43.4259 -118.625 1.5
    endloop
  endfacet
  facet normal 0 0 1
    outer loop
      vertex 41.2307 -118.991 1.5
      vertex 43.04 -118.466 1.5
      vertex 41.4172 -118.763 1.5
    endloop
  endfacet
  facet normal 0 0 1
    outer loop
      vertex 42.7086 -118.211 1.5
      vertex 41.5558 -118.504 1.5
      vertex 43.04 -118.466 1.5
    endloop
  endfacet
  facet normal 0 0 1
    outer loop
      vertex 41.4172 -118.763 1.5
      vertex 43.04 -118.466 1.5
      vertex 41.5558 -118.504 1.5
    endloop
  endfacet
  facet normal 0 0 1
    outer loop
      vertex 41.5558 -118.504 1.5
      vertex 42.7086 -118.211 1.5
      vertex 41.6412 -118.223 1.5
    endloop
  endfacet
  facet normal 0 0 1
    outer loop
      vertex 42.4544 -117.88 1.5
      vertex 41.6412 -118.223 1.5
      vertex 42.7086 -118.211 1.5
    endloop
  endfacet
  facet normal 0 0 1
    outer loop
      vertex 41.0033 -119.177 1.5
      vertex 43.4259 -118.625 1.5
      vertex 41.2307 -118.991 1.5
    endloop
  endfacet
  facet normal 0 0 1
    outer loop
      vertex 41.6412 -118.223 1.5
      vertex 42.4544 -117.88 1.5
      vertex 41.67 -117.93 1.5
    endloop
  endfacet
  facet normal 0 0 1
    outer loop
      vertex 40.744 -119.316 1.5
      vertex 43.84 -118.68 1.5
      vertex 41.0033 -119.177 1.5
    endloop
  endfacet
  facet normal 0 0 1
    outer loop
      vertex 43.84 -118.68 1.5
      vertex 40.744 -119.316 1.5
      vertex 44.37 -139.93 1.5
    endloop
  endfacet
  facet normal 0 0 1
    outer loop
      vertex 41.67 -117.93 1.5
      vertex 42.4544 -117.88 1.5
      vertex 42.2945 -117.494 1.5
    endloop
  endfacet
  facet normal 0 0 1
    outer loop
      vertex 55.74 -2.04999 1.5
      vertex 48.37 -1.95 1.5
      vertex 48.37 -2.04999 1.5
    endloop
  endfacet
  facet normal 0.195685 0.980667 -0
    outer loop
      vertex 11.0105 -177.448 1.5
      vertex 10.5294 -177.352 2.99
      vertex 11.0105 -177.448 2.99
    endloop
  endfacet
  facet normal 0.195685 0.980667 0
    outer loop
      vertex 10.5294 -177.352 2.99
      vertex 11.0105 -177.448 1.5
      vertex 10.5294 -177.352 1.5
    endloop
  endfacet
  facet normal 0.997874 -0.0651764 0
    outer loop
      vertex 7.75 -173.73 2.99
      vertex 7.75725 -173.619 1.5
      vertex 7.75725 -173.619 2.99
    endloop
  endfacet
  facet normal 0.997874 -0.0651764 0
    outer loop
      vertex 7.75725 -173.619 1.5
      vertex 7.75 -173.73 2.99
      vertex 7.75 -173.73 1.5
    endloop
  endfacet
  facet normal -0.195685 0.980667 0
    outer loop
      vertex 12.4706 -177.352 1.5
      vertex 11.9895 -177.448 2.99
      vertex 12.4706 -177.352 2.99
    endloop
  endfacet
  facet normal -0.195685 0.980667 0
    outer loop
      vertex 11.9895 -177.448 2.99
      vertex 12.4706 -177.352 1.5
      vertex 11.9895 -177.448 1.5
    endloop
  endfacet
  facet normal 0.322122 0.946698 -0
    outer loop
      vertex 10.5294 -177.352 1.5
      vertex 10.2502 -177.257 2.99
      vertex 10.5294 -177.352 2.99
    endloop
  endfacet
  facet normal 0.322122 0.946698 0
    outer loop
      vertex 10.2502 -177.257 2.99
      vertex 10.5294 -177.352 1.5
      vertex 10.2502 -177.257 1.5
    endloop
  endfacet
  facet normal 0.0652336 0.99787 -0
    outer loop
      vertex 11.5 -177.48 1.5
      vertex 11.0105 -177.448 2.99
      vertex 11.5 -177.48 2.99
    endloop
  endfacet
  facet normal 0.0652336 0.99787 0
    outer loop
      vertex 11.0105 -177.448 2.99
      vertex 11.5 -177.48 1.5
      vertex 11.0105 -177.448 1.5
    endloop
  endfacet
  facet normal 0.831216 0.555949 0
    outer loop
      vertex 8.4885 -175.958 2.99
      vertex 8.2524 -175.605 1.5
      vertex 8.2524 -175.605 2.99
    endloop
  endfacet
  facet normal 0.831216 0.555949 0
    outer loop
      vertex 8.2524 -175.605 1.5
      vertex 8.4885 -175.958 2.99
      vertex 8.4885 -175.958 1.5
    endloop
  endfacet
  facet normal 0.8969 0.442233 0
    outer loop
      vertex 8.2524 -175.605 2.99
      vertex 8.03545 -175.165 1.5
      vertex 8.03545 -175.165 2.99
    endloop
  endfacet
  facet normal 0.8969 0.442233 0
    outer loop
      vertex 8.03545 -175.165 1.5
      vertex 8.2524 -175.605 2.99
      vertex 8.2524 -175.605 1.5
    endloop
  endfacet
  facet normal 0.980854 0.194746 0
    outer loop
      vertex 7.87778 -174.701 2.99
      vertex 7.78208 -174.219 1.5
      vertex 7.78208 -174.219 2.99
    endloop
  endfacet
  facet normal 0.980854 0.194746 0
    outer loop
      vertex 7.78208 -174.219 1.5
      vertex 7.87778 -174.701 2.99
      vertex 7.87778 -174.701 1.5
    endloop
  endfacet
  facet normal 0.997855 0.0654626 0
    outer loop
      vertex 7.78208 -174.219 2.99
      vertex 7.75 -173.73 1.5
      vertex 7.75 -173.73 2.99
    endloop
  endfacet
  facet normal 0.997855 0.0654626 0
    outer loop
      vertex 7.75 -173.73 1.5
      vertex 7.78208 -174.219 2.99
      vertex 7.78208 -174.219 1.5
    endloop
  endfacet
  facet normal -0.320498 0.947249 0
    outer loop
      vertex 12.71 -177.271 1.5
      vertex 12.4706 -177.352 2.99
      vertex 12.71 -177.271 2.99
    endloop
  endfacet
  facet normal -0.320498 0.947249 0
    outer loop
      vertex 12.4706 -177.352 2.99
      vertex 12.71 -177.271 1.5
      vertex 12.4706 -177.352 1.5
    endloop
  endfacet
  facet normal -0.0652336 0.99787 0
    outer loop
      vertex 11.9895 -177.448 1.5
      vertex 11.5 -177.48 2.99
      vertex 11.9895 -177.448 2.99
    endloop
  endfacet
  facet normal -0.0652336 0.99787 0
    outer loop
      vertex 11.5 -177.48 2.99
      vertex 11.9895 -177.448 1.5
      vertex 11.5 -177.48 1.5
    endloop
  endfacet
  facet normal 0.946829 0.321738 0
    outer loop
      vertex 8.03545 -175.165 2.99
      vertex 7.87778 -174.701 1.5
      vertex 7.87778 -174.701 2.99
    endloop
  endfacet
  facet normal 0.946829 0.321738 0
    outer loop
      vertex 7.87778 -174.701 1.5
      vertex 8.03545 -175.165 2.99
      vertex 8.03545 -175.165 1.5
    endloop
  endfacet
  facet normal -0.997844 -0.065624 0
    outer loop
      vertex 52.99 -173.73 1.5
      vertex 52.9827 -173.619 2.99
      vertex 52.9827 -173.619 1.5
    endloop
  endfacet
  facet normal -0.997844 -0.065624 0
    outer loop
      vertex 52.9827 -173.619 2.99
      vertex 52.99 -173.73 1.5
      vertex 52.99 -173.73 2.99
    endloop
  endfacet
  facet normal -0.0652336 0.99787 0
    outer loop
      vertex 49.7295 -177.448 1.5
      vertex 49.24 -177.48 2.99
      vertex 49.7295 -177.448 2.99
    endloop
  endfacet
  facet normal -0.0652336 0.99787 0
    outer loop
      vertex 49.24 -177.48 2.99
      vertex 49.7295 -177.448 1.5
      vertex 49.24 -177.48 1.5
    endloop
  endfacet
  facet normal -0.94681 0.321793 0
    outer loop
      vertex 52.7045 -175.165 1.5
      vertex 52.8622 -174.701 2.99
      vertex 52.8622 -174.701 1.5
    endloop
  endfacet
  facet normal -0.94681 0.321793 0
    outer loop
      vertex 52.8622 -174.701 2.99
      vertex 52.7045 -175.165 1.5
      vertex 52.7045 -175.165 2.99
    endloop
  endfacet
  facet normal -0.980854 0.194746 0
    outer loop
      vertex 52.8622 -174.701 1.5
      vertex 52.9579 -174.219 2.99
      vertex 52.9579 -174.219 1.5
    endloop
  endfacet
  facet normal -0.980854 0.194746 0
    outer loop
      vertex 52.9579 -174.219 2.99
      vertex 52.8622 -174.701 1.5
      vertex 52.8622 -174.701 2.99
    endloop
  endfacet
  facet normal -0.195685 0.980667 0
    outer loop
      vertex 50.2106 -177.352 1.5
      vertex 49.7295 -177.448 2.99
      vertex 50.2106 -177.352 2.99
    endloop
  endfacet
  facet normal -0.195685 0.980667 0
    outer loop
      vertex 49.7295 -177.448 2.99
      vertex 50.2106 -177.352 1.5
      vertex 49.7295 -177.448 1.5
    endloop
  endfacet
  facet normal -0.997852 0.0655032 0
    outer loop
      vertex 52.9579 -174.219 1.5
      vertex 52.99 -173.73 2.99
      vertex 52.99 -173.73 1.5
    endloop
  endfacet
  facet normal -0.997852 0.0655032 0
    outer loop
      vertex 52.99 -173.73 2.99
      vertex 52.9579 -174.219 1.5
      vertex 52.9579 -174.219 2.99
    endloop
  endfacet
  facet normal -0.896941 0.442151 0
    outer loop
      vertex 52.4876 -175.605 1.5
      vertex 52.7045 -175.165 2.99
      vertex 52.7045 -175.165 1.5
    endloop
  endfacet
  facet normal -0.896941 0.442151 0
    outer loop
      vertex 52.7045 -175.165 2.99
      vertex 52.4876 -175.605 1.5
      vertex 52.4876 -175.605 2.99
    endloop
  endfacet
  facet normal -0.831216 0.555949 0
    outer loop
      vertex 52.2515 -175.958 1.5
      vertex 52.4876 -175.605 2.99
      vertex 52.4876 -175.605 1.5
    endloop
  endfacet
  facet normal -0.831216 0.555949 0
    outer loop
      vertex 52.4876 -175.605 2.99
      vertex 52.2515 -175.958 1.5
      vertex 52.2515 -175.958 2.99
    endloop
  endfacet
  facet normal -0.322122 0.946698 0
    outer loop
      vertex 50.4898 -177.257 1.5
      vertex 50.2106 -177.352 2.99
      vertex 50.4898 -177.257 2.99
    endloop
  endfacet
  facet normal -0.322122 0.946698 0
    outer loop
      vertex 50.2106 -177.352 2.99
      vertex 50.4898 -177.257 1.5
      vertex 50.2106 -177.352 1.5
    endloop
  endfacet
  facet normal 0.0652336 0.99787 -0
    outer loop
      vertex 49.24 -177.48 1.5
      vertex 48.7505 -177.448 2.99
      vertex 49.24 -177.48 2.99
    endloop
  endfacet
  facet normal 0.0652336 0.99787 0
    outer loop
      vertex 48.7505 -177.448 2.99
      vertex 49.24 -177.48 1.5
      vertex 48.7505 -177.448 1.5
    endloop
  endfacet
  facet normal 0.320498 0.947249 -0
    outer loop
      vertex 48.2694 -177.352 1.5
      vertex 48.03 -177.271 2.99
      vertex 48.2694 -177.352 2.99
    endloop
  endfacet
  facet normal 0.320498 0.947249 0
    outer loop
      vertex 48.03 -177.271 2.99
      vertex 48.2694 -177.352 1.5
      vertex 48.03 -177.271 1.5
    endloop
  endfacet
  facet normal 0.195685 0.980667 -0
    outer loop
      vertex 48.7505 -177.448 1.5
      vertex 48.2694 -177.352 2.99
      vertex 48.7505 -177.448 2.99
    endloop
  endfacet
  facet normal 0.195685 0.980667 0
    outer loop
      vertex 48.2694 -177.352 2.99
      vertex 48.7505 -177.448 1.5
      vertex 48.2694 -177.352 1.5
    endloop
  endfacet
  facet normal -0 0 1
    outer loop
      vertex 50.2106 -177.352 2.99
      vertex 49.715 -177.775 2.99
      vertex 50.4898 -177.257 2.99
    endloop
  endfacet
  facet normal -0 0 1
    outer loop
      vertex 49.7295 -177.448 2.99
      vertex 49.715 -177.775 2.99
      vertex 50.2106 -177.352 2.99
    endloop
  endfacet
  facet normal -0 0 1
    outer loop
      vertex 49.24 -177.48 2.99
      vertex 49.715 -177.775 2.99
      vertex 49.7295 -177.448 2.99
    endloop
  endfacet
  facet normal 0 0 1
    outer loop
      vertex 48.7505 -177.448 2.99
      vertex 49.715 -177.775 2.99
      vertex 49.24 -177.48 2.99
    endloop
  endfacet
  facet normal 0 0 1
    outer loop
      vertex 47.6092 -178.814 2.99
      vertex 48.7505 -177.448 2.99
      vertex 48.2694 -177.352 2.99
    endloop
  endfacet
  facet normal 0 0 1
    outer loop
      vertex 48.7505 -177.448 2.99
      vertex 47.6092 -178.814 2.99
      vertex 49.715 -177.775 2.99
    endloop
  endfacet
  facet normal 0 0 1
    outer loop
      vertex 48.03 -177.271 2.99
      vertex 47.6092 -178.814 2.99
      vertex 48.2694 -177.352 2.99
    endloop
  endfacet
  facet normal -0 0 1
    outer loop
      vertex 47.1499 -177.705 2.99
      vertex 47.6092 -178.814 2.99
      vertex 48.03 -177.271 2.99
    endloop
  endfacet
  facet normal 0 0 1
    outer loop
      vertex 47.1499 -177.705 2.99
      vertex 45.3858 -179.568 2.99
      vertex 47.6092 -178.814 2.99
    endloop
  endfacet
  facet normal -0 0 1
    outer loop
      vertex 45.0752 -178.409 2.99
      vertex 45.3858 -179.568 2.99
      vertex 47.1499 -177.705 2.99
    endloop
  endfacet
  facet normal 0 0 1
    outer loop
      vertex 45.0752 -178.409 2.99
      vertex 43.0829 -180.026 2.99
      vertex 45.3858 -179.568 2.99
    endloop
  endfacet
  facet normal -0 0 1
    outer loop
      vertex 42.9263 -178.837 2.99
      vertex 43.0829 -180.026 2.99
      vertex 45.0752 -178.409 2.99
    endloop
  endfacet
  facet normal -0 0 1
    outer loop
      vertex 40.74 -178.98 2.99
      vertex 43.0829 -180.026 2.99
      vertex 42.9263 -178.837 2.99
    endloop
  endfacet
  facet normal 0 0 1
    outer loop
      vertex 40.74 -178.98 2.99
      vertex 40.74 -180.18 2.99
      vertex 43.0829 -180.026 2.99
    endloop
  endfacet
  facet normal -0 0 1
    outer loop
      vertex 37.87 -178.98 2.99
      vertex 40.74 -180.18 2.99
      vertex 40.74 -178.98 2.99
    endloop
  endfacet
  facet normal 0 0 1
    outer loop
      vertex 40.74 -180.18 2.99
      vertex 37.87 -178.98 2.99
      vertex 37.87 -180.18 2.99
    endloop
  endfacet
  facet normal 0 0 1
    outer loop
      vertex 12.37 -2.04999 2.99
      vertex 10.47 -2.75 2.99
      vertex 12.37 -2.95 2.99
    endloop
  endfacet
  facet normal -0 0 1
    outer loop
      vertex 5 -2.04999 2.99
      vertex 10.47 -2.75 2.99
      vertex 12.37 -2.04999 2.99
    endloop
  endfacet
  facet normal 0 0 1
    outer loop
      vertex 4.47 -2.75 2.99
      vertex 5 -2.04999 2.99
      vertex 4.61494 -2.07523 2.99
    endloop
  endfacet
  facet normal 0 0 1
    outer loop
      vertex 5 -2.04999 2.99
      vertex 4.47 -2.75 2.99
      vertex 10.47 -2.75 2.99
    endloop
  endfacet
  facet normal -0 0 1
    outer loop
      vertex 4.23648 -2.15051 2.99
      vertex 4.47 -2.75 2.99
      vertex 4.61494 -2.07523 2.99
    endloop
  endfacet
  facet normal -0 0 1
    outer loop
      vertex 3.87108 -2.27455 2.99
      vertex 4.47 -2.75 2.99
      vertex 4.23648 -2.15051 2.99
    endloop
  endfacet
  facet normal -0 0 1
    outer loop
      vertex 3.52499 -2.44522 2.99
      vertex 4.47 -2.75 2.99
      vertex 3.87108 -2.27455 2.99
    endloop
  endfacet
  facet normal 0 0 1
    outer loop
      vertex 4.47 -2.75 2.99
      vertex 3.52499 -2.44522 2.99
      vertex 4.47 -3.25 2.99
    endloop
  endfacet
  facet normal 0 0 1
    outer loop
      vertex 3.52499 -2.44522 2.99
      vertex 3.25 -3.25 2.99
      vertex 4.47 -3.25 2.99
    endloop
  endfacet
  facet normal -0 0 1
    outer loop
      vertex 2.04999 -5 2.99
      vertex 3.25 -90.16 2.99
      vertex 3.25 -3.25 2.99
    endloop
  endfacet
  facet normal -0 0 1
    outer loop
      vertex 2.91403 -2.91403 2.99
      vertex 3.25 -3.25 2.99
      vertex 3.20415 -2.65961 2.99
    endloop
  endfacet
  facet normal -0 0 1
    outer loop
      vertex 3.20415 -2.65961 2.99
      vertex 3.25 -3.25 2.99
      vertex 3.52499 -2.44522 2.99
    endloop
  endfacet
  facet normal 0 0 1
    outer loop
      vertex 40.37 -2.04999 2.99
      vertex 20.37 -2.04999 2.99
      vertex 40.37 -2.95 2.99
    endloop
  endfacet
  facet normal 0 0 1
    outer loop
      vertex 56.125 -2.07523 2.99
      vertex 56.27 -2.75 2.99
      vertex 56.5035 -2.15051 2.99
    endloop
  endfacet
  facet normal 0 0 1
    outer loop
      vertex 55.74 -2.04999 2.99
      vertex 56.27 -2.75 2.99
      vertex 56.125 -2.07523 2.99
    endloop
  endfacet
  facet normal 0 0 1
    outer loop
      vertex 55.74 -2.04999 2.99
      vertex 50.27 -2.75 2.99
      vertex 56.27 -2.75 2.99
    endloop
  endfacet
  facet normal -0 0 1
    outer loop
      vertex 48.37 -2.04999 2.99
      vertex 50.27 -2.75 2.99
      vertex 55.74 -2.04999 2.99
    endloop
  endfacet
  facet normal 0 0 1
    outer loop
      vertex 48.37 -2.95 2.99
      vertex 50.27 -2.75 2.99
      vertex 48.37 -2.04999 2.99
    endloop
  endfacet
  facet normal 0 0 1
    outer loop
      vertex 50.27 -2.75 2.99
      vertex 48.37 -2.95 2.99
      vertex 50.27 -3.25 2.99
    endloop
  endfacet
  facet normal -0 0 1
    outer loop
      vertex 40.37 -2.95 2.99
      vertex 50.27 -3.25 2.99
      vertex 48.37 -2.95 2.99
    endloop
  endfacet
  facet normal 0 0 1
    outer loop
      vertex 20.37 -2.95 2.99
      vertex 40.37 -2.95 2.99
      vertex 20.37 -2.04999 2.99
    endloop
  endfacet
  facet normal -0 0 1
    outer loop
      vertex 20.37 -2.95 2.99
      vertex 50.27 -3.25 2.99
      vertex 40.37 -2.95 2.99
    endloop
  endfacet
  facet normal 0 0 1
    outer loop
      vertex 10.47 -3.25 2.99
      vertex 20.37 -2.95 2.99
      vertex 12.37 -2.95 2.99
    endloop
  endfacet
  facet normal 0 0 1
    outer loop
      vertex 20.37 -2.95 2.99
      vertex 10.47 -3.25 2.99
      vertex 50.27 -3.25 2.99
    endloop
  endfacet
  facet normal 0 0 1
    outer loop
      vertex 10.47 -3.25 2.99
      vertex 12.37 -2.95 2.99
      vertex 10.47 -2.75 2.99
    endloop
  endfacet
  facet normal 0 0 1
    outer loop
      vertex 57.215 -2.44522 2.99
      vertex 57.49 -3.25 2.99
      vertex 57.5358 -2.65961 2.99
    endloop
  endfacet
  facet normal 0 0 1
    outer loop
      vertex 56.27 -2.75 2.99
      vertex 57.215 -2.44522 2.99
      vertex 56.8689 -2.27455 2.99
    endloop
  endfacet
  facet normal 0 0 1
    outer loop
      vertex 56.27 -2.75 2.99
      vertex 56.8689 -2.27455 2.99
      vertex 56.5035 -2.15051 2.99
    endloop
  endfacet
  facet normal 0 0 1
    outer loop
      vertex 56.27 -3.25 2.99
      vertex 57.215 -2.44522 2.99
      vertex 56.27 -2.75 2.99
    endloop
  endfacet
  facet normal 0 0 1
    outer loop
      vertex 57.215 -2.44522 2.99
      vertex 56.27 -3.25 2.99
      vertex 57.49 -3.25 2.99
    endloop
  endfacet
  facet normal 0 0 1
    outer loop
      vertex 57.49 -3.25 2.99
      vertex 58.69 -5 2.99
      vertex 58.6647 -4.61494 2.99
    endloop
  endfacet
  facet normal 0 0 1
    outer loop
      vertex 57.49 -3.25 2.99
      vertex 58.6647 -4.61494 2.99
      vertex 58.5895 -4.23648 2.99
    endloop
  endfacet
  facet normal 0 0 1
    outer loop
      vertex 58.69 -5 2.99
      vertex 57.49 -90.16 2.99
      vertex 58.69 -162.23 2.99
    endloop
  endfacet
  facet normal 0 0 1
    outer loop
      vertex 57.49 -3.25 2.99
      vertex 58.5895 -4.23648 2.99
      vertex 58.4654 -3.87108 2.99
    endloop
  endfacet
  facet normal 0 0 1
    outer loop
      vertex 57.49 -3.25 2.99
      vertex 58.4654 -3.87108 2.99
      vertex 58.2948 -3.52499 2.99
    endloop
  endfacet
  facet normal -0 0 1
    outer loop
      vertex 57.49 -3.25 2.99
      vertex 58.2948 -3.52499 2.99
      vertex 58.0804 -3.20415 2.99
    endloop
  endfacet
  facet normal 0 0 1
    outer loop
      vertex 57.49 -162.23 2.99
      vertex 58.69 -162.23 2.99
      vertex 57.49 -90.16 2.99
    endloop
  endfacet
  facet normal 0 0 1
    outer loop
      vertex 57.49 -3.25 2.99
      vertex 58.0804 -3.20415 2.99
      vertex 57.826 -2.91403 2.99
    endloop
  endfacet
  facet normal 0 0 1
    outer loop
      vertex 57.49 -3.25 2.99
      vertex 57.826 -2.91403 2.99
      vertex 57.5358 -2.65961 2.99
    endloop
  endfacet
  facet normal 0 0 1
    outer loop
      vertex 58.69 -5 2.99
      vertex 57.49 -3.25 2.99
      vertex 57.49 -90.16 2.99
    endloop
  endfacet
  facet normal 0 0 1
    outer loop
      vertex 58.69 -162.23 2.99
      vertex 57.49 -162.23 2.99
      vertex 58.5364 -164.573 2.99
    endloop
  endfacet
  facet normal -0 0 1
    outer loop
      vertex 57.3467 -164.416 2.99
      vertex 58.5364 -164.573 2.99
      vertex 57.49 -162.23 2.99
    endloop
  endfacet
  facet normal 0 0 1
    outer loop
      vertex 58.5364 -164.573 2.99
      vertex 57.3467 -164.416 2.99
      vertex 58.0784 -166.876 2.99
    endloop
  endfacet
  facet normal -0 0 1
    outer loop
      vertex 56.9193 -166.565 2.99
      vertex 58.0784 -166.876 2.99
      vertex 57.3467 -164.416 2.99
    endloop
  endfacet
  facet normal 0 0 1
    outer loop
      vertex 58.0784 -166.876 2.99
      vertex 56.9193 -166.565 2.99
      vertex 57.3236 -169.099 2.99
    endloop
  endfacet
  facet normal -0 0 1
    outer loop
      vertex 56.215 -168.64 2.99
      vertex 57.3236 -169.099 2.99
      vertex 56.9193 -166.565 2.99
    endloop
  endfacet
  facet normal 0 0 1
    outer loop
      vertex 57.3236 -169.099 2.99
      vertex 56.215 -168.64 2.99
      vertex 56.2851 -171.205 2.99
    endloop
  endfacet
  facet normal -0 0 1
    outer loop
      vertex 55.2459 -170.605 2.99
      vertex 56.2851 -171.205 2.99
      vertex 56.215 -168.64 2.99
    endloop
  endfacet
  facet normal 0 0 1
    outer loop
      vertex 55.2459 -170.605 2.99
      vertex 54.9807 -173.157 2.99
      vertex 56.2851 -171.205 2.99
    endloop
  endfacet
  facet normal -0 0 1
    outer loop
      vertex 54.0287 -172.427 2.99
      vertex 54.9807 -173.157 2.99
      vertex 55.2459 -170.605 2.99
    endloop
  endfacet
  facet normal 0 0 1
    outer loop
      vertex 52.9827 -173.619 2.99
      vertex 54.9807 -173.157 2.99
      vertex 54.0287 -172.427 2.99
    endloop
  endfacet
  facet normal 0 0 1
    outer loop
      vertex 54.9807 -173.157 2.99
      vertex 52.99 -173.73 2.99
      vertex 53.4326 -174.923 2.99
    endloop
  endfacet
  facet normal 0 0 1
    outer loop
      vertex 54.9807 -173.157 2.99
      vertex 52.9827 -173.619 2.99
      vertex 52.99 -173.73 2.99
    endloop
  endfacet
  facet normal -0 0 1
    outer loop
      vertex 52.9579 -174.219 2.99
      vertex 53.4326 -174.923 2.99
      vertex 52.99 -173.73 2.99
    endloop
  endfacet
  facet normal -0 0 1
    outer loop
      vertex 52.8622 -174.701 2.99
      vertex 53.4326 -174.923 2.99
      vertex 52.9579 -174.219 2.99
    endloop
  endfacet
  facet normal 0 0 1
    outer loop
      vertex 52.7045 -175.165 2.99
      vertex 53.4326 -174.923 2.99
      vertex 52.8622 -174.701 2.99
    endloop
  endfacet
  facet normal 0 0 1
    outer loop
      vertex 52.4876 -175.605 2.99
      vertex 53.4326 -174.923 2.99
      vertex 52.7045 -175.165 2.99
    endloop
  endfacet
  facet normal 0 0 1
    outer loop
      vertex 53.4326 -174.923 2.99
      vertex 52.4876 -175.605 2.99
      vertex 52.2515 -175.958 2.99
    endloop
  endfacet
  facet normal 0 0 1
    outer loop
      vertex 5.75929 -173.157 2.99
      vertex 7.75 -173.73 2.99
      vertex 7.75725 -173.619 2.99
    endloop
  endfacet
  facet normal -0 0 1
    outer loop
      vertex 5.75929 -173.157 2.99
      vertex 7.75725 -173.619 2.99
      vertex 6.71132 -172.427 2.99
    endloop
  endfacet
  facet normal 0 0 1
    outer loop
      vertex 7.75 -173.73 2.99
      vertex 5.75929 -173.157 2.99
      vertex 7.30742 -174.923 2.99
    endloop
  endfacet
  facet normal 0 0 1
    outer loop
      vertex 5.49406 -170.605 2.99
      vertex 5.75929 -173.157 2.99
      vertex 6.71132 -172.427 2.99
    endloop
  endfacet
  facet normal 0 0 1
    outer loop
      vertex 4.45483 -171.205 2.99
      vertex 5.49406 -170.605 2.99
      vertex 4.52501 -168.64 2.99
    endloop
  endfacet
  facet normal 0 0 1
    outer loop
      vertex 5.49406 -170.605 2.99
      vertex 4.45483 -171.205 2.99
      vertex 5.75929 -173.157 2.99
    endloop
  endfacet
  facet normal 0 0 1
    outer loop
      vertex 3.41635 -169.099 2.99
      vertex 4.52501 -168.64 2.99
      vertex 3.82074 -166.565 2.99
    endloop
  endfacet
  facet normal 0 0 1
    outer loop
      vertex 4.52501 -168.64 2.99
      vertex 3.41635 -169.099 2.99
      vertex 4.45483 -171.205 2.99
    endloop
  endfacet
  facet normal 0 0 1
    outer loop
      vertex 2.66162 -166.876 2.99
      vertex 3.82074 -166.565 2.99
      vertex 3.3933 -164.416 2.99
    endloop
  endfacet
  facet normal 0 0 1
    outer loop
      vertex 2.20355 -164.573 2.99
      vertex 3.3933 -164.416 2.99
      vertex 3.25 -162.23 2.99
    endloop
  endfacet
  facet normal -0 0 1
    outer loop
      vertex 2.65961 -3.20415 2.99
      vertex 3.25 -3.25 2.99
      vertex 2.91403 -2.91403 2.99
    endloop
  endfacet
  facet normal 0 0 1
    outer loop
      vertex 3.82074 -166.565 2.99
      vertex 2.66162 -166.876 2.99
      vertex 3.41635 -169.099 2.99
    endloop
  endfacet
  facet normal 0 0 1
    outer loop
      vertex 2.04999 -162.23 2.99
      vertex 3.25 -90.16 2.99
      vertex 2.04999 -5 2.99
    endloop
  endfacet
  facet normal 0 0 1
    outer loop
      vertex 2.44522 -3.52499 2.99
      vertex 3.25 -3.25 2.99
      vertex 2.65961 -3.20415 2.99
    endloop
  endfacet
  facet normal 0 0 1
    outer loop
      vertex 2.27455 -3.87108 2.99
      vertex 3.25 -3.25 2.99
      vertex 2.44522 -3.52499 2.99
    endloop
  endfacet
  facet normal 0 0 1
    outer loop
      vertex 2.15051 -4.23648 2.99
      vertex 3.25 -3.25 2.99
      vertex 2.27455 -3.87108 2.99
    endloop
  endfacet
  facet normal 0 -0 1
    outer loop
      vertex 2.20355 -164.573 2.99
      vertex 3.25 -162.23 2.99
      vertex 2.04999 -162.23 2.99
    endloop
  endfacet
  facet normal 0 0 1
    outer loop
      vertex 2.07523 -4.61494 2.99
      vertex 3.25 -3.25 2.99
      vertex 2.15051 -4.23648 2.99
    endloop
  endfacet
  facet normal 0 0 1
    outer loop
      vertex 3.25 -3.25 2.99
      vertex 2.07523 -4.61494 2.99
      vertex 2.04999 -5 2.99
    endloop
  endfacet
  facet normal 0 0 1
    outer loop
      vertex 3.25 -90.16 2.99
      vertex 2.04999 -162.23 2.99
      vertex 3.25 -162.23 2.99
    endloop
  endfacet
  facet normal 0 0 1
    outer loop
      vertex 3.3933 -164.416 2.99
      vertex 2.20355 -164.573 2.99
      vertex 2.66162 -166.876 2.99
    endloop
  endfacet
  facet normal 0 0 1
    outer loop
      vertex 8.2524 -175.605 2.99
      vertex 7.30742 -174.923 2.99
      vertex 8.4885 -175.958 2.99
    endloop
  endfacet
  facet normal 0 0 1
    outer loop
      vertex 8.03545 -175.165 2.99
      vertex 7.30742 -174.923 2.99
      vertex 8.2524 -175.605 2.99
    endloop
  endfacet
  facet normal 0 0 1
    outer loop
      vertex 7.87778 -174.701 2.99
      vertex 7.30742 -174.923 2.99
      vertex 8.03545 -175.165 2.99
    endloop
  endfacet
  facet normal 0 0 1
    outer loop
      vertex 7.78208 -174.219 2.99
      vertex 7.30742 -174.923 2.99
      vertex 7.87778 -174.701 2.99
    endloop
  endfacet
  facet normal 0 0 1
    outer loop
      vertex 7.30742 -174.923 2.99
      vertex 7.78208 -174.219 2.99
      vertex 7.75 -173.73 2.99
    endloop
  endfacet
  facet normal -0 0 1
    outer loop
      vertex 20 -178.98 2.99
      vertex 22.87 -180.18 2.99
      vertex 22.87 -178.98 2.99
    endloop
  endfacet
  facet normal 0 0 1
    outer loop
      vertex 20 -178.98 2.99
      vertex 20 -180.18 2.99
      vertex 22.87 -180.18 2.99
    endloop
  endfacet
  facet normal 0 0 1
    outer loop
      vertex 17.8137 -178.837 2.99
      vertex 20 -180.18 2.99
      vertex 20 -178.98 2.99
    endloop
  endfacet
  facet normal 0 0 1
    outer loop
      vertex 17.8137 -178.837 2.99
      vertex 17.657 -180.026 2.99
      vertex 20 -180.18 2.99
    endloop
  endfacet
  facet normal 0 0 1
    outer loop
      vertex 15.6648 -178.409 2.99
      vertex 17.657 -180.026 2.99
      vertex 17.8137 -178.837 2.99
    endloop
  endfacet
  facet normal 0 0 1
    outer loop
      vertex 15.6648 -178.409 2.99
      vertex 15.3542 -179.568 2.99
      vertex 17.657 -180.026 2.99
    endloop
  endfacet
  facet normal 0 0 1
    outer loop
      vertex 13.59 -177.705 2.99
      vertex 15.3542 -179.568 2.99
      vertex 15.6648 -178.409 2.99
    endloop
  endfacet
  facet normal 0 0 1
    outer loop
      vertex 13.59 -177.705 2.99
      vertex 13.1308 -178.814 2.99
      vertex 15.3542 -179.568 2.99
    endloop
  endfacet
  facet normal 0 0 1
    outer loop
      vertex 12.71 -177.271 2.99
      vertex 13.1308 -178.814 2.99
      vertex 13.59 -177.705 2.99
    endloop
  endfacet
  facet normal -0 0 1
    outer loop
      vertex 12.4706 -177.352 2.99
      vertex 13.1308 -178.814 2.99
      vertex 12.71 -177.271 2.99
    endloop
  endfacet
  facet normal -0 0 1
    outer loop
      vertex 11.9895 -177.448 2.99
      vertex 13.1308 -178.814 2.99
      vertex 12.4706 -177.352 2.99
    endloop
  endfacet
  facet normal 0 0 1
    outer loop
      vertex 11.025 -177.775 2.99
      vertex 11.9895 -177.448 2.99
      vertex 11.5 -177.48 2.99
    endloop
  endfacet
  facet normal 0 0 1
    outer loop
      vertex 11.9895 -177.448 2.99
      vertex 11.025 -177.775 2.99
      vertex 13.1308 -178.814 2.99
    endloop
  endfacet
  facet normal 0 0 1
    outer loop
      vertex 11.0105 -177.448 2.99
      vertex 11.025 -177.775 2.99
      vertex 11.5 -177.48 2.99
    endloop
  endfacet
  facet normal 0 0 1
    outer loop
      vertex 10.5294 -177.352 2.99
      vertex 11.025 -177.775 2.99
      vertex 11.0105 -177.448 2.99
    endloop
  endfacet
  facet normal 0 0 1
    outer loop
      vertex 11.025 -177.775 2.99
      vertex 10.5294 -177.352 2.99
      vertex 10.2502 -177.257 2.99
    endloop
  endfacet
  facet normal 0.195059 -0.980791 0
    outer loop
      vertex 43.0829 -180.026 1.5
      vertex 45.3858 -179.568 2.99
      vertex 43.0829 -180.026 2.99
    endloop
  endfacet
  facet normal 0.195059 -0.980791 0
    outer loop
      vertex 45.3858 -179.568 2.99
      vertex 43.0829 -180.026 1.5
      vertex 45.3858 -179.568 1.5
    endloop
  endfacet
  facet normal 0.321156 -0.947026 0
    outer loop
      vertex 45.3858 -179.568 1.5
      vertex 47.6092 -178.814 2.99
      vertex 45.3858 -179.568 2.99
    endloop
  endfacet
  facet normal 0.321156 -0.947026 0
    outer loop
      vertex 47.6092 -178.814 2.99
      vertex 45.3858 -179.568 1.5
      vertex 47.6092 -178.814 1.5
    endloop
  endfacet
  facet normal 0.442472 -0.896782 0
    outer loop
      vertex 47.6092 -178.814 1.5
      vertex 49.715 -177.775 2.99
      vertex 47.6092 -178.814 2.99
    endloop
  endfacet
  facet normal 0.442472 -0.896782 0
    outer loop
      vertex 49.715 -177.775 2.99
      vertex 47.6092 -178.814 1.5
      vertex 49.715 -177.775 1.5
    endloop
  endfacet
  facet normal 0.555789 -0.831323 0
    outer loop
      vertex 49.715 -177.775 1.5
      vertex 50.4898 -177.257 2.99
      vertex 49.715 -177.775 2.99
    endloop
  endfacet
  facet normal 0.555789 -0.831323 0
    outer loop
      vertex 50.4898 -177.257 2.99
      vertex 49.715 -177.775 1.5
      vertex 50.4898 -177.257 1.5
    endloop
  endfacet
  facet normal 0.659059 -0.752091 0
    outer loop
      vertex 52.2515 -175.958 1.5
      vertex 53.4326 -174.923 2.99
      vertex 52.2515 -175.958 2.99
    endloop
  endfacet
  facet normal 0.659059 -0.752091 0
    outer loop
      vertex 53.4326 -174.923 2.99
      vertex 52.2515 -175.958 1.5
      vertex 53.4326 -174.923 1.5
    endloop
  endfacet
  facet normal 0.751975 -0.659192 0
    outer loop
      vertex 53.4326 -174.923 2.99
      vertex 54.9807 -173.157 1.5
      vertex 54.9807 -173.157 2.99
    endloop
  endfacet
  facet normal 0.751975 -0.659192 0
    outer loop
      vertex 54.9807 -173.157 1.5
      vertex 53.4326 -174.923 2.99
      vertex 53.4326 -174.923 1.5
    endloop
  endfacet
  facet normal 0.831447 -0.555604 0
    outer loop
      vertex 54.9807 -173.157 2.99
      vertex 56.2851 -171.205 1.5
      vertex 56.2851 -171.205 2.99
    endloop
  endfacet
  facet normal 0.831447 -0.555604 0
    outer loop
      vertex 56.2851 -171.205 1.5
      vertex 54.9807 -173.157 2.99
      vertex 54.9807 -173.157 1.5
    endloop
  endfacet
  facet normal 0.896884 -0.442267 0
    outer loop
      vertex 56.2851 -171.205 2.99
      vertex 57.3236 -169.099 1.5
      vertex 57.3236 -169.099 2.99
    endloop
  endfacet
  facet normal 0.896884 -0.442267 0
    outer loop
      vertex 57.3236 -169.099 1.5
      vertex 56.2851 -171.205 2.99
      vertex 56.2851 -171.205 1.5
    endloop
  endfacet
  facet normal 0.946905 -0.321513 0
    outer loop
      vertex 57.3236 -169.099 2.99
      vertex 58.0784 -166.876 1.5
      vertex 58.0784 -166.876 2.99
    endloop
  endfacet
  facet normal 0.946905 -0.321513 0
    outer loop
      vertex 58.0784 -166.876 1.5
      vertex 57.3236 -169.099 2.99
      vertex 57.3236 -169.099 1.5
    endloop
  endfacet
  facet normal 0.980793 -0.195051 0
    outer loop
      vertex 58.0784 -166.876 2.99
      vertex 58.5364 -164.573 1.5
      vertex 58.5364 -164.573 2.99
    endloop
  endfacet
  facet normal 0.980793 -0.195051 0
    outer loop
      vertex 58.5364 -164.573 1.5
      vertex 58.0784 -166.876 2.99
      vertex 58.0784 -166.876 1.5
    endloop
  endfacet
  facet normal 0.997858 -0.0654166 0
    outer loop
      vertex 58.5364 -164.573 2.99
      vertex 58.69 -162.23 1.5
      vertex 58.69 -162.23 2.99
    endloop
  endfacet
  facet normal 0.997858 -0.0654166 0
    outer loop
      vertex 58.69 -162.23 1.5
      vertex 58.5364 -164.573 2.99
      vertex 58.5364 -164.573 1.5
    endloop
  endfacet
  facet normal 1 -0 0
    outer loop
      vertex 58.69 -162.23 2.99
      vertex 58.69 -5 1.5
      vertex 58.69 -5 2.99
    endloop
  endfacet
  facet normal 1 0 0
    outer loop
      vertex 58.69 -5 1.5
      vertex 58.69 -162.23 2.99
      vertex 58.69 -162.23 1.5
    endloop
  endfacet
  facet normal 0.997848 0.0655627 0
    outer loop
      vertex 58.69 -5 2.99
      vertex 58.6647 -4.61494 1.5
      vertex 58.6647 -4.61494 2.99
    endloop
  endfacet
  facet normal 0.997848 0.0655627 0
    outer loop
      vertex 58.6647 -4.61494 1.5
      vertex 58.69 -5 2.99
      vertex 58.69 -5 1.5
    endloop
  endfacet
  facet normal 0.980825 0.19489 0
    outer loop
      vertex 58.6647 -4.61494 2.99
      vertex 58.5895 -4.23648 1.5
      vertex 58.5895 -4.23648 2.99
    endloop
  endfacet
  facet normal 0.980825 0.19489 0
    outer loop
      vertex 58.5895 -4.23648 1.5
      vertex 58.6647 -4.61494 2.99
      vertex 58.6647 -4.61494 1.5
    endloop
  endfacet
  facet normal 0.94688 0.321587 0
    outer loop
      vertex 58.5895 -4.23648 2.99
      vertex 58.4654 -3.87108 1.5
      vertex 58.4654 -3.87108 2.99
    endloop
  endfacet
  facet normal 0.94688 0.321587 0
    outer loop
      vertex 58.4654 -3.87108 1.5
      vertex 58.5895 -4.23648 2.99
      vertex 58.5895 -4.23648 1.5
    endloop
  endfacet
  facet normal 0.896947 0.442137 0
    outer loop
      vertex 58.4654 -3.87108 2.99
      vertex 58.2948 -3.52499 1.5
      vertex 58.2948 -3.52499 2.99
    endloop
  endfacet
  facet normal 0.896947 0.442137 0
    outer loop
      vertex 58.2948 -3.52499 1.5
      vertex 58.4654 -3.87108 2.99
      vertex 58.4654 -3.87108 1.5
    endloop
  endfacet
  facet normal 0.831444 0.555609 0
    outer loop
      vertex 58.2948 -3.52499 2.99
      vertex 58.0804 -3.20415 1.5
      vertex 58.0804 -3.20415 2.99
    endloop
  endfacet
  facet normal 0.831444 0.555609 0
    outer loop
      vertex 58.0804 -3.20415 1.5
      vertex 58.2948 -3.52499 2.99
      vertex 58.2948 -3.52499 1.5
    endloop
  endfacet
  facet normal 0.751876 0.659304 0
    outer loop
      vertex 58.0804 -3.20415 2.99
      vertex 57.826 -2.91403 1.5
      vertex 57.826 -2.91403 2.99
    endloop
  endfacet
  facet normal 0.751876 0.659304 0
    outer loop
      vertex 57.826 -2.91403 1.5
      vertex 58.0804 -3.20415 2.99
      vertex 58.0804 -3.20415 1.5
    endloop
  endfacet
  facet normal 0.659231 0.751941 -0
    outer loop
      vertex 57.826 -2.91403 1.5
      vertex 57.5358 -2.65961 2.99
      vertex 57.826 -2.91403 2.99
    endloop
  endfacet
  facet normal 0.659231 0.751941 0
    outer loop
      vertex 57.5358 -2.65961 2.99
      vertex 57.826 -2.91403 1.5
      vertex 57.5358 -2.65961 1.5
    endloop
  endfacet
  facet normal 0.555639 0.831424 -0
    outer loop
      vertex 57.5358 -2.65961 1.5
      vertex 57.215 -2.44522 2.99
      vertex 57.5358 -2.65961 2.99
    endloop
  endfacet
  facet normal 0.555639 0.831424 0
    outer loop
      vertex 57.215 -2.44522 2.99
      vertex 57.5358 -2.65961 1.5
      vertex 57.215 -2.44522 1.5
    endloop
  endfacet
  facet normal 0.442273 0.896881 -0
    outer loop
      vertex 57.215 -2.44522 1.5
      vertex 56.8689 -2.27455 2.99
      vertex 57.215 -2.44522 2.99
    endloop
  endfacet
  facet normal 0.442273 0.896881 0
    outer loop
      vertex 56.8689 -2.27455 2.99
      vertex 57.215 -2.44522 1.5
      vertex 56.8689 -2.27455 1.5
    endloop
  endfacet
  facet normal 0.321447 0.946927 -0
    outer loop
      vertex 56.8689 -2.27455 1.5
      vertex 56.5035 -2.15051 2.99
      vertex 56.8689 -2.27455 2.99
    endloop
  endfacet
  facet normal 0.321447 0.946927 0
    outer loop
      vertex 56.5035 -2.15051 2.99
      vertex 56.8689 -2.27455 1.5
      vertex 56.5035 -2.15051 1.5
    endloop
  endfacet
  facet normal 0.19507 0.980789 -0
    outer loop
      vertex 56.5035 -2.15051 1.5
      vertex 56.125 -2.07523 2.99
      vertex 56.5035 -2.15051 2.99
    endloop
  endfacet
  facet normal 0.19507 0.980789 0
    outer loop
      vertex 56.125 -2.07523 2.99
      vertex 56.5035 -2.15051 1.5
      vertex 56.125 -2.07523 1.5
    endloop
  endfacet
  facet normal 0.065418 0.997858 -0
    outer loop
      vertex 56.125 -2.07523 1.5
      vertex 55.74 -2.04999 2.99
      vertex 56.125 -2.07523 2.99
    endloop
  endfacet
  facet normal 0.065418 0.997858 0
    outer loop
      vertex 55.74 -2.04999 2.99
      vertex 56.125 -2.07523 1.5
      vertex 55.74 -2.04999 1.5
    endloop
  endfacet
  facet normal 0 1 -0
    outer loop
      vertex 55.74 -2.04999 1.5
      vertex 48.37 -2.04999 2.99
      vertex 55.74 -2.04999 2.99
    endloop
  endfacet
  facet normal 0 1 0
    outer loop
      vertex 48.37 -2.04999 2.99
      vertex 55.74 -2.04999 1.5
      vertex 48.37 -2.04999 1.5
    endloop
  endfacet
  facet normal 0 1 -0
    outer loop
      vertex 12.37 -2.04999 1.5
      vertex 5 -2.04999 2.99
      vertex 12.37 -2.04999 2.99
    endloop
  endfacet
  facet normal 0 1 0
    outer loop
      vertex 5 -2.04999 2.99
      vertex 12.37 -2.04999 1.5
      vertex 5 -2.04999 1.5
    endloop
  endfacet
  facet normal 0 1 -0
    outer loop
      vertex 40.37 -2.04999 1.5
      vertex 20.37 -2.04999 2.99
      vertex 40.37 -2.04999 2.99
    endloop
  endfacet
  facet normal 0 1 0
    outer loop
      vertex 20.37 -2.04999 2.99
      vertex 40.37 -2.04999 1.5
      vertex 20.37 -2.04999 1.5
    endloop
  endfacet
  facet normal -0.0654079 0.997859 0
    outer loop
      vertex 5 -2.04999 1.5
      vertex 4.61494 -2.07523 2.99
      vertex 5 -2.04999 2.99
    endloop
  endfacet
  facet normal -0.0654079 0.997859 0
    outer loop
      vertex 4.61494 -2.07523 2.99
      vertex 5 -2.04999 1.5
      vertex 4.61494 -2.07523 1.5
    endloop
  endfacet
  facet normal -0.195089 0.980785 0
    outer loop
      vertex 4.61494 -2.07523 1.5
      vertex 4.23648 -2.15051 2.99
      vertex 4.61494 -2.07523 2.99
    endloop
  endfacet
  facet normal -0.195089 0.980785 0
    outer loop
      vertex 4.23648 -2.15051 2.99
      vertex 4.61494 -2.07523 1.5
      vertex 4.23648 -2.15051 1.5
    endloop
  endfacet
  facet normal -0.321447 0.946927 0
    outer loop
      vertex 4.23648 -2.15051 1.5
      vertex 3.87108 -2.27455 2.99
      vertex 4.23648 -2.15051 2.99
    endloop
  endfacet
  facet normal -0.321447 0.946927 0
    outer loop
      vertex 3.87108 -2.27455 2.99
      vertex 4.23648 -2.15051 1.5
      vertex 3.87108 -2.27455 1.5
    endloop
  endfacet
  facet normal -0.442283 0.896876 0
    outer loop
      vertex 3.87108 -2.27455 1.5
      vertex 3.52499 -2.44522 2.99
      vertex 3.87108 -2.27455 2.99
    endloop
  endfacet
  facet normal -0.442283 0.896876 0
    outer loop
      vertex 3.52499 -2.44522 2.99
      vertex 3.87108 -2.27455 1.5
      vertex 3.52499 -2.44522 1.5
    endloop
  endfacet
  facet normal -0.555591 0.831456 0
    outer loop
      vertex 3.52499 -2.44522 1.5
      vertex 3.20415 -2.65961 2.99
      vertex 3.52499 -2.44522 2.99
    endloop
  endfacet
  facet normal -0.555591 0.831456 0
    outer loop
      vertex 3.20415 -2.65961 2.99
      vertex 3.52499 -2.44522 1.5
      vertex 3.20415 -2.65961 1.5
    endloop
  endfacet
  facet normal -0.659333 0.751851 0
    outer loop
      vertex 3.20415 -2.65961 1.5
      vertex 2.91403 -2.91403 2.99
      vertex 3.20415 -2.65961 2.99
    endloop
  endfacet
  facet normal -0.659333 0.751851 0
    outer loop
      vertex 2.91403 -2.91403 2.99
      vertex 3.20415 -2.65961 1.5
      vertex 2.91403 -2.91403 1.5
    endloop
  endfacet
  facet normal -0.751851 0.659333 0
    outer loop
      vertex 2.65961 -3.20415 1.5
      vertex 2.91403 -2.91403 2.99
      vertex 2.91403 -2.91403 1.5
    endloop
  endfacet
  facet normal -0.751851 0.659333 0
    outer loop
      vertex 2.91403 -2.91403 2.99
      vertex 2.65961 -3.20415 1.5
      vertex 2.65961 -3.20415 2.99
    endloop
  endfacet
  facet normal -0.831456 0.555591 0
    outer loop
      vertex 2.44522 -3.52499 1.5
      vertex 2.65961 -3.20415 2.99
      vertex 2.65961 -3.20415 1.5
    endloop
  endfacet
  facet normal -0.831456 0.555591 0
    outer loop
      vertex 2.65961 -3.20415 2.99
      vertex 2.44522 -3.52499 1.5
      vertex 2.44522 -3.52499 2.99
    endloop
  endfacet
  facet normal -0.896876 0.442283 0
    outer loop
      vertex 2.27455 -3.87108 1.5
      vertex 2.44522 -3.52499 2.99
      vertex 2.44522 -3.52499 1.5
    endloop
  endfacet
  facet normal -0.896876 0.442283 0
    outer loop
      vertex 2.44522 -3.52499 2.99
      vertex 2.27455 -3.87108 1.5
      vertex 2.27455 -3.87108 2.99
    endloop
  endfacet
  facet normal -0.946927 0.321447 0
    outer loop
      vertex 2.15051 -4.23648 1.5
      vertex 2.27455 -3.87108 2.99
      vertex 2.27455 -3.87108 1.5
    endloop
  endfacet
  facet normal -0.946927 0.321447 0
    outer loop
      vertex 2.27455 -3.87108 2.99
      vertex 2.15051 -4.23648 1.5
      vertex 2.15051 -4.23648 2.99
    endloop
  endfacet
  facet normal -0.980785 0.195089 0
    outer loop
      vertex 2.07523 -4.61494 1.5
      vertex 2.15051 -4.23648 2.99
      vertex 2.15051 -4.23648 1.5
    endloop
  endfacet
  facet normal -0.980785 0.195089 0
    outer loop
      vertex 2.15051 -4.23648 2.99
      vertex 2.07523 -4.61494 1.5
      vertex 2.07523 -4.61494 2.99
    endloop
  endfacet
  facet normal -0.997859 0.0654079 0
    outer loop
      vertex 2.04999 -5 1.5
      vertex 2.07523 -4.61494 2.99
      vertex 2.07523 -4.61494 1.5
    endloop
  endfacet
  facet normal -0.997859 0.0654079 0
    outer loop
      vertex 2.07523 -4.61494 2.99
      vertex 2.04999 -5 1.5
      vertex 2.04999 -5 2.99
    endloop
  endfacet
  facet normal -1 0 0
    outer loop
      vertex 2.04999 -162.23 1.5
      vertex 2.04999 -5 2.99
      vertex 2.04999 -5 1.5
    endloop
  endfacet
  facet normal -1 -0 0
    outer loop
      vertex 2.04999 -5 2.99
      vertex 2.04999 -162.23 1.5
      vertex 2.04999 -162.23 2.99
    endloop
  endfacet
  facet normal -0.997859 -0.0653996 0
    outer loop
      vertex 2.20355 -164.573 1.5
      vertex 2.04999 -162.23 2.99
      vertex 2.04999 -162.23 1.5
    endloop
  endfacet
  facet normal -0.997859 -0.0653996 0
    outer loop
      vertex 2.04999 -162.23 2.99
      vertex 2.20355 -164.573 1.5
      vertex 2.20355 -164.573 2.99
    endloop
  endfacet
  facet normal -0.980787 -0.19508 0
    outer loop
      vertex 2.66162 -166.876 1.5
      vertex 2.20355 -164.573 2.99
      vertex 2.20355 -164.573 1.5
    endloop
  endfacet
  facet normal -0.980787 -0.19508 0
    outer loop
      vertex 2.20355 -164.573 2.99
      vertex 2.66162 -166.876 1.5
      vertex 2.66162 -166.876 2.99
    endloop
  endfacet
  facet normal -0.946914 -0.321487 0
    outer loop
      vertex 3.41635 -169.099 1.5
      vertex 2.66162 -166.876 2.99
      vertex 2.66162 -166.876 1.5
    endloop
  endfacet
  facet normal -0.946914 -0.321487 0
    outer loop
      vertex 2.66162 -166.876 2.99
      vertex 3.41635 -169.099 1.5
      vertex 3.41635 -169.099 2.99
    endloop
  endfacet
  facet normal -0.896887 -0.44226 0
    outer loop
      vertex 4.45483 -171.205 1.5
      vertex 3.41635 -169.099 2.99
      vertex 3.41635 -169.099 1.5
    endloop
  endfacet
  facet normal -0.896887 -0.44226 0
    outer loop
      vertex 3.41635 -169.099 2.99
      vertex 4.45483 -171.205 1.5
      vertex 4.45483 -171.205 2.99
    endloop
  endfacet
  facet normal -0.831435 -0.555622 0
    outer loop
      vertex 5.75929 -173.157 1.5
      vertex 4.45483 -171.205 2.99
      vertex 4.45483 -171.205 1.5
    endloop
  endfacet
  facet normal -0.831435 -0.555622 0
    outer loop
      vertex 4.45483 -171.205 2.99
      vertex 5.75929 -173.157 1.5
      vertex 5.75929 -173.157 2.99
    endloop
  endfacet
  facet normal -0.751969 -0.659199 0
    outer loop
      vertex 7.30742 -174.923 1.5
      vertex 5.75929 -173.157 2.99
      vertex 5.75929 -173.157 1.5
    endloop
  endfacet
  facet normal -0.751969 -0.659199 0
    outer loop
      vertex 5.75929 -173.157 2.99
      vertex 7.30742 -174.923 1.5
      vertex 7.30742 -174.923 2.99
    endloop
  endfacet
  facet normal -0.659065 -0.752086 0
    outer loop
      vertex 7.30742 -174.923 1.5
      vertex 8.4885 -175.958 2.99
      vertex 7.30742 -174.923 2.99
    endloop
  endfacet
  facet normal -0.659065 -0.752086 -0
    outer loop
      vertex 8.4885 -175.958 2.99
      vertex 7.30742 -174.923 1.5
      vertex 8.4885 -175.958 1.5
    endloop
  endfacet
  facet normal -0.555789 -0.831323 0
    outer loop
      vertex 10.2502 -177.257 1.5
      vertex 11.025 -177.775 2.99
      vertex 10.2502 -177.257 2.99
    endloop
  endfacet
  facet normal -0.555789 -0.831323 -0
    outer loop
      vertex 11.025 -177.775 2.99
      vertex 10.2502 -177.257 1.5
      vertex 11.025 -177.775 1.5
    endloop
  endfacet
  facet normal -0.442472 -0.896782 0
    outer loop
      vertex 11.025 -177.775 1.5
      vertex 13.1308 -178.814 2.99
      vertex 11.025 -177.775 2.99
    endloop
  endfacet
  facet normal -0.442472 -0.896782 -0
    outer loop
      vertex 13.1308 -178.814 2.99
      vertex 11.025 -177.775 1.5
      vertex 13.1308 -178.814 1.5
    endloop
  endfacet
  facet normal -0.321156 -0.947026 0
    outer loop
      vertex 13.1308 -178.814 1.5
      vertex 15.3542 -179.568 2.99
      vertex 13.1308 -178.814 2.99
    endloop
  endfacet
  facet normal -0.321156 -0.947026 -0
    outer loop
      vertex 15.3542 -179.568 2.99
      vertex 13.1308 -178.814 1.5
      vertex 15.3542 -179.568 1.5
    endloop
  endfacet
  facet normal -0.195068 -0.98079 0
    outer loop
      vertex 15.3542 -179.568 1.5
      vertex 17.657 -180.026 2.99
      vertex 15.3542 -179.568 2.99
    endloop
  endfacet
  facet normal -0.195068 -0.98079 -0
    outer loop
      vertex 17.657 -180.026 2.99
      vertex 15.3542 -179.568 1.5
      vertex 17.657 -180.026 1.5
    endloop
  endfacet
  facet normal -0.0655862 -0.997847 0
    outer loop
      vertex 17.657 -180.026 1.5
      vertex 20 -180.18 2.99
      vertex 17.657 -180.026 2.99
    endloop
  endfacet
  facet normal -0.0655862 -0.997847 -0
    outer loop
      vertex 20 -180.18 2.99
      vertex 17.657 -180.026 1.5
      vertex 20 -180.18 1.5
    endloop
  endfacet
  facet normal 0 -1 0
    outer loop
      vertex 37.87 -180.18 1.5
      vertex 40.74 -180.18 2.99
      vertex 37.87 -180.18 2.99
    endloop
  endfacet
  facet normal 0 -1 -0
    outer loop
      vertex 40.74 -180.18 2.99
      vertex 37.87 -180.18 1.5
      vertex 40.74 -180.18 1.5
    endloop
  endfacet
  facet normal 0 -1 0
    outer loop
      vertex 20 -180.18 1.5
      vertex 22.87 -180.18 2.99
      vertex 20 -180.18 2.99
    endloop
  endfacet
  facet normal 0 -1 -0
    outer loop
      vertex 22.87 -180.18 2.99
      vertex 20 -180.18 1.5
      vertex 22.87 -180.18 1.5
    endloop
  endfacet
  facet normal 0.065589 -0.997847 0
    outer loop
      vertex 40.74 -180.18 1.5
      vertex 43.0829 -180.026 2.99
      vertex 40.74 -180.18 2.99
    endloop
  endfacet
  facet normal 0.065589 -0.997847 0
    outer loop
      vertex 43.0829 -180.026 2.99
      vertex 40.74 -180.18 1.5
      vertex 43.0829 -180.026 1.5
    endloop
  endfacet
  facet normal 0.0652678 0.997868 -0
    outer loop
      vertex 20 -178.98 1.5
      vertex 17.8137 -178.837 2.99
      vertex 20 -178.98 2.99
    endloop
  endfacet
  facet normal 0.0652678 0.997868 0
    outer loop
      vertex 17.8137 -178.837 2.99
      vertex 20 -178.98 1.5
      vertex 17.8137 -178.837 1.5
    endloop
  endfacet
  facet normal 0.195335 0.980737 -0
    outer loop
      vertex 17.8137 -178.837 1.5
      vertex 15.6648 -178.409 2.99
      vertex 17.8137 -178.837 2.99
    endloop
  endfacet
  facet normal 0.195335 0.980737 0
    outer loop
      vertex 15.6648 -178.409 2.99
      vertex 17.8137 -178.837 1.5
      vertex 15.6648 -178.409 1.5
    endloop
  endfacet
  facet normal 0.321317 0.946972 -0
    outer loop
      vertex 15.6648 -178.409 1.5
      vertex 13.59 -177.705 2.99
      vertex 15.6648 -178.409 2.99
    endloop
  endfacet
  facet normal 0.321317 0.946972 0
    outer loop
      vertex 13.59 -177.705 2.99
      vertex 15.6648 -178.409 1.5
      vertex 13.59 -177.705 1.5
    endloop
  endfacet
  facet normal 0.442315 0.89686 -0
    outer loop
      vertex 13.59 -177.705 1.5
      vertex 12.71 -177.271 2.99
      vertex 13.59 -177.705 2.99
    endloop
  endfacet
  facet normal 0.442315 0.89686 0
    outer loop
      vertex 12.71 -177.271 2.99
      vertex 13.59 -177.705 1.5
      vertex 12.71 -177.271 1.5
    endloop
  endfacet
  facet normal 0.75166 0.65955 0
    outer loop
      vertex 7.75725 -173.619 2.99
      vertex 6.71132 -172.427 1.5
      vertex 6.71132 -172.427 2.99
    endloop
  endfacet
  facet normal 0.75166 0.65955 0
    outer loop
      vertex 6.71132 -172.427 1.5
      vertex 7.75725 -173.619 2.99
      vertex 7.75725 -173.619 1.5
    endloop
  endfacet
  facet normal 0.831504 0.555519 0
    outer loop
      vertex 6.71132 -172.427 2.99
      vertex 5.49406 -170.605 1.5
      vertex 5.49406 -170.605 2.99
    endloop
  endfacet
  facet normal 0.831504 0.555519 0
    outer loop
      vertex 5.49406 -170.605 1.5
      vertex 6.71132 -172.427 2.99
      vertex 6.71132 -172.427 1.5
    endloop
  endfacet
  facet normal 0.896869 0.442296 0
    outer loop
      vertex 5.49406 -170.605 2.99
      vertex 4.52501 -168.64 1.5
      vertex 4.52501 -168.64 2.99
    endloop
  endfacet
  facet normal 0.896869 0.442296 0
    outer loop
      vertex 4.52501 -168.64 1.5
      vertex 5.49406 -170.605 2.99
      vertex 5.49406 -170.605 1.5
    endloop
  endfacet
  facet normal 0.946944 0.3214 0
    outer loop
      vertex 4.52501 -168.64 2.99
      vertex 3.82074 -166.565 1.5
      vertex 3.82074 -166.565 2.99
    endloop
  endfacet
  facet normal 0.946944 0.3214 0
    outer loop
      vertex 3.82074 -166.565 1.5
      vertex 4.52501 -168.64 2.99
      vertex 4.52501 -168.64 1.5
    endloop
  endfacet
  facet normal 0.980787 0.19508 0
    outer loop
      vertex 3.82074 -166.565 2.99
      vertex 3.3933 -164.416 1.5
      vertex 3.3933 -164.416 2.99
    endloop
  endfacet
  facet normal 0.980787 0.19508 0
    outer loop
      vertex 3.3933 -164.416 1.5
      vertex 3.82074 -166.565 2.99
      vertex 3.82074 -166.565 1.5
    endloop
  endfacet
  facet normal 0.997858 0.0654131 0
    outer loop
      vertex 3.3933 -164.416 2.99
      vertex 3.25 -162.23 1.5
      vertex 3.25 -162.23 2.99
    endloop
  endfacet
  facet normal 0.997858 0.0654131 0
    outer loop
      vertex 3.25 -162.23 1.5
      vertex 3.3933 -164.416 2.99
      vertex 3.3933 -164.416 1.5
    endloop
  endfacet
  facet normal 1 -0 0
    outer loop
      vertex 3.25 -162.23 2.99
      vertex 3.25 -90.16 1.5
      vertex 3.25 -90.16 2.99
    endloop
  endfacet
  facet normal 1 0 0
    outer loop
      vertex 3.25 -90.16 1.5
      vertex 3.25 -162.23 2.99
      vertex 3.25 -162.23 1.5
    endloop
  endfacet
  facet normal -1 0 0
    outer loop
      vertex 3.25 -90.16 2.99
      vertex 3.25 -3.25 6
      vertex 3.25 -3.25 2.99
    endloop
  endfacet
  facet normal -1 -0 0
    outer loop
      vertex 3.25 -3.25 6
      vertex 3.25 -90.16 2.99
      vertex 3.25 -90.16 6
    endloop
  endfacet
  facet normal 0 -1 0
    outer loop
      vertex 10.47 -3.25 1.5
      vertex 50.27 -3.25 2.99
      vertex 10.47 -3.25 2.99
    endloop
  endfacet
  facet normal 0 -1 -0
    outer loop
      vertex 50.27 -3.25 2.99
      vertex 10.47 -3.25 1.5
      vertex 50.27 -3.25 1.5
    endloop
  endfacet
  facet normal -1 0 0
    outer loop
      vertex 57.49 -162.23 1.5
      vertex 57.49 -90.16 2.99
      vertex 57.49 -90.16 1.5
    endloop
  endfacet
  facet normal -1 -0 0
    outer loop
      vertex 57.49 -90.16 2.99
      vertex 57.49 -162.23 1.5
      vertex 57.49 -162.23 2.99
    endloop
  endfacet
  facet normal 1 -0 0
    outer loop
      vertex 57.49 -90.16 6
      vertex 57.49 -3.25 2.99
      vertex 57.49 -3.25 6
    endloop
  endfacet
  facet normal 1 0 0
    outer loop
      vertex 57.49 -3.25 2.99
      vertex 57.49 -90.16 6
      vertex 57.49 -90.16 2.99
    endloop
  endfacet
  facet normal -0.997858 0.0654131 0
    outer loop
      vertex 57.3467 -164.416 1.5
      vertex 57.49 -162.23 2.99
      vertex 57.49 -162.23 1.5
    endloop
  endfacet
  facet normal -0.997858 0.0654131 0
    outer loop
      vertex 57.49 -162.23 2.99
      vertex 57.3467 -164.416 1.5
      vertex 57.3467 -164.416 2.99
    endloop
  endfacet
  facet normal -0.980791 0.195063 0
    outer loop
      vertex 56.9193 -166.565 1.5
      vertex 57.3467 -164.416 2.99
      vertex 57.3467 -164.416 1.5
    endloop
  endfacet
  facet normal -0.980791 0.195063 0
    outer loop
      vertex 57.3467 -164.416 2.99
      vertex 56.9193 -166.565 1.5
      vertex 56.9193 -166.565 2.99
    endloop
  endfacet
  facet normal -0.94694 0.321412 0
    outer loop
      vertex 56.215 -168.64 1.5
      vertex 56.9193 -166.565 2.99
      vertex 56.9193 -166.565 1.5
    endloop
  endfacet
  facet normal -0.94694 0.321412 0
    outer loop
      vertex 56.9193 -166.565 2.99
      vertex 56.215 -168.64 1.5
      vertex 56.215 -168.64 2.99
    endloop
  endfacet
  facet normal -0.89686 0.442314 0
    outer loop
      vertex 55.2459 -170.605 1.5
      vertex 56.215 -168.64 2.99
      vertex 56.215 -168.64 1.5
    endloop
  endfacet
  facet normal -0.89686 0.442314 0
    outer loop
      vertex 56.215 -168.64 2.99
      vertex 55.2459 -170.605 1.5
      vertex 55.2459 -170.605 2.99
    endloop
  endfacet
  facet normal -0.831516 0.5555 0
    outer loop
      vertex 54.0287 -172.427 1.5
      vertex 55.2459 -170.605 2.99
      vertex 55.2459 -170.605 1.5
    endloop
  endfacet
  facet normal -0.831516 0.5555 0
    outer loop
      vertex 55.2459 -170.605 2.99
      vertex 54.0287 -172.427 1.5
      vertex 54.0287 -172.427 2.99
    endloop
  endfacet
  facet normal -0.751638 0.659575 0
    outer loop
      vertex 52.9827 -173.619 1.5
      vertex 54.0287 -172.427 2.99
      vertex 54.0287 -172.427 1.5
    endloop
  endfacet
  facet normal -0.751638 0.659575 0
    outer loop
      vertex 54.0287 -172.427 2.99
      vertex 52.9827 -173.619 1.5
      vertex 52.9827 -173.619 2.99
    endloop
  endfacet
  facet normal -0.442275 0.89688 0
    outer loop
      vertex 48.03 -177.271 1.5
      vertex 47.1499 -177.705 2.99
      vertex 48.03 -177.271 2.99
    endloop
  endfacet
  facet normal -0.442275 0.89688 0
    outer loop
      vertex 47.1499 -177.705 2.99
      vertex 48.03 -177.271 1.5
      vertex 47.1499 -177.705 1.5
    endloop
  endfacet
  facet normal -0.321331 0.946967 0
    outer loop
      vertex 47.1499 -177.705 1.5
      vertex 45.0752 -178.409 2.99
      vertex 47.1499 -177.705 2.99
    endloop
  endfacet
  facet normal -0.321331 0.946967 0
    outer loop
      vertex 45.0752 -178.409 2.99
      vertex 47.1499 -177.705 1.5
      vertex 45.0752 -178.409 1.5
    endloop
  endfacet
  facet normal -0.195335 0.980737 0
    outer loop
      vertex 45.0752 -178.409 1.5
      vertex 42.9263 -178.837 2.99
      vertex 45.0752 -178.409 2.99
    endloop
  endfacet
  facet normal -0.195335 0.980737 0
    outer loop
      vertex 42.9263 -178.837 2.99
      vertex 45.0752 -178.409 1.5
      vertex 42.9263 -178.837 1.5
    endloop
  endfacet
  facet normal -0.0652678 0.997868 0
    outer loop
      vertex 42.9263 -178.837 1.5
      vertex 40.74 -178.98 2.99
      vertex 42.9263 -178.837 2.99
    endloop
  endfacet
  facet normal -0.0652678 0.997868 0
    outer loop
      vertex 40.74 -178.98 2.99
      vertex 42.9263 -178.837 1.5
      vertex 40.74 -178.98 1.5
    endloop
  endfacet
  facet normal 0 1 -0
    outer loop
      vertex 22.87 -178.98 1.5
      vertex 20 -178.98 2.99
      vertex 22.87 -178.98 2.99
    endloop
  endfacet
  facet normal 0 1 0
    outer loop
      vertex 20 -178.98 2.99
      vertex 22.87 -178.98 1.5
      vertex 20 -178.98 1.5
    endloop
  endfacet
  facet normal 0 1 -0
    outer loop
      vertex 40.74 -178.98 1.5
      vertex 37.87 -178.98 2.99
      vertex 40.74 -178.98 2.99
    endloop
  endfacet
  facet normal 0 1 0
    outer loop
      vertex 37.87 -178.98 2.99
      vertex 40.74 -178.98 1.5
      vertex 37.87 -178.98 1.5
    endloop
  endfacet
  facet normal 1 -0 0
    outer loop
      vertex 22.87 -180.18 2.99
      vertex 22.87 -178.98 1.5
      vertex 22.87 -178.98 2.99
    endloop
  endfacet
  facet normal 1 0 0
    outer loop
      vertex 22.87 -178.98 1.5
      vertex 22.87 -180.18 2.99
      vertex 22.87 -180.18 1.5
    endloop
  endfacet
  facet normal -1 0 0
    outer loop
      vertex 37.87 -180.18 1.5
      vertex 37.87 -178.98 2.99
      vertex 37.87 -178.98 1.5
    endloop
  endfacet
  facet normal -1 -0 0
    outer loop
      vertex 37.87 -178.98 2.99
      vertex 37.87 -180.18 1.5
      vertex 37.87 -180.18 2.99
    endloop
  endfacet
  facet normal 0 0 1
    outer loop
      vertex 5.07 -83.55 2.99
      vertex 4.54999 -83.55 2.99
      vertex 5.07 -88.95 2.99
    endloop
  endfacet
  facet normal -0 0 1
    outer loop
      vertex 5.07 -88.95 2.99
      vertex 10.47 -89.55 2.99
      vertex 10.47 -88.95 2.99
    endloop
  endfacet
  facet normal 0 0 1
    outer loop
      vertex 5.07 -88.95 2.99
      vertex 4.54999 -89.55 2.99
      vertex 10.47 -89.55 2.99
    endloop
  endfacet
  facet normal 0 0 1
    outer loop
      vertex 4.54999 -89.55 2.99
      vertex 5.07 -88.95 2.99
      vertex 4.54999 -83.55 2.99
    endloop
  endfacet
  facet normal 1 -0 0
    outer loop
      vertex 5.07 -88.95 2.99
      vertex 5.07 -83.55 1.5
      vertex 5.07 -83.55 2.99
    endloop
  endfacet
  facet normal 1 0 0
    outer loop
      vertex 5.07 -83.55 1.5
      vertex 5.07 -88.95 2.99
      vertex 5.07 -88.95 1.5
    endloop
  endfacet
  facet normal 0 1 -0
    outer loop
      vertex 5.07 -83.55 1.5
      vertex 4.54999 -83.55 2.99
      vertex 5.07 -83.55 2.99
    endloop
  endfacet
  facet normal 0 1 0
    outer loop
      vertex 4.54999 -83.55 2.99
      vertex 5.07 -83.55 1.5
      vertex 4.54999 -83.55 1.5
    endloop
  endfacet
  facet normal 0 -1 0
    outer loop
      vertex 4.54999 -89.55 1.5
      vertex 10.47 -89.55 2.99
      vertex 4.54999 -89.55 2.99
    endloop
  endfacet
  facet normal 0 -1 -0
    outer loop
      vertex 10.47 -89.55 2.99
      vertex 4.54999 -89.55 1.5
      vertex 10.47 -89.55 1.5
    endloop
  endfacet
  facet normal 1 -0 0
    outer loop
      vertex 10.47 -89.55 2.99
      vertex 10.47 -88.95 1.5
      vertex 10.47 -88.95 2.99
    endloop
  endfacet
  facet normal 1 0 0
    outer loop
      vertex 10.47 -88.95 1.5
      vertex 10.47 -89.55 2.99
      vertex 10.47 -89.55 1.5
    endloop
  endfacet
  facet normal 0 1 -0
    outer loop
      vertex 10.47 -88.95 1.5
      vertex 5.07 -88.95 2.99
      vertex 10.47 -88.95 2.99
    endloop
  endfacet
  facet normal 0 1 0
    outer loop
      vertex 5.07 -88.95 2.99
      vertex 10.47 -88.95 1.5
      vertex 5.07 -88.95 1.5
    endloop
  endfacet
  facet normal 0 0 1
    outer loop
      vertex 10.47 -2.75 2.99
      vertex 5.07 -3.35 2.99
      vertex 10.47 -3.35 2.99
    endloop
  endfacet
  facet normal 0 0 1
    outer loop
      vertex 4.54999 -8.75 2.99
      vertex 5.07 -3.35 2.99
      vertex 4.54999 -3.25 2.99
    endloop
  endfacet
  facet normal -0 0 1
    outer loop
      vertex 4.47 -2.75 2.99
      vertex 5.07 -3.35 2.99
      vertex 10.47 -2.75 2.99
    endloop
  endfacet
  facet normal 0 0 1
    outer loop
      vertex 5.07 -3.35 2.99
      vertex 4.47 -2.75 2.99
      vertex 4.54999 -3.25 2.99
    endloop
  endfacet
  facet normal 0 0 1
    outer loop
      vertex 4.54999 -3.25 2.99
      vertex 4.47 -2.75 2.99
      vertex 4.47 -3.25 2.99
    endloop
  endfacet
  facet normal 0 0 1
    outer loop
      vertex 5.07 -3.35 2.99
      vertex 4.54999 -8.75 2.99
      vertex 5.07 -8.75 2.99
    endloop
  endfacet
  facet normal 1 -0 0
    outer loop
      vertex 5.07 -8.75 2.99
      vertex 5.07 -3.35 1.5
      vertex 5.07 -3.35 2.99
    endloop
  endfacet
  facet normal 1 0 0
    outer loop
      vertex 5.07 -3.35 1.5
      vertex 5.07 -8.75 2.99
      vertex 5.07 -8.75 1.5
    endloop
  endfacet
  facet normal 0 -1 0
    outer loop
      vertex 4.54999 -8.75 1.5
      vertex 5.07 -8.75 2.99
      vertex 4.54999 -8.75 2.99
    endloop
  endfacet
  facet normal 0 -1 -0
    outer loop
      vertex 5.07 -8.75 2.99
      vertex 4.54999 -8.75 1.5
      vertex 5.07 -8.75 1.5
    endloop
  endfacet
  facet normal 0 0 0
    outer loop
      vertex 10.47 -3.35 2.99
      vertex 10.47 -3.25 2.99
      vertex 10.47 -2.75 2.99
    endloop
  endfacet
  facet normal 1 -0 0
    outer loop
      vertex 10.47 -3.35 2.99
      vertex 10.47 -3.25 1.5
      vertex 10.47 -3.25 2.99
    endloop
  endfacet
  facet normal 1 0 0
    outer loop
      vertex 10.47 -3.25 1.5
      vertex 10.47 -3.35 2.99
      vertex 10.47 -3.35 1.5
    endloop
  endfacet
  facet normal 0 -1 0
    outer loop
      vertex 5.07 -3.35 1.5
      vertex 10.47 -3.35 2.99
      vertex 5.07 -3.35 2.99
    endloop
  endfacet
  facet normal 0 -1 -0
    outer loop
      vertex 10.47 -3.35 2.99
      vertex 5.07 -3.35 1.5
      vertex 10.47 -3.35 1.5
    endloop
  endfacet
  facet normal -1 0 0
    outer loop
      vertex 55.67 -88.95 1.5
      vertex 55.67 -83.55 2.99
      vertex 55.67 -83.55 1.5
    endloop
  endfacet
  facet normal -1 -0 0
    outer loop
      vertex 55.67 -83.55 2.99
      vertex 55.67 -88.95 1.5
      vertex 55.67 -88.95 2.99
    endloop
  endfacet
  facet normal 0 0 1
    outer loop
      vertex 55.67 -88.95 2.99
      vertex 56.19 -83.55 2.99
      vertex 55.67 -83.55 2.99
    endloop
  endfacet
  facet normal 0 0 1
    outer loop
      vertex 56.19 -83.55 2.99
      vertex 55.67 -88.95 2.99
      vertex 56.19 -89.55 2.99
    endloop
  endfacet
  facet normal 0 0 1
    outer loop
      vertex 50.27 -89.55 2.99
      vertex 55.67 -88.95 2.99
      vertex 50.27 -88.95 2.99
    endloop
  endfacet
  facet normal 0 0 1
    outer loop
      vertex 55.67 -88.95 2.99
      vertex 50.27 -89.55 2.99
      vertex 56.19 -89.55 2.99
    endloop
  endfacet
  facet normal 0 -1 0
    outer loop
      vertex 50.27 -89.55 1.5
      vertex 56.19 -89.55 2.99
      vertex 50.27 -89.55 2.99
    endloop
  endfacet
  facet normal 0 -1 -0
    outer loop
      vertex 56.19 -89.55 2.99
      vertex 50.27 -89.55 1.5
      vertex 56.19 -89.55 1.5
    endloop
  endfacet
  facet normal 0 1 -0
    outer loop
      vertex 56.19 -83.55 1.5
      vertex 55.67 -83.55 2.99
      vertex 56.19 -83.55 2.99
    endloop
  endfacet
  facet normal 0 1 0
    outer loop
      vertex 55.67 -83.55 2.99
      vertex 56.19 -83.55 1.5
      vertex 55.67 -83.55 1.5
    endloop
  endfacet
  facet normal -1 0 0
    outer loop
      vertex 50.27 -89.55 1.5
      vertex 50.27 -88.95 2.99
      vertex 50.27 -88.95 1.5
    endloop
  endfacet
  facet normal -1 -0 0
    outer loop
      vertex 50.27 -88.95 2.99
      vertex 50.27 -89.55 1.5
      vertex 50.27 -89.55 2.99
    endloop
  endfacet
  facet normal 0 1 -0
    outer loop
      vertex 55.67 -88.95 1.5
      vertex 50.27 -88.95 2.99
      vertex 55.67 -88.95 2.99
    endloop
  endfacet
  facet normal 0 1 0
    outer loop
      vertex 50.27 -88.95 2.99
      vertex 55.67 -88.95 1.5
      vertex 50.27 -88.95 1.5
    endloop
  endfacet
  facet normal -1 0 0
    outer loop
      vertex 55.67 -8.75 1.5
      vertex 55.67 -3.35 2.99
      vertex 55.67 -3.35 1.5
    endloop
  endfacet
  facet normal -1 -0 0
    outer loop
      vertex 55.67 -3.35 2.99
      vertex 55.67 -8.75 1.5
      vertex 55.67 -8.75 2.99
    endloop
  endfacet
  facet normal 0 0 1
    outer loop
      vertex 56.27 -2.75 2.99
      vertex 56.19 -3.25 2.99
      vertex 56.27 -3.25 2.99
    endloop
  endfacet
  facet normal 0 0 1
    outer loop
      vertex 56.19 -3.25 2.99
      vertex 55.67 -3.35 2.99
      vertex 56.19 -8.75 2.99
    endloop
  endfacet
  facet normal 0 0 1
    outer loop
      vertex 56.27 -2.75 2.99
      vertex 55.67 -3.35 2.99
      vertex 56.19 -3.25 2.99
    endloop
  endfacet
  facet normal -0 0 1
    outer loop
      vertex 50.27 -2.75 2.99
      vertex 55.67 -3.35 2.99
      vertex 56.27 -2.75 2.99
    endloop
  endfacet
  facet normal 0 0 1
    outer loop
      vertex 55.67 -3.35 2.99
      vertex 50.27 -2.75 2.99
      vertex 50.27 -3.35 2.99
    endloop
  endfacet
  facet normal 0 0 1
    outer loop
      vertex 56.19 -8.75 2.99
      vertex 55.67 -3.35 2.99
      vertex 55.67 -8.75 2.99
    endloop
  endfacet
  facet normal 0 -1 0
    outer loop
      vertex 55.67 -8.75 1.5
      vertex 56.19 -8.75 2.99
      vertex 55.67 -8.75 2.99
    endloop
  endfacet
  facet normal 0 -1 -0
    outer loop
      vertex 56.19 -8.75 2.99
      vertex 55.67 -8.75 1.5
      vertex 56.19 -8.75 1.5
    endloop
  endfacet
  facet normal -1 0 0
    outer loop
      vertex 50.27 -3.25 1.5
      vertex 50.27 -3.35 1.5
      vertex 50.27 -3.25 2.99
    endloop
  endfacet
  facet normal 0 0 0
    outer loop
      vertex 50.27 -3.25 2.99
      vertex 50.27 -3.35 2.99
      vertex 50.27 -2.75 2.99
    endloop
  endfacet
  facet normal -1 0 0
    outer loop
      vertex 50.27 -3.35 2.99
      vertex 50.27 -3.25 2.99
      vertex 50.27 -3.35 1.5
    endloop
  endfacet
  facet normal 0 -1 0
    outer loop
      vertex 50.27 -3.35 1.5
      vertex 55.67 -3.35 2.99
      vertex 50.27 -3.35 2.99
    endloop
  endfacet
  facet normal 0 -1 -0
    outer loop
      vertex 55.67 -3.35 2.99
      vertex 50.27 -3.35 1.5
      vertex 55.67 -3.35 1.5
    endloop
  endfacet
  facet normal -1 0 0
    outer loop
      vertex 12.37 -2.04999 2.99
      vertex 12.37 -1.95 4.39001
      vertex 12.37 -1.95 1.5
    endloop
  endfacet
  facet normal -1 0 0
    outer loop
      vertex 12.37 -2.95 2.99
      vertex 12.37 -1.95 4.39001
      vertex 12.37 -2.04999 2.99
    endloop
  endfacet
  facet normal -1 0 0
    outer loop
      vertex 12.37 -2.04999 2.99
      vertex 12.37 -1.95 1.5
      vertex 12.37 -2.04999 1.5
    endloop
  endfacet
  facet normal -1 0 0
    outer loop
      vertex 12.37 -2.95 5.89
      vertex 12.37 -1.95 4.39001
      vertex 12.37 -2.95 2.99
    endloop
  endfacet
  facet normal -1 0 0
    outer loop
      vertex 12.37 -1.95 4.39001
      vertex 12.37 -2.95 5.89
      vertex 12.37 -1.95 5.58999
    endloop
  endfacet
  facet normal -1 0 0
    outer loop
      vertex 12.37 -1.95 5.58999
      vertex 12.37 -2.95 5.89
      vertex 12.37 -1.95 5.89
    endloop
  endfacet
  facet normal -1 -0 0
    outer loop
      vertex 12.37 -1.55001 4.99
      vertex 12.37 -1.95 4.39001
      vertex 12.37 -1.95 5.58999
    endloop
  endfacet
  facet normal -0 0 1
    outer loop
      vertex 12.37 -1.95 5.89
      vertex 20.37 -2.95 5.89
      vertex 20.37 -1.95 5.89
    endloop
  endfacet
  facet normal 0 0 1
    outer loop
      vertex 20.37 -2.95 5.89
      vertex 12.37 -1.95 5.89
      vertex 12.37 -2.95 5.89
    endloop
  endfacet
  facet normal 1 -0 0
    outer loop
      vertex 20.37 -2.95 5.89
      vertex 20.37 -1.95 5.58999
      vertex 20.37 -1.95 5.89
    endloop
  endfacet
  facet normal 1 0 0
    outer loop
      vertex 20.37 -1.95 5.58999
      vertex 20.37 -2.95 5.89
      vertex 20.37 -1.95 4.39001
    endloop
  endfacet
  facet normal 1 0 0
    outer loop
      vertex 20.37 -1.95 4.39001
      vertex 20.37 -2.04999 2.99
      vertex 20.37 -1.95 1.5
    endloop
  endfacet
  facet normal 1 0 0
    outer loop
      vertex 20.37 -2.95 2.99
      vertex 20.37 -1.95 4.39001
      vertex 20.37 -2.95 5.89
    endloop
  endfacet
  facet normal 1 0 0
    outer loop
      vertex 20.37 -1.95 4.39001
      vertex 20.37 -2.95 2.99
      vertex 20.37 -2.04999 2.99
    endloop
  endfacet
  facet normal 1 0 0
    outer loop
      vertex 20.37 -1.55001 4.99
      vertex 20.37 -1.95 5.58999
      vertex 20.37 -1.95 4.39001
    endloop
  endfacet
  facet normal 1 0 0
    outer loop
      vertex 20.37 -1.95 1.5
      vertex 20.37 -2.04999 2.99
      vertex 20.37 -2.04999 1.5
    endloop
  endfacet
  facet normal 0 1 -0
    outer loop
      vertex 20.37 -1.95 1.5
      vertex 12.37 -1.95 4.39001
      vertex 20.37 -1.95 4.39001
    endloop
  endfacet
  facet normal 0 1 0
    outer loop
      vertex 12.37 -1.95 4.39001
      vertex 20.37 -1.95 1.5
      vertex 12.37 -1.95 1.5
    endloop
  endfacet
  facet normal 0 1 -0
    outer loop
      vertex 20.37 -1.95 5.58999
      vertex 12.37 -1.95 5.89
      vertex 20.37 -1.95 5.89
    endloop
  endfacet
  facet normal 0 1 0
    outer loop
      vertex 12.37 -1.95 5.89
      vertex 20.37 -1.95 5.58999
      vertex 12.37 -1.95 5.58999
    endloop
  endfacet
  facet normal 0 -1 0
    outer loop
      vertex 12.37 -2.95 2.99
      vertex 20.37 -2.95 5.89
      vertex 12.37 -2.95 5.89
    endloop
  endfacet
  facet normal 0 -1 -0
    outer loop
      vertex 20.37 -2.95 5.89
      vertex 12.37 -2.95 2.99
      vertex 20.37 -2.95 2.99
    endloop
  endfacet
  facet normal 0 0.832052 -0.554697
    outer loop
      vertex 20.37 -1.95 4.39001
      vertex 12.37 -1.55001 4.99
      vertex 20.37 -1.55001 4.99
    endloop
  endfacet
  facet normal 0 0.832052 -0.554697
    outer loop
      vertex 12.37 -1.55001 4.99
      vertex 20.37 -1.95 4.39001
      vertex 12.37 -1.95 4.39001
    endloop
  endfacet
  facet normal 0 0.832052 0.554697
    outer loop
      vertex 20.37 -1.55001 4.99
      vertex 12.37 -1.95 5.58999
      vertex 20.37 -1.95 5.58999
    endloop
  endfacet
  facet normal 0 0.832052 0.554697
    outer loop
      vertex 12.37 -1.95 5.58999
      vertex 20.37 -1.55001 4.99
      vertex 12.37 -1.55001 4.99
    endloop
  endfacet
  facet normal -1 0 0
    outer loop
      vertex 40.37 -2.04999 2.99
      vertex 40.37 -1.95 4.39001
      vertex 40.37 -1.95 1.5
    endloop
  endfacet
  facet normal -1 0 0
    outer loop
      vertex 40.37 -2.95 2.99
      vertex 40.37 -1.95 4.39001
      vertex 40.37 -2.04999 2.99
    endloop
  endfacet
  facet normal -1 0 0
    outer loop
      vertex 40.37 -2.04999 2.99
      vertex 40.37 -1.95 1.5
      vertex 40.37 -2.04999 1.5
    endloop
  endfacet
  facet normal -1 0 0
    outer loop
      vertex 40.37 -2.95 5.89
      vertex 40.37 -1.95 4.39001
      vertex 40.37 -2.95 2.99
    endloop
  endfacet
  facet normal -1 0 0
    outer loop
      vertex 40.37 -1.95 4.39001
      vertex 40.37 -2.95 5.89
      vertex 40.37 -1.95 5.58999
    endloop
  endfacet
  facet normal -1 0 0
    outer loop
      vertex 40.37 -1.95 5.58999
      vertex 40.37 -2.95 5.89
      vertex 40.37 -1.95 5.89
    endloop
  endfacet
  facet normal -1 -0 0
    outer loop
      vertex 40.37 -1.55001 4.99
      vertex 40.37 -1.95 4.39001
      vertex 40.37 -1.95 5.58999
    endloop
  endfacet
  facet normal -0 0 1
    outer loop
      vertex 40.37 -1.95 5.89
      vertex 48.37 -2.95 5.89
      vertex 48.37 -1.95 5.89
    endloop
  endfacet
  facet normal 0 0 1
    outer loop
      vertex 48.37 -2.95 5.89
      vertex 40.37 -1.95 5.89
      vertex 40.37 -2.95 5.89
    endloop
  endfacet
  facet normal 1 -0 0
    outer loop
      vertex 48.37 -2.95 5.89
      vertex 48.37 -1.95 5.58999
      vertex 48.37 -1.95 5.89
    endloop
  endfacet
  facet normal 1 0 0
    outer loop
      vertex 48.37 -1.95 5.58999
      vertex 48.37 -2.95 5.89
      vertex 48.37 -1.95 4.39001
    endloop
  endfacet
  facet normal 1 0 0
    outer loop
      vertex 48.37 -1.95 4.39001
      vertex 48.37 -2.04999 2.99
      vertex 48.37 -1.95 1.5
    endloop
  endfacet
  facet normal 1 0 0
    outer loop
      vertex 48.37 -2.95 2.99
      vertex 48.37 -1.95 4.39001
      vertex 48.37 -2.95 5.89
    endloop
  endfacet
  facet normal 1 0 0
    outer loop
      vertex 48.37 -1.95 4.39001
      vertex 48.37 -2.95 2.99
      vertex 48.37 -2.04999 2.99
    endloop
  endfacet
  facet normal 1 0 0
    outer loop
      vertex 48.37 -1.55001 4.99
      vertex 48.37 -1.95 5.58999
      vertex 48.37 -1.95 4.39001
    endloop
  endfacet
  facet normal 1 0 0
    outer loop
      vertex 48.37 -1.95 1.5
      vertex 48.37 -2.04999 2.99
      vertex 48.37 -2.04999 1.5
    endloop
  endfacet
  facet normal 0 1 -0
    outer loop
      vertex 48.37 -1.95 1.5
      vertex 40.37 -1.95 4.39001
      vertex 48.37 -1.95 4.39001
    endloop
  endfacet
  facet normal 0 1 0
    outer loop
      vertex 40.37 -1.95 4.39001
      vertex 48.37 -1.95 1.5
      vertex 40.37 -1.95 1.5
    endloop
  endfacet
  facet normal 0 1 -0
    outer loop
      vertex 48.37 -1.95 5.58999
      vertex 40.37 -1.95 5.89
      vertex 48.37 -1.95 5.89
    endloop
  endfacet
  facet normal 0 1 0
    outer loop
      vertex 40.37 -1.95 5.89
      vertex 48.37 -1.95 5.58999
      vertex 40.37 -1.95 5.58999
    endloop
  endfacet
  facet normal 0 -1 0
    outer loop
      vertex 40.37 -2.95 2.99
      vertex 48.37 -2.95 5.89
      vertex 40.37 -2.95 5.89
    endloop
  endfacet
  facet normal 0 -1 -0
    outer loop
      vertex 48.37 -2.95 5.89
      vertex 40.37 -2.95 2.99
      vertex 48.37 -2.95 2.99
    endloop
  endfacet
  facet normal 0 0.832052 -0.554697
    outer loop
      vertex 48.37 -1.95 4.39001
      vertex 40.37 -1.55001 4.99
      vertex 48.37 -1.55001 4.99
    endloop
  endfacet
  facet normal 0 0.832052 -0.554697
    outer loop
      vertex 40.37 -1.55001 4.99
      vertex 48.37 -1.95 4.39001
      vertex 40.37 -1.95 4.39001
    endloop
  endfacet
  facet normal 0 0.832052 0.554697
    outer loop
      vertex 48.37 -1.55001 4.99
      vertex 40.37 -1.95 5.58999
      vertex 48.37 -1.95 5.58999
    endloop
  endfacet
  facet normal 0 0.832052 0.554697
    outer loop
      vertex 40.37 -1.95 5.58999
      vertex 48.37 -1.55001 4.99
      vertex 40.37 -1.55001 4.99
    endloop
  endfacet
  facet normal -0 0 1
    outer loop
      vertex 56.19 -3.25 6
      vertex 57.49 -90.16 6
      vertex 57.49 -3.25 6
    endloop
  endfacet
  facet normal 0 0 1
    outer loop
      vertex 57.49 -90.16 6
      vertex 56.19 -3.25 6
      vertex 56.19 -90.16 6
    endloop
  endfacet
  facet normal -0 0 1
    outer loop
      vertex 3.25 -3.25 6
      vertex 4.54999 -90.16 6
      vertex 4.54999 -3.25 6
    endloop
  endfacet
  facet normal 0 0 1
    outer loop
      vertex 4.54999 -90.16 6
      vertex 3.25 -3.25 6
      vertex 3.25 -90.16 6
    endloop
  endfacet
  facet normal 0 0 1
    outer loop
      vertex 30.3412 -106.637 6
      vertex 30.3412 -107.223 6
      vertex 30.37 -106.93 6
    endloop
  endfacet
  facet normal 0 0 1
    outer loop
      vertex 30.2558 -106.356 6
      vertex 30.3412 -107.223 6
      vertex 30.3412 -106.637 6
    endloop
  endfacet
  facet normal 0 0 1
    outer loop
      vertex 30.2558 -106.356 6
      vertex 30.2558 -107.504 6
      vertex 30.3412 -107.223 6
    endloop
  endfacet
  facet normal 0 0 1
    outer loop
      vertex 30.1172 -106.097 6
      vertex 30.2558 -107.504 6
      vertex 30.2558 -106.356 6
    endloop
  endfacet
  facet normal 0 0 1
    outer loop
      vertex 30.1172 -106.097 6
      vertex 30.1172 -107.763 6
      vertex 30.2558 -107.504 6
    endloop
  endfacet
  facet normal 0 0 1
    outer loop
      vertex 29.9306 -105.869 6
      vertex 30.1172 -107.763 6
      vertex 30.1172 -106.097 6
    endloop
  endfacet
  facet normal 0 0 1
    outer loop
      vertex 29.9306 -105.869 6
      vertex 29.9306 -107.991 6
      vertex 30.1172 -107.763 6
    endloop
  endfacet
  facet normal 0 0 1
    outer loop
      vertex 29.7034 -105.683 6
      vertex 29.9306 -107.991 6
      vertex 29.9306 -105.869 6
    endloop
  endfacet
  facet normal 0 0 1
    outer loop
      vertex 29.7034 -105.683 6
      vertex 29.7034 -108.177 6
      vertex 29.9306 -107.991 6
    endloop
  endfacet
  facet normal 0 0 1
    outer loop
      vertex 29.444 -105.544 6
      vertex 29.7034 -108.177 6
      vertex 29.7034 -105.683 6
    endloop
  endfacet
  facet normal 0 0 1
    outer loop
      vertex 29.444 -105.544 6
      vertex 29.444 -108.316 6
      vertex 29.7034 -108.177 6
    endloop
  endfacet
  facet normal 0 0 1
    outer loop
      vertex 29.1626 -105.459 6
      vertex 29.444 -108.316 6
      vertex 29.444 -105.544 6
    endloop
  endfacet
  facet normal 0 0 1
    outer loop
      vertex 29.1626 -105.459 6
      vertex 29.1626 -108.401 6
      vertex 29.444 -108.316 6
    endloop
  endfacet
  facet normal 0 0 1
    outer loop
      vertex 28.87 -105.43 6
      vertex 29.1626 -108.401 6
      vertex 29.1626 -105.459 6
    endloop
  endfacet
  facet normal 0 0 1
    outer loop
      vertex 28.87 -105.43 6
      vertex 28.87 -108.43 6
      vertex 29.1626 -108.401 6
    endloop
  endfacet
  facet normal -0 0 1
    outer loop
      vertex 28.5774 -105.459 6
      vertex 28.87 -108.43 6
      vertex 28.87 -105.43 6
    endloop
  endfacet
  facet normal 0 0 1
    outer loop
      vertex 28.5774 -105.459 6
      vertex 28.5774 -108.401 6
      vertex 28.87 -108.43 6
    endloop
  endfacet
  facet normal -0 0 1
    outer loop
      vertex 28.296 -105.544 6
      vertex 28.5774 -108.401 6
      vertex 28.5774 -105.459 6
    endloop
  endfacet
  facet normal 0 0 1
    outer loop
      vertex 28.296 -105.544 6
      vertex 28.296 -108.316 6
      vertex 28.5774 -108.401 6
    endloop
  endfacet
  facet normal -0 0 1
    outer loop
      vertex 28.0366 -105.683 6
      vertex 28.296 -108.316 6
      vertex 28.296 -105.544 6
    endloop
  endfacet
  facet normal 0 0 1
    outer loop
      vertex 28.0366 -105.683 6
      vertex 28.0366 -108.177 6
      vertex 28.296 -108.316 6
    endloop
  endfacet
  facet normal -0 0 1
    outer loop
      vertex 27.8093 -105.869 6
      vertex 28.0366 -108.177 6
      vertex 28.0366 -105.683 6
    endloop
  endfacet
  facet normal 0 0 1
    outer loop
      vertex 27.8093 -105.869 6
      vertex 27.8093 -107.991 6
      vertex 28.0366 -108.177 6
    endloop
  endfacet
  facet normal -0 0 1
    outer loop
      vertex 27.6228 -106.097 6
      vertex 27.8093 -107.991 6
      vertex 27.8093 -105.869 6
    endloop
  endfacet
  facet normal 0 0 1
    outer loop
      vertex 27.6228 -106.097 6
      vertex 27.6228 -107.763 6
      vertex 27.8093 -107.991 6
    endloop
  endfacet
  facet normal -0 0 1
    outer loop
      vertex 27.4842 -106.356 6
      vertex 27.6228 -107.763 6
      vertex 27.6228 -106.097 6
    endloop
  endfacet
  facet normal 0 0 1
    outer loop
      vertex 27.4842 -106.356 6
      vertex 27.4842 -107.504 6
      vertex 27.6228 -107.763 6
    endloop
  endfacet
  facet normal -0 0 1
    outer loop
      vertex 27.3988 -106.637 6
      vertex 27.4842 -107.504 6
      vertex 27.4842 -106.356 6
    endloop
  endfacet
  facet normal 0 0 1
    outer loop
      vertex 27.3988 -106.637 6
      vertex 27.3988 -107.223 6
      vertex 27.4842 -107.504 6
    endloop
  endfacet
  facet normal 0 -0 1
    outer loop
      vertex 27.3988 -107.223 6
      vertex 27.3988 -106.637 6
      vertex 27.37 -106.93 6
    endloop
  endfacet
  facet normal 0 0 1
    outer loop
      vertex 20.8412 -117.637 6
      vertex 20.8412 -118.223 6
      vertex 20.87 -117.93 6
    endloop
  endfacet
  facet normal 0 0 1
    outer loop
      vertex 20.7558 -117.356 6
      vertex 20.8412 -118.223 6
      vertex 20.8412 -117.637 6
    endloop
  endfacet
  facet normal 0 0 1
    outer loop
      vertex 20.7558 -117.356 6
      vertex 20.7558 -118.504 6
      vertex 20.8412 -118.223 6
    endloop
  endfacet
  facet normal 0 0 1
    outer loop
      vertex 20.6172 -117.097 6
      vertex 20.7558 -118.504 6
      vertex 20.7558 -117.356 6
    endloop
  endfacet
  facet normal 0 0 1
    outer loop
      vertex 20.6172 -117.097 6
      vertex 20.6172 -118.763 6
      vertex 20.7558 -118.504 6
    endloop
  endfacet
  facet normal 0 0 1
    outer loop
      vertex 20.4306 -116.869 6
      vertex 20.6172 -118.763 6
      vertex 20.6172 -117.097 6
    endloop
  endfacet
  facet normal 0 0 1
    outer loop
      vertex 20.4306 -116.869 6
      vertex 20.4306 -118.991 6
      vertex 20.6172 -118.763 6
    endloop
  endfacet
  facet normal 0 0 1
    outer loop
      vertex 20.2034 -116.683 6
      vertex 20.4306 -118.991 6
      vertex 20.4306 -116.869 6
    endloop
  endfacet
  facet normal 0 0 1
    outer loop
      vertex 20.2034 -116.683 6
      vertex 20.2034 -119.177 6
      vertex 20.4306 -118.991 6
    endloop
  endfacet
  facet normal 0 0 1
    outer loop
      vertex 19.944 -116.544 6
      vertex 20.2034 -119.177 6
      vertex 20.2034 -116.683 6
    endloop
  endfacet
  facet normal 0 0 1
    outer loop
      vertex 19.944 -116.544 6
      vertex 19.944 -119.316 6
      vertex 20.2034 -119.177 6
    endloop
  endfacet
  facet normal 0 0 1
    outer loop
      vertex 19.6626 -116.459 6
      vertex 19.944 -119.316 6
      vertex 19.944 -116.544 6
    endloop
  endfacet
  facet normal 0 0 1
    outer loop
      vertex 19.6626 -116.459 6
      vertex 19.6626 -119.401 6
      vertex 19.944 -119.316 6
    endloop
  endfacet
  facet normal 0 0 1
    outer loop
      vertex 19.37 -116.43 6
      vertex 19.6626 -119.401 6
      vertex 19.6626 -116.459 6
    endloop
  endfacet
  facet normal 0 0 1
    outer loop
      vertex 19.37 -116.43 6
      vertex 19.37 -119.43 6
      vertex 19.6626 -119.401 6
    endloop
  endfacet
  facet normal -0 0 1
    outer loop
      vertex 19.0774 -116.459 6
      vertex 19.37 -119.43 6
      vertex 19.37 -116.43 6
    endloop
  endfacet
  facet normal 0 0 1
    outer loop
      vertex 19.0774 -116.459 6
      vertex 19.0774 -119.401 6
      vertex 19.37 -119.43 6
    endloop
  endfacet
  facet normal -0 0 1
    outer loop
      vertex 18.796 -116.544 6
      vertex 19.0774 -119.401 6
      vertex 19.0774 -116.459 6
    endloop
  endfacet
  facet normal 0 0 1
    outer loop
      vertex 18.796 -116.544 6
      vertex 18.796 -119.316 6
      vertex 19.0774 -119.401 6
    endloop
  endfacet
  facet normal -0 0 1
    outer loop
      vertex 18.5366 -116.683 6
      vertex 18.796 -119.316 6
      vertex 18.796 -116.544 6
    endloop
  endfacet
  facet normal 0 0 1
    outer loop
      vertex 18.5366 -116.683 6
      vertex 18.5366 -119.177 6
      vertex 18.796 -119.316 6
    endloop
  endfacet
  facet normal -0 0 1
    outer loop
      vertex 18.3093 -116.869 6
      vertex 18.5366 -119.177 6
      vertex 18.5366 -116.683 6
    endloop
  endfacet
  facet normal 0 0 1
    outer loop
      vertex 18.3093 -116.869 6
      vertex 18.3093 -118.991 6
      vertex 18.5366 -119.177 6
    endloop
  endfacet
  facet normal -0 0 1
    outer loop
      vertex 18.1228 -117.097 6
      vertex 18.3093 -118.991 6
      vertex 18.3093 -116.869 6
    endloop
  endfacet
  facet normal 0 0 1
    outer loop
      vertex 18.1228 -117.097 6
      vertex 18.1228 -118.763 6
      vertex 18.3093 -118.991 6
    endloop
  endfacet
  facet normal -0 0 1
    outer loop
      vertex 17.9842 -117.356 6
      vertex 18.1228 -118.763 6
      vertex 18.1228 -117.097 6
    endloop
  endfacet
  facet normal 0 0 1
    outer loop
      vertex 17.9842 -117.356 6
      vertex 17.9842 -118.504 6
      vertex 18.1228 -118.763 6
    endloop
  endfacet
  facet normal -0 0 1
    outer loop
      vertex 17.8988 -117.637 6
      vertex 17.9842 -118.504 6
      vertex 17.9842 -117.356 6
    endloop
  endfacet
  facet normal 0 0 1
    outer loop
      vertex 17.8988 -117.637 6
      vertex 17.8988 -118.223 6
      vertex 17.9842 -118.504 6
    endloop
  endfacet
  facet normal 0 -0 1
    outer loop
      vertex 17.8988 -118.223 6
      vertex 17.8988 -117.637 6
      vertex 17.87 -117.93 6
    endloop
  endfacet
  facet normal 0 0 1
    outer loop
      vertex 41.6412 -117.637 6
      vertex 41.6412 -118.223 6
      vertex 41.67 -117.93 6
    endloop
  endfacet
  facet normal 0 0 1
    outer loop
      vertex 41.5558 -117.356 6
      vertex 41.6412 -118.223 6
      vertex 41.6412 -117.637 6
    endloop
  endfacet
  facet normal 0 0 1
    outer loop
      vertex 41.5558 -117.356 6
      vertex 41.5558 -118.504 6
      vertex 41.6412 -118.223 6
    endloop
  endfacet
  facet normal 0 0 1
    outer loop
      vertex 41.4172 -117.097 6
      vertex 41.5558 -118.504 6
      vertex 41.5558 -117.356 6
    endloop
  endfacet
  facet normal 0 0 1
    outer loop
      vertex 41.4172 -117.097 6
      vertex 41.4172 -118.763 6
      vertex 41.5558 -118.504 6
    endloop
  endfacet
  facet normal 0 0 1
    outer loop
      vertex 41.2307 -116.869 6
      vertex 41.4172 -118.763 6
      vertex 41.4172 -117.097 6
    endloop
  endfacet
  facet normal 0 0 1
    outer loop
      vertex 41.2307 -116.869 6
      vertex 41.2307 -118.991 6
      vertex 41.4172 -118.763 6
    endloop
  endfacet
  facet normal 0 0 1
    outer loop
      vertex 41.0033 -116.683 6
      vertex 41.2307 -118.991 6
      vertex 41.2307 -116.869 6
    endloop
  endfacet
  facet normal 0 0 1
    outer loop
      vertex 41.0033 -116.683 6
      vertex 41.0033 -119.177 6
      vertex 41.2307 -118.991 6
    endloop
  endfacet
  facet normal 0 0 1
    outer loop
      vertex 40.744 -116.544 6
      vertex 41.0033 -119.177 6
      vertex 41.0033 -116.683 6
    endloop
  endfacet
  facet normal 0 0 1
    outer loop
      vertex 40.744 -116.544 6
      vertex 40.744 -119.316 6
      vertex 41.0033 -119.177 6
    endloop
  endfacet
  facet normal 0 0 1
    outer loop
      vertex 40.4626 -116.459 6
      vertex 40.744 -119.316 6
      vertex 40.744 -116.544 6
    endloop
  endfacet
  facet normal 0 0 1
    outer loop
      vertex 40.4626 -116.459 6
      vertex 40.4626 -119.401 6
      vertex 40.744 -119.316 6
    endloop
  endfacet
  facet normal 0 0 1
    outer loop
      vertex 40.17 -116.43 6
      vertex 40.4626 -119.401 6
      vertex 40.4626 -116.459 6
    endloop
  endfacet
  facet normal 0 0 1
    outer loop
      vertex 40.17 -116.43 6
      vertex 40.17 -119.43 6
      vertex 40.4626 -119.401 6
    endloop
  endfacet
  facet normal -0 0 1
    outer loop
      vertex 39.8773 -116.459 6
      vertex 40.17 -119.43 6
      vertex 40.17 -116.43 6
    endloop
  endfacet
  facet normal 0 0 1
    outer loop
      vertex 39.8773 -116.459 6
      vertex 39.8773 -119.401 6
      vertex 40.17 -119.43 6
    endloop
  endfacet
  facet normal -0 0 1
    outer loop
      vertex 39.596 -116.544 6
      vertex 39.8773 -119.401 6
      vertex 39.8773 -116.459 6
    endloop
  endfacet
  facet normal 0 0 1
    outer loop
      vertex 39.596 -116.544 6
      vertex 39.596 -119.316 6
      vertex 39.8773 -119.401 6
    endloop
  endfacet
  facet normal -0 0 1
    outer loop
      vertex 39.3366 -116.683 6
      vertex 39.596 -119.316 6
      vertex 39.596 -116.544 6
    endloop
  endfacet
  facet normal 0 0 1
    outer loop
      vertex 39.3366 -116.683 6
      vertex 39.3366 -119.177 6
      vertex 39.596 -119.316 6
    endloop
  endfacet
  facet normal -0 0 1
    outer loop
      vertex 39.1093 -116.869 6
      vertex 39.3366 -119.177 6
      vertex 39.3366 -116.683 6
    endloop
  endfacet
  facet normal 0 0 1
    outer loop
      vertex 39.1093 -116.869 6
      vertex 39.1093 -118.991 6
      vertex 39.3366 -119.177 6
    endloop
  endfacet
  facet normal -0 0 1
    outer loop
      vertex 38.9228 -117.097 6
      vertex 39.1093 -118.991 6
      vertex 39.1093 -116.869 6
    endloop
  endfacet
  facet normal 0 0 1
    outer loop
      vertex 38.9228 -117.097 6
      vertex 38.9228 -118.763 6
      vertex 39.1093 -118.991 6
    endloop
  endfacet
  facet normal -0 0 1
    outer loop
      vertex 38.7842 -117.356 6
      vertex 38.9228 -118.763 6
      vertex 38.9228 -117.097 6
    endloop
  endfacet
  facet normal 0 0 1
    outer loop
      vertex 38.7842 -117.356 6
      vertex 38.7842 -118.504 6
      vertex 38.9228 -118.763 6
    endloop
  endfacet
  facet normal -0 0 1
    outer loop
      vertex 38.6988 -117.637 6
      vertex 38.7842 -118.504 6
      vertex 38.7842 -117.356 6
    endloop
  endfacet
  facet normal 0 0 1
    outer loop
      vertex 38.6988 -117.637 6
      vertex 38.6988 -118.223 6
      vertex 38.7842 -118.504 6
    endloop
  endfacet
  facet normal 0 -0 1
    outer loop
      vertex 38.6988 -118.223 6
      vertex 38.6988 -117.637 6
      vertex 38.67 -117.93 6
    endloop
  endfacet
  facet normal 0 0 1
    outer loop
      vertex 31.8412 -117.637 6
      vertex 31.8412 -118.223 6
      vertex 31.87 -117.93 6
    endloop
  endfacet
  facet normal 0 0 1
    outer loop
      vertex 31.7558 -117.356 6
      vertex 31.8412 -118.223 6
      vertex 31.8412 -117.637 6
    endloop
  endfacet
  facet normal 0 0 1
    outer loop
      vertex 31.7558 -117.356 6
      vertex 31.7558 -118.504 6
      vertex 31.8412 -118.223 6
    endloop
  endfacet
  facet normal 0 0 1
    outer loop
      vertex 31.6172 -117.097 6
      vertex 31.7558 -118.504 6
      vertex 31.7558 -117.356 6
    endloop
  endfacet
  facet normal 0 0 1
    outer loop
      vertex 31.6172 -117.097 6
      vertex 31.6172 -118.763 6
      vertex 31.7558 -118.504 6
    endloop
  endfacet
  facet normal 0 0 1
    outer loop
      vertex 31.4306 -116.869 6
      vertex 31.6172 -118.763 6
      vertex 31.6172 -117.097 6
    endloop
  endfacet
  facet normal 0 0 1
    outer loop
      vertex 31.4306 -116.869 6
      vertex 31.4306 -118.991 6
      vertex 31.6172 -118.763 6
    endloop
  endfacet
  facet normal 0 0 1
    outer loop
      vertex 31.2034 -116.683 6
      vertex 31.4306 -118.991 6
      vertex 31.4306 -116.869 6
    endloop
  endfacet
  facet normal 0 0 1
    outer loop
      vertex 31.2034 -116.683 6
      vertex 31.2034 -119.177 6
      vertex 31.4306 -118.991 6
    endloop
  endfacet
  facet normal 0 0 1
    outer loop
      vertex 30.944 -116.544 6
      vertex 31.2034 -119.177 6
      vertex 31.2034 -116.683 6
    endloop
  endfacet
  facet normal 0 0 1
    outer loop
      vertex 30.944 -116.544 6
      vertex 30.944 -119.316 6
      vertex 31.2034 -119.177 6
    endloop
  endfacet
  facet normal 0 0 1
    outer loop
      vertex 30.6626 -116.459 6
      vertex 30.944 -119.316 6
      vertex 30.944 -116.544 6
    endloop
  endfacet
  facet normal 0 0 1
    outer loop
      vertex 30.6626 -116.459 6
      vertex 30.6626 -119.401 6
      vertex 30.944 -119.316 6
    endloop
  endfacet
  facet normal 0 0 1
    outer loop
      vertex 30.37 -116.43 6
      vertex 30.6626 -119.401 6
      vertex 30.6626 -116.459 6
    endloop
  endfacet
  facet normal 0 0 1
    outer loop
      vertex 30.37 -116.43 6
      vertex 30.37 -119.43 6
      vertex 30.6626 -119.401 6
    endloop
  endfacet
  facet normal -0 0 1
    outer loop
      vertex 30.0774 -116.459 6
      vertex 30.37 -119.43 6
      vertex 30.37 -116.43 6
    endloop
  endfacet
  facet normal 0 0 1
    outer loop
      vertex 30.0774 -116.459 6
      vertex 30.0774 -119.401 6
      vertex 30.37 -119.43 6
    endloop
  endfacet
  facet normal -0 0 1
    outer loop
      vertex 29.796 -116.544 6
      vertex 30.0774 -119.401 6
      vertex 30.0774 -116.459 6
    endloop
  endfacet
  facet normal 0 0 1
    outer loop
      vertex 29.796 -116.544 6
      vertex 29.796 -119.316 6
      vertex 30.0774 -119.401 6
    endloop
  endfacet
  facet normal -0 0 1
    outer loop
      vertex 29.5366 -116.683 6
      vertex 29.796 -119.316 6
      vertex 29.796 -116.544 6
    endloop
  endfacet
  facet normal 0 0 1
    outer loop
      vertex 29.5366 -116.683 6
      vertex 29.5366 -119.177 6
      vertex 29.796 -119.316 6
    endloop
  endfacet
  facet normal -0 0 1
    outer loop
      vertex 29.3093 -116.869 6
      vertex 29.5366 -119.177 6
      vertex 29.5366 -116.683 6
    endloop
  endfacet
  facet normal 0 0 1
    outer loop
      vertex 29.3093 -116.869 6
      vertex 29.3093 -118.991 6
      vertex 29.5366 -119.177 6
    endloop
  endfacet
  facet normal -0 0 1
    outer loop
      vertex 29.1228 -117.097 6
      vertex 29.3093 -118.991 6
      vertex 29.3093 -116.869 6
    endloop
  endfacet
  facet normal 0 0 1
    outer loop
      vertex 29.1228 -117.097 6
      vertex 29.1228 -118.763 6
      vertex 29.3093 -118.991 6
    endloop
  endfacet
  facet normal -0 0 1
    outer loop
      vertex 28.9842 -117.356 6
      vertex 29.1228 -118.763 6
      vertex 29.1228 -117.097 6
    endloop
  endfacet
  facet normal 0 0 1
    outer loop
      vertex 28.9842 -117.356 6
      vertex 28.9842 -118.504 6
      vertex 29.1228 -118.763 6
    endloop
  endfacet
  facet normal -0 0 1
    outer loop
      vertex 28.8988 -117.637 6
      vertex 28.9842 -118.504 6
      vertex 28.9842 -117.356 6
    endloop
  endfacet
  facet normal 0 0 1
    outer loop
      vertex 28.8988 -117.637 6
      vertex 28.8988 -118.223 6
      vertex 28.9842 -118.504 6
    endloop
  endfacet
  facet normal 0 -0 1
    outer loop
      vertex 28.8988 -118.223 6
      vertex 28.8988 -117.637 6
      vertex 28.87 -117.93 6
    endloop
  endfacet
  facet normal 0 0 1
    outer loop
      vertex 31.8412 -128.637 6
      vertex 31.8412 -129.223 6
      vertex 31.87 -128.93 6
    endloop
  endfacet
  facet normal 0 0 1
    outer loop
      vertex 31.7558 -128.356 6
      vertex 31.8412 -129.223 6
      vertex 31.8412 -128.637 6
    endloop
  endfacet
  facet normal 0 0 1
    outer loop
      vertex 31.7558 -128.356 6
      vertex 31.7558 -129.504 6
      vertex 31.8412 -129.223 6
    endloop
  endfacet
  facet normal 0 0 1
    outer loop
      vertex 31.6172 -128.097 6
      vertex 31.7558 -129.504 6
      vertex 31.7558 -128.356 6
    endloop
  endfacet
  facet normal 0 0 1
    outer loop
      vertex 31.6172 -128.097 6
      vertex 31.6172 -129.763 6
      vertex 31.7558 -129.504 6
    endloop
  endfacet
  facet normal 0 0 1
    outer loop
      vertex 31.4306 -127.869 6
      vertex 31.6172 -129.763 6
      vertex 31.6172 -128.097 6
    endloop
  endfacet
  facet normal 0 0 1
    outer loop
      vertex 31.4306 -127.869 6
      vertex 31.4306 -129.991 6
      vertex 31.6172 -129.763 6
    endloop
  endfacet
  facet normal 0 0 1
    outer loop
      vertex 31.2034 -127.683 6
      vertex 31.4306 -129.991 6
      vertex 31.4306 -127.869 6
    endloop
  endfacet
  facet normal 0 0 1
    outer loop
      vertex 31.2034 -127.683 6
      vertex 31.2034 -130.177 6
      vertex 31.4306 -129.991 6
    endloop
  endfacet
  facet normal 0 0 1
    outer loop
      vertex 30.944 -127.544 6
      vertex 31.2034 -130.177 6
      vertex 31.2034 -127.683 6
    endloop
  endfacet
  facet normal 0 0 1
    outer loop
      vertex 30.944 -127.544 6
      vertex 30.944 -130.316 6
      vertex 31.2034 -130.177 6
    endloop
  endfacet
  facet normal 0 0 1
    outer loop
      vertex 30.6626 -127.459 6
      vertex 30.944 -130.316 6
      vertex 30.944 -127.544 6
    endloop
  endfacet
  facet normal 0 0 1
    outer loop
      vertex 30.6626 -127.459 6
      vertex 30.6626 -130.401 6
      vertex 30.944 -130.316 6
    endloop
  endfacet
  facet normal 0 0 1
    outer loop
      vertex 30.37 -127.43 6
      vertex 30.6626 -130.401 6
      vertex 30.6626 -127.459 6
    endloop
  endfacet
  facet normal 0 0 1
    outer loop
      vertex 30.37 -127.43 6
      vertex 30.37 -130.43 6
      vertex 30.6626 -130.401 6
    endloop
  endfacet
  facet normal -0 0 1
    outer loop
      vertex 30.0774 -127.459 6
      vertex 30.37 -130.43 6
      vertex 30.37 -127.43 6
    endloop
  endfacet
  facet normal 0 0 1
    outer loop
      vertex 30.0774 -127.459 6
      vertex 30.0774 -130.401 6
      vertex 30.37 -130.43 6
    endloop
  endfacet
  facet normal -0 0 1
    outer loop
      vertex 29.796 -127.544 6
      vertex 30.0774 -130.401 6
      vertex 30.0774 -127.459 6
    endloop
  endfacet
  facet normal 0 0 1
    outer loop
      vertex 29.796 -127.544 6
      vertex 29.796 -130.316 6
      vertex 30.0774 -130.401 6
    endloop
  endfacet
  facet normal -0 0 1
    outer loop
      vertex 29.5366 -127.683 6
      vertex 29.796 -130.316 6
      vertex 29.796 -127.544 6
    endloop
  endfacet
  facet normal 0 0 1
    outer loop
      vertex 29.5366 -127.683 6
      vertex 29.5366 -130.177 6
      vertex 29.796 -130.316 6
    endloop
  endfacet
  facet normal -0 0 1
    outer loop
      vertex 29.3093 -127.869 6
      vertex 29.5366 -130.177 6
      vertex 29.5366 -127.683 6
    endloop
  endfacet
  facet normal 0 0 1
    outer loop
      vertex 29.3093 -127.869 6
      vertex 29.3093 -129.991 6
      vertex 29.5366 -130.177 6
    endloop
  endfacet
  facet normal -0 0 1
    outer loop
      vertex 29.1228 -128.097 6
      vertex 29.3093 -129.991 6
      vertex 29.3093 -127.869 6
    endloop
  endfacet
  facet normal 0 0 1
    outer loop
      vertex 29.1228 -128.097 6
      vertex 29.1228 -129.763 6
      vertex 29.3093 -129.991 6
    endloop
  endfacet
  facet normal -0 0 1
    outer loop
      vertex 28.9842 -128.356 6
      vertex 29.1228 -129.763 6
      vertex 29.1228 -128.097 6
    endloop
  endfacet
  facet normal 0 0 1
    outer loop
      vertex 28.9842 -128.356 6
      vertex 28.9842 -129.504 6
      vertex 29.1228 -129.763 6
    endloop
  endfacet
  facet normal -0 0 1
    outer loop
      vertex 28.8988 -128.637 6
      vertex 28.9842 -129.504 6
      vertex 28.9842 -128.356 6
    endloop
  endfacet
  facet normal 0 0 1
    outer loop
      vertex 28.8988 -128.637 6
      vertex 28.8988 -129.223 6
      vertex 28.9842 -129.504 6
    endloop
  endfacet
  facet normal 0 -0 1
    outer loop
      vertex 28.8988 -129.223 6
      vertex 28.8988 -128.637 6
      vertex 28.87 -128.93 6
    endloop
  endfacet
  facet normal 0 0 1
    outer loop
      vertex 31.8412 -141.137 6
      vertex 31.8412 -141.723 6
      vertex 31.87 -141.43 6
    endloop
  endfacet
  facet normal 0 0 1
    outer loop
      vertex 31.7558 -140.856 6
      vertex 31.8412 -141.723 6
      vertex 31.8412 -141.137 6
    endloop
  endfacet
  facet normal 0 0 1
    outer loop
      vertex 31.7558 -140.856 6
      vertex 31.7558 -142.004 6
      vertex 31.8412 -141.723 6
    endloop
  endfacet
  facet normal 0 0 1
    outer loop
      vertex 31.6172 -140.597 6
      vertex 31.7558 -142.004 6
      vertex 31.7558 -140.856 6
    endloop
  endfacet
  facet normal 0 0 1
    outer loop
      vertex 31.6172 -140.597 6
      vertex 31.6172 -142.263 6
      vertex 31.7558 -142.004 6
    endloop
  endfacet
  facet normal 0 0 1
    outer loop
      vertex 31.4306 -140.369 6
      vertex 31.6172 -142.263 6
      vertex 31.6172 -140.597 6
    endloop
  endfacet
  facet normal 0 0 1
    outer loop
      vertex 31.4306 -140.369 6
      vertex 31.4306 -142.491 6
      vertex 31.6172 -142.263 6
    endloop
  endfacet
  facet normal 0 0 1
    outer loop
      vertex 31.2034 -140.183 6
      vertex 31.4306 -142.491 6
      vertex 31.4306 -140.369 6
    endloop
  endfacet
  facet normal 0 0 1
    outer loop
      vertex 31.2034 -140.183 6
      vertex 31.2034 -142.677 6
      vertex 31.4306 -142.491 6
    endloop
  endfacet
  facet normal 0 0 1
    outer loop
      vertex 30.944 -140.044 6
      vertex 31.2034 -142.677 6
      vertex 31.2034 -140.183 6
    endloop
  endfacet
  facet normal 0 0 1
    outer loop
      vertex 30.944 -140.044 6
      vertex 30.944 -142.816 6
      vertex 31.2034 -142.677 6
    endloop
  endfacet
  facet normal 0 0 1
    outer loop
      vertex 30.6626 -139.959 6
      vertex 30.944 -142.816 6
      vertex 30.944 -140.044 6
    endloop
  endfacet
  facet normal 0 0 1
    outer loop
      vertex 30.6626 -139.959 6
      vertex 30.6626 -142.901 6
      vertex 30.944 -142.816 6
    endloop
  endfacet
  facet normal 0 0 1
    outer loop
      vertex 30.37 -139.93 6
      vertex 30.6626 -142.901 6
      vertex 30.6626 -139.959 6
    endloop
  endfacet
  facet normal 0 0 1
    outer loop
      vertex 30.37 -139.93 6
      vertex 30.37 -142.93 6
      vertex 30.6626 -142.901 6
    endloop
  endfacet
  facet normal -0 0 1
    outer loop
      vertex 30.0774 -139.959 6
      vertex 30.37 -142.93 6
      vertex 30.37 -139.93 6
    endloop
  endfacet
  facet normal 0 0 1
    outer loop
      vertex 30.0774 -139.959 6
      vertex 30.0774 -142.901 6
      vertex 30.37 -142.93 6
    endloop
  endfacet
  facet normal -0 0 1
    outer loop
      vertex 29.796 -140.044 6
      vertex 30.0774 -142.901 6
      vertex 30.0774 -139.959 6
    endloop
  endfacet
  facet normal 0 0 1
    outer loop
      vertex 29.796 -140.044 6
      vertex 29.796 -142.816 6
      vertex 30.0774 -142.901 6
    endloop
  endfacet
  facet normal -0 0 1
    outer loop
      vertex 29.5366 -140.183 6
      vertex 29.796 -142.816 6
      vertex 29.796 -140.044 6
    endloop
  endfacet
  facet normal 0 0 1
    outer loop
      vertex 29.5366 -140.183 6
      vertex 29.5366 -142.677 6
      vertex 29.796 -142.816 6
    endloop
  endfacet
  facet normal -0 0 1
    outer loop
      vertex 29.3093 -140.369 6
      vertex 29.5366 -142.677 6
      vertex 29.5366 -140.183 6
    endloop
  endfacet
  facet normal 0 0 1
    outer loop
      vertex 29.3093 -140.369 6
      vertex 29.3093 -142.491 6
      vertex 29.5366 -142.677 6
    endloop
  endfacet
  facet normal -0 0 1
    outer loop
      vertex 29.1228 -140.597 6
      vertex 29.3093 -142.491 6
      vertex 29.3093 -140.369 6
    endloop
  endfacet
  facet normal 0 0 1
    outer loop
      vertex 29.1228 -140.597 6
      vertex 29.1228 -142.263 6
      vertex 29.3093 -142.491 6
    endloop
  endfacet
  facet normal -0 0 1
    outer loop
      vertex 28.9842 -140.856 6
      vertex 29.1228 -142.263 6
      vertex 29.1228 -140.597 6
    endloop
  endfacet
  facet normal 0 0 1
    outer loop
      vertex 28.9842 -140.856 6
      vertex 28.9842 -142.004 6
      vertex 29.1228 -142.263 6
    endloop
  endfacet
  facet normal -0 0 1
    outer loop
      vertex 28.8988 -141.137 6
      vertex 28.9842 -142.004 6
      vertex 28.9842 -140.856 6
    endloop
  endfacet
  facet normal 0 0 1
    outer loop
      vertex 28.8988 -141.137 6
      vertex 28.8988 -141.723 6
      vertex 28.9842 -142.004 6
    endloop
  endfacet
  facet normal 0 -0 1
    outer loop
      vertex 28.8988 -141.723 6
      vertex 28.8988 -141.137 6
      vertex 28.87 -141.43 6
    endloop
  endfacet
  facet normal 0 0 1
    outer loop
      vertex 17.8412 -141.137 6
      vertex 17.8412 -141.723 6
      vertex 17.87 -141.43 6
    endloop
  endfacet
  facet normal 0 0 1
    outer loop
      vertex 17.7558 -140.856 6
      vertex 17.8412 -141.723 6
      vertex 17.8412 -141.137 6
    endloop
  endfacet
  facet normal 0 0 1
    outer loop
      vertex 17.7558 -140.856 6
      vertex 17.7558 -142.004 6
      vertex 17.8412 -141.723 6
    endloop
  endfacet
  facet normal 0 0 1
    outer loop
      vertex 17.6172 -140.597 6
      vertex 17.7558 -142.004 6
      vertex 17.7558 -140.856 6
    endloop
  endfacet
  facet normal 0 0 1
    outer loop
      vertex 17.6172 -140.597 6
      vertex 17.6172 -142.263 6
      vertex 17.7558 -142.004 6
    endloop
  endfacet
  facet normal 0 0 1
    outer loop
      vertex 17.4306 -140.369 6
      vertex 17.6172 -142.263 6
      vertex 17.6172 -140.597 6
    endloop
  endfacet
  facet normal 0 0 1
    outer loop
      vertex 17.4306 -140.369 6
      vertex 17.4306 -142.491 6
      vertex 17.6172 -142.263 6
    endloop
  endfacet
  facet normal 0 0 1
    outer loop
      vertex 17.2034 -140.183 6
      vertex 17.4306 -142.491 6
      vertex 17.4306 -140.369 6
    endloop
  endfacet
  facet normal 0 0 1
    outer loop
      vertex 17.2034 -140.183 6
      vertex 17.2034 -142.677 6
      vertex 17.4306 -142.491 6
    endloop
  endfacet
  facet normal 0 0 1
    outer loop
      vertex 16.944 -140.044 6
      vertex 17.2034 -142.677 6
      vertex 17.2034 -140.183 6
    endloop
  endfacet
  facet normal 0 0 1
    outer loop
      vertex 16.944 -140.044 6
      vertex 16.944 -142.816 6
      vertex 17.2034 -142.677 6
    endloop
  endfacet
  facet normal 0 0 1
    outer loop
      vertex 16.6626 -139.959 6
      vertex 16.944 -142.816 6
      vertex 16.944 -140.044 6
    endloop
  endfacet
  facet normal 0 0 1
    outer loop
      vertex 16.6626 -139.959 6
      vertex 16.6626 -142.901 6
      vertex 16.944 -142.816 6
    endloop
  endfacet
  facet normal 0 0 1
    outer loop
      vertex 16.37 -139.93 6
      vertex 16.6626 -142.901 6
      vertex 16.6626 -139.959 6
    endloop
  endfacet
  facet normal 0 0 1
    outer loop
      vertex 16.37 -139.93 6
      vertex 16.37 -142.93 6
      vertex 16.6626 -142.901 6
    endloop
  endfacet
  facet normal -0 0 1
    outer loop
      vertex 16.0774 -139.959 6
      vertex 16.37 -142.93 6
      vertex 16.37 -139.93 6
    endloop
  endfacet
  facet normal 0 0 1
    outer loop
      vertex 16.0774 -139.959 6
      vertex 16.0774 -142.901 6
      vertex 16.37 -142.93 6
    endloop
  endfacet
  facet normal -0 0 1
    outer loop
      vertex 15.796 -140.044 6
      vertex 16.0774 -142.901 6
      vertex 16.0774 -139.959 6
    endloop
  endfacet
  facet normal 0 0 1
    outer loop
      vertex 15.796 -140.044 6
      vertex 15.796 -142.816 6
      vertex 16.0774 -142.901 6
    endloop
  endfacet
  facet normal -0 0 1
    outer loop
      vertex 15.5366 -140.183 6
      vertex 15.796 -142.816 6
      vertex 15.796 -140.044 6
    endloop
  endfacet
  facet normal 0 0 1
    outer loop
      vertex 15.5366 -140.183 6
      vertex 15.5366 -142.677 6
      vertex 15.796 -142.816 6
    endloop
  endfacet
  facet normal -0 0 1
    outer loop
      vertex 15.3093 -140.369 6
      vertex 15.5366 -142.677 6
      vertex 15.5366 -140.183 6
    endloop
  endfacet
  facet normal 0 0 1
    outer loop
      vertex 15.3093 -140.369 6
      vertex 15.3093 -142.491 6
      vertex 15.5366 -142.677 6
    endloop
  endfacet
  facet normal -0 0 1
    outer loop
      vertex 15.1228 -140.597 6
      vertex 15.3093 -142.491 6
      vertex 15.3093 -140.369 6
    endloop
  endfacet
  facet normal 0 0 1
    outer loop
      vertex 15.1228 -140.597 6
      vertex 15.1228 -142.263 6
      vertex 15.3093 -142.491 6
    endloop
  endfacet
  facet normal -0 0 1
    outer loop
      vertex 14.9842 -140.856 6
      vertex 15.1228 -142.263 6
      vertex 15.1228 -140.597 6
    endloop
  endfacet
  facet normal 0 0 1
    outer loop
      vertex 14.9842 -140.856 6
      vertex 14.9842 -142.004 6
      vertex 15.1228 -142.263 6
    endloop
  endfacet
  facet normal -0 0 1
    outer loop
      vertex 14.8988 -141.137 6
      vertex 14.9842 -142.004 6
      vertex 14.9842 -140.856 6
    endloop
  endfacet
  facet normal 0 0 1
    outer loop
      vertex 14.8988 -141.137 6
      vertex 14.8988 -141.723 6
      vertex 14.9842 -142.004 6
    endloop
  endfacet
  facet normal 0 -0 1
    outer loop
      vertex 14.8988 -141.723 6
      vertex 14.8988 -141.137 6
      vertex 14.87 -141.43 6
    endloop
  endfacet
  facet normal 0 0 1
    outer loop
      vertex 45.8412 -141.137 6
      vertex 45.8412 -141.723 6
      vertex 45.87 -141.43 6
    endloop
  endfacet
  facet normal 0 0 1
    outer loop
      vertex 45.7558 -140.856 6
      vertex 45.8412 -141.723 6
      vertex 45.8412 -141.137 6
    endloop
  endfacet
  facet normal 0 0 1
    outer loop
      vertex 45.7558 -140.856 6
      vertex 45.7558 -142.004 6
      vertex 45.8412 -141.723 6
    endloop
  endfacet
  facet normal 0 0 1
    outer loop
      vertex 45.6172 -140.597 6
      vertex 45.7558 -142.004 6
      vertex 45.7558 -140.856 6
    endloop
  endfacet
  facet normal 0 0 1
    outer loop
      vertex 45.6172 -140.597 6
      vertex 45.6172 -142.263 6
      vertex 45.7558 -142.004 6
    endloop
  endfacet
  facet normal 0 0 1
    outer loop
      vertex 45.4306 -140.369 6
      vertex 45.6172 -142.263 6
      vertex 45.6172 -140.597 6
    endloop
  endfacet
  facet normal 0 0 1
    outer loop
      vertex 45.4306 -140.369 6
      vertex 45.4306 -142.491 6
      vertex 45.6172 -142.263 6
    endloop
  endfacet
  facet normal 0 0 1
    outer loop
      vertex 45.2034 -140.183 6
      vertex 45.4306 -142.491 6
      vertex 45.4306 -140.369 6
    endloop
  endfacet
  facet normal 0 0 1
    outer loop
      vertex 45.2034 -140.183 6
      vertex 45.2034 -142.677 6
      vertex 45.4306 -142.491 6
    endloop
  endfacet
  facet normal 0 0 1
    outer loop
      vertex 44.944 -140.044 6
      vertex 45.2034 -142.677 6
      vertex 45.2034 -140.183 6
    endloop
  endfacet
  facet normal 0 0 1
    outer loop
      vertex 44.944 -140.044 6
      vertex 44.944 -142.816 6
      vertex 45.2034 -142.677 6
    endloop
  endfacet
  facet normal 0 0 1
    outer loop
      vertex 44.6626 -139.959 6
      vertex 44.944 -142.816 6
      vertex 44.944 -140.044 6
    endloop
  endfacet
  facet normal 0 0 1
    outer loop
      vertex 44.6626 -139.959 6
      vertex 44.6626 -142.901 6
      vertex 44.944 -142.816 6
    endloop
  endfacet
  facet normal 0 0 1
    outer loop
      vertex 44.37 -139.93 6
      vertex 44.6626 -142.901 6
      vertex 44.6626 -139.959 6
    endloop
  endfacet
  facet normal 0 0 1
    outer loop
      vertex 44.37 -139.93 6
      vertex 44.37 -142.93 6
      vertex 44.6626 -142.901 6
    endloop
  endfacet
  facet normal -0 0 1
    outer loop
      vertex 44.0774 -139.959 6
      vertex 44.37 -142.93 6
      vertex 44.37 -139.93 6
    endloop
  endfacet
  facet normal 0 0 1
    outer loop
      vertex 44.0774 -139.959 6
      vertex 44.0774 -142.901 6
      vertex 44.37 -142.93 6
    endloop
  endfacet
  facet normal -0 0 1
    outer loop
      vertex 43.796 -140.044 6
      vertex 44.0774 -142.901 6
      vertex 44.0774 -139.959 6
    endloop
  endfacet
  facet normal 0 0 1
    outer loop
      vertex 43.796 -140.044 6
      vertex 43.796 -142.816 6
      vertex 44.0774 -142.901 6
    endloop
  endfacet
  facet normal -0 0 1
    outer loop
      vertex 43.5366 -140.183 6
      vertex 43.796 -142.816 6
      vertex 43.796 -140.044 6
    endloop
  endfacet
  facet normal 0 0 1
    outer loop
      vertex 43.5366 -140.183 6
      vertex 43.5366 -142.677 6
      vertex 43.796 -142.816 6
    endloop
  endfacet
  facet normal -0 0 1
    outer loop
      vertex 43.3093 -140.369 6
      vertex 43.5366 -142.677 6
      vertex 43.5366 -140.183 6
    endloop
  endfacet
  facet normal 0 0 1
    outer loop
      vertex 43.3093 -140.369 6
      vertex 43.3093 -142.491 6
      vertex 43.5366 -142.677 6
    endloop
  endfacet
  facet normal -0 0 1
    outer loop
      vertex 43.1228 -140.597 6
      vertex 43.3093 -142.491 6
      vertex 43.3093 -140.369 6
    endloop
  endfacet
  facet normal 0 0 1
    outer loop
      vertex 43.1228 -140.597 6
      vertex 43.1228 -142.263 6
      vertex 43.3093 -142.491 6
    endloop
  endfacet
  facet normal -0 0 1
    outer loop
      vertex 42.9842 -140.856 6
      vertex 43.1228 -142.263 6
      vertex 43.1228 -140.597 6
    endloop
  endfacet
  facet normal 0 0 1
    outer loop
      vertex 42.9842 -140.856 6
      vertex 42.9842 -142.004 6
      vertex 43.1228 -142.263 6
    endloop
  endfacet
  facet normal -0 0 1
    outer loop
      vertex 42.8988 -141.137 6
      vertex 42.9842 -142.004 6
      vertex 42.9842 -140.856 6
    endloop
  endfacet
  facet normal 0 0 1
    outer loop
      vertex 42.8988 -141.137 6
      vertex 42.8988 -141.723 6
      vertex 42.9842 -142.004 6
    endloop
  endfacet
  facet normal 0 -0 1
    outer loop
      vertex 42.8988 -141.723 6
      vertex 42.8988 -141.137 6
      vertex 42.87 -141.43 6
    endloop
  endfacet
  facet normal 0 0 1
    outer loop
      vertex 45.8412 -153.137 6
      vertex 45.8412 -153.723 6
      vertex 45.87 -153.43 6
    endloop
  endfacet
  facet normal 0 0 1
    outer loop
      vertex 45.7558 -152.856 6
      vertex 45.8412 -153.723 6
      vertex 45.8412 -153.137 6
    endloop
  endfacet
  facet normal 0 0 1
    outer loop
      vertex 45.7558 -152.856 6
      vertex 45.7558 -154.004 6
      vertex 45.8412 -153.723 6
    endloop
  endfacet
  facet normal 0 0 1
    outer loop
      vertex 45.6172 -152.597 6
      vertex 45.7558 -154.004 6
      vertex 45.7558 -152.856 6
    endloop
  endfacet
  facet normal 0 0 1
    outer loop
      vertex 45.6172 -152.597 6
      vertex 45.6172 -154.263 6
      vertex 45.7558 -154.004 6
    endloop
  endfacet
  facet normal 0 0 1
    outer loop
      vertex 45.4306 -152.369 6
      vertex 45.6172 -154.263 6
      vertex 45.6172 -152.597 6
    endloop
  endfacet
  facet normal 0 0 1
    outer loop
      vertex 45.4306 -152.369 6
      vertex 45.4306 -154.491 6
      vertex 45.6172 -154.263 6
    endloop
  endfacet
  facet normal 0 0 1
    outer loop
      vertex 45.2034 -152.183 6
      vertex 45.4306 -154.491 6
      vertex 45.4306 -152.369 6
    endloop
  endfacet
  facet normal 0 0 1
    outer loop
      vertex 45.2034 -152.183 6
      vertex 45.2034 -154.677 6
      vertex 45.4306 -154.491 6
    endloop
  endfacet
  facet normal 0 0 1
    outer loop
      vertex 44.944 -152.044 6
      vertex 45.2034 -154.677 6
      vertex 45.2034 -152.183 6
    endloop
  endfacet
  facet normal 0 0 1
    outer loop
      vertex 44.944 -152.044 6
      vertex 44.944 -154.816 6
      vertex 45.2034 -154.677 6
    endloop
  endfacet
  facet normal 0 0 1
    outer loop
      vertex 44.6626 -151.959 6
      vertex 44.944 -154.816 6
      vertex 44.944 -152.044 6
    endloop
  endfacet
  facet normal 0 0 1
    outer loop
      vertex 44.6626 -151.959 6
      vertex 44.6626 -154.901 6
      vertex 44.944 -154.816 6
    endloop
  endfacet
  facet normal 0 0 1
    outer loop
      vertex 44.37 -151.93 6
      vertex 44.6626 -154.901 6
      vertex 44.6626 -151.959 6
    endloop
  endfacet
  facet normal 0 0 1
    outer loop
      vertex 44.37 -151.93 6
      vertex 44.37 -154.93 6
      vertex 44.6626 -154.901 6
    endloop
  endfacet
  facet normal -0 0 1
    outer loop
      vertex 44.0774 -151.959 6
      vertex 44.37 -154.93 6
      vertex 44.37 -151.93 6
    endloop
  endfacet
  facet normal 0 0 1
    outer loop
      vertex 44.0774 -151.959 6
      vertex 44.0774 -154.901 6
      vertex 44.37 -154.93 6
    endloop
  endfacet
  facet normal -0 0 1
    outer loop
      vertex 43.796 -152.044 6
      vertex 44.0774 -154.901 6
      vertex 44.0774 -151.959 6
    endloop
  endfacet
  facet normal 0 0 1
    outer loop
      vertex 43.796 -152.044 6
      vertex 43.796 -154.816 6
      vertex 44.0774 -154.901 6
    endloop
  endfacet
  facet normal -0 0 1
    outer loop
      vertex 43.5366 -152.183 6
      vertex 43.796 -154.816 6
      vertex 43.796 -152.044 6
    endloop
  endfacet
  facet normal 0 0 1
    outer loop
      vertex 43.5366 -152.183 6
      vertex 43.5366 -154.677 6
      vertex 43.796 -154.816 6
    endloop
  endfacet
  facet normal -0 0 1
    outer loop
      vertex 43.3093 -152.369 6
      vertex 43.5366 -154.677 6
      vertex 43.5366 -152.183 6
    endloop
  endfacet
  facet normal 0 0 1
    outer loop
      vertex 43.3093 -152.369 6
      vertex 43.3093 -154.491 6
      vertex 43.5366 -154.677 6
    endloop
  endfacet
  facet normal -0 0 1
    outer loop
      vertex 43.1228 -152.597 6
      vertex 43.3093 -154.491 6
      vertex 43.3093 -152.369 6
    endloop
  endfacet
  facet normal 0 0 1
    outer loop
      vertex 43.1228 -152.597 6
      vertex 43.1228 -154.263 6
      vertex 43.3093 -154.491 6
    endloop
  endfacet
  facet normal -0 0 1
    outer loop
      vertex 42.9842 -152.856 6
      vertex 43.1228 -154.263 6
      vertex 43.1228 -152.597 6
    endloop
  endfacet
  facet normal 0 0 1
    outer loop
      vertex 42.9842 -152.856 6
      vertex 42.9842 -154.004 6
      vertex 43.1228 -154.263 6
    endloop
  endfacet
  facet normal -0 0 1
    outer loop
      vertex 42.8988 -153.137 6
      vertex 42.9842 -154.004 6
      vertex 42.9842 -152.856 6
    endloop
  endfacet
  facet normal 0 0 1
    outer loop
      vertex 42.8988 -153.137 6
      vertex 42.8988 -153.723 6
      vertex 42.9842 -154.004 6
    endloop
  endfacet
  facet normal 0 -0 1
    outer loop
      vertex 42.8988 -153.723 6
      vertex 42.8988 -153.137 6
      vertex 42.87 -153.43 6
    endloop
  endfacet
  facet normal 0 0 1
    outer loop
      vertex 31.8412 -153.137 6
      vertex 31.8412 -153.723 6
      vertex 31.87 -153.43 6
    endloop
  endfacet
  facet normal 0 0 1
    outer loop
      vertex 31.7558 -152.856 6
      vertex 31.8412 -153.723 6
      vertex 31.8412 -153.137 6
    endloop
  endfacet
  facet normal 0 0 1
    outer loop
      vertex 31.7558 -152.856 6
      vertex 31.7558 -154.004 6
      vertex 31.8412 -153.723 6
    endloop
  endfacet
  facet normal 0 0 1
    outer loop
      vertex 31.6172 -152.597 6
      vertex 31.7558 -154.004 6
      vertex 31.7558 -152.856 6
    endloop
  endfacet
  facet normal 0 0 1
    outer loop
      vertex 31.6172 -152.597 6
      vertex 31.6172 -154.263 6
      vertex 31.7558 -154.004 6
    endloop
  endfacet
  facet normal 0 0 1
    outer loop
      vertex 31.4306 -152.369 6
      vertex 31.6172 -154.263 6
      vertex 31.6172 -152.597 6
    endloop
  endfacet
  facet normal 0 0 1
    outer loop
      vertex 31.4306 -152.369 6
      vertex 31.4306 -154.491 6
      vertex 31.6172 -154.263 6
    endloop
  endfacet
  facet normal 0 0 1
    outer loop
      vertex 31.2034 -152.183 6
      vertex 31.4306 -154.491 6
      vertex 31.4306 -152.369 6
    endloop
  endfacet
  facet normal 0 0 1
    outer loop
      vertex 31.2034 -152.183 6
      vertex 31.2034 -154.677 6
      vertex 31.4306 -154.491 6
    endloop
  endfacet
  facet normal 0 0 1
    outer loop
      vertex 30.944 -152.044 6
      vertex 31.2034 -154.677 6
      vertex 31.2034 -152.183 6
    endloop
  endfacet
  facet normal 0 0 1
    outer loop
      vertex 30.944 -152.044 6
      vertex 30.944 -154.816 6
      vertex 31.2034 -154.677 6
    endloop
  endfacet
  facet normal 0 0 1
    outer loop
      vertex 30.6626 -151.959 6
      vertex 30.944 -154.816 6
      vertex 30.944 -152.044 6
    endloop
  endfacet
  facet normal 0 0 1
    outer loop
      vertex 30.6626 -151.959 6
      vertex 30.6626 -154.901 6
      vertex 30.944 -154.816 6
    endloop
  endfacet
  facet normal 0 0 1
    outer loop
      vertex 30.37 -151.93 6
      vertex 30.6626 -154.901 6
      vertex 30.6626 -151.959 6
    endloop
  endfacet
  facet normal 0 0 1
    outer loop
      vertex 30.37 -151.93 6
      vertex 30.37 -154.93 6
      vertex 30.6626 -154.901 6
    endloop
  endfacet
  facet normal -0 0 1
    outer loop
      vertex 30.0774 -151.959 6
      vertex 30.37 -154.93 6
      vertex 30.37 -151.93 6
    endloop
  endfacet
  facet normal 0 0 1
    outer loop
      vertex 30.0774 -151.959 6
      vertex 30.0774 -154.901 6
      vertex 30.37 -154.93 6
    endloop
  endfacet
  facet normal -0 0 1
    outer loop
      vertex 29.796 -152.044 6
      vertex 30.0774 -154.901 6
      vertex 30.0774 -151.959 6
    endloop
  endfacet
  facet normal 0 0 1
    outer loop
      vertex 29.796 -152.044 6
      vertex 29.796 -154.816 6
      vertex 30.0774 -154.901 6
    endloop
  endfacet
  facet normal -0 0 1
    outer loop
      vertex 29.5366 -152.183 6
      vertex 29.796 -154.816 6
      vertex 29.796 -152.044 6
    endloop
  endfacet
  facet normal 0 0 1
    outer loop
      vertex 29.5366 -152.183 6
      vertex 29.5366 -154.677 6
      vertex 29.796 -154.816 6
    endloop
  endfacet
  facet normal -0 0 1
    outer loop
      vertex 29.3093 -152.369 6
      vertex 29.5366 -154.677 6
      vertex 29.5366 -152.183 6
    endloop
  endfacet
  facet normal 0 0 1
    outer loop
      vertex 29.3093 -152.369 6
      vertex 29.3093 -154.491 6
      vertex 29.5366 -154.677 6
    endloop
  endfacet
  facet normal -0 0 1
    outer loop
      vertex 29.1228 -152.597 6
      vertex 29.3093 -154.491 6
      vertex 29.3093 -152.369 6
    endloop
  endfacet
  facet normal 0 0 1
    outer loop
      vertex 29.1228 -152.597 6
      vertex 29.1228 -154.263 6
      vertex 29.3093 -154.491 6
    endloop
  endfacet
  facet normal -0 0 1
    outer loop
      vertex 28.9842 -152.856 6
      vertex 29.1228 -154.263 6
      vertex 29.1228 -152.597 6
    endloop
  endfacet
  facet normal 0 0 1
    outer loop
      vertex 28.9842 -152.856 6
      vertex 28.9842 -154.004 6
      vertex 29.1228 -154.263 6
    endloop
  endfacet
  facet normal -0 0 1
    outer loop
      vertex 28.8988 -153.137 6
      vertex 28.9842 -154.004 6
      vertex 28.9842 -152.856 6
    endloop
  endfacet
  facet normal 0 0 1
    outer loop
      vertex 28.8988 -153.137 6
      vertex 28.8988 -153.723 6
      vertex 28.9842 -154.004 6
    endloop
  endfacet
  facet normal 0 -0 1
    outer loop
      vertex 28.8988 -153.723 6
      vertex 28.8988 -153.137 6
      vertex 28.87 -153.43 6
    endloop
  endfacet
  facet normal 0 0 1
    outer loop
      vertex 17.8412 -153.137 6
      vertex 17.8412 -153.723 6
      vertex 17.87 -153.43 6
    endloop
  endfacet
  facet normal 0 0 1
    outer loop
      vertex 17.7558 -152.856 6
      vertex 17.8412 -153.723 6
      vertex 17.8412 -153.137 6
    endloop
  endfacet
  facet normal 0 0 1
    outer loop
      vertex 17.7558 -152.856 6
      vertex 17.7558 -154.004 6
      vertex 17.8412 -153.723 6
    endloop
  endfacet
  facet normal 0 0 1
    outer loop
      vertex 17.6172 -152.597 6
      vertex 17.7558 -154.004 6
      vertex 17.7558 -152.856 6
    endloop
  endfacet
  facet normal 0 0 1
    outer loop
      vertex 17.6172 -152.597 6
      vertex 17.6172 -154.263 6
      vertex 17.7558 -154.004 6
    endloop
  endfacet
  facet normal 0 0 1
    outer loop
      vertex 17.4306 -152.369 6
      vertex 17.6172 -154.263 6
      vertex 17.6172 -152.597 6
    endloop
  endfacet
  facet normal 0 0 1
    outer loop
      vertex 17.4306 -152.369 6
      vertex 17.4306 -154.491 6
      vertex 17.6172 -154.263 6
    endloop
  endfacet
  facet normal 0 0 1
    outer loop
      vertex 17.2034 -152.183 6
      vertex 17.4306 -154.491 6
      vertex 17.4306 -152.369 6
    endloop
  endfacet
  facet normal 0 0 1
    outer loop
      vertex 17.2034 -152.183 6
      vertex 17.2034 -154.677 6
      vertex 17.4306 -154.491 6
    endloop
  endfacet
  facet normal 0 0 1
    outer loop
      vertex 16.944 -152.044 6
      vertex 17.2034 -154.677 6
      vertex 17.2034 -152.183 6
    endloop
  endfacet
  facet normal 0 0 1
    outer loop
      vertex 16.944 -152.044 6
      vertex 16.944 -154.816 6
      vertex 17.2034 -154.677 6
    endloop
  endfacet
  facet normal 0 0 1
    outer loop
      vertex 16.6626 -151.959 6
      vertex 16.944 -154.816 6
      vertex 16.944 -152.044 6
    endloop
  endfacet
  facet normal 0 0 1
    outer loop
      vertex 16.6626 -151.959 6
      vertex 16.6626 -154.901 6
      vertex 16.944 -154.816 6
    endloop
  endfacet
  facet normal 0 0 1
    outer loop
      vertex 16.37 -151.93 6
      vertex 16.6626 -154.901 6
      vertex 16.6626 -151.959 6
    endloop
  endfacet
  facet normal 0 0 1
    outer loop
      vertex 16.37 -151.93 6
      vertex 16.37 -154.93 6
      vertex 16.6626 -154.901 6
    endloop
  endfacet
  facet normal -0 0 1
    outer loop
      vertex 16.0774 -151.959 6
      vertex 16.37 -154.93 6
      vertex 16.37 -151.93 6
    endloop
  endfacet
  facet normal 0 0 1
    outer loop
      vertex 16.0774 -151.959 6
      vertex 16.0774 -154.901 6
      vertex 16.37 -154.93 6
    endloop
  endfacet
  facet normal -0 0 1
    outer loop
      vertex 15.796 -152.044 6
      vertex 16.0774 -154.901 6
      vertex 16.0774 -151.959 6
    endloop
  endfacet
  facet normal 0 0 1
    outer loop
      vertex 15.796 -152.044 6
      vertex 15.796 -154.816 6
      vertex 16.0774 -154.901 6
    endloop
  endfacet
  facet normal -0 0 1
    outer loop
      vertex 15.5366 -152.183 6
      vertex 15.796 -154.816 6
      vertex 15.796 -152.044 6
    endloop
  endfacet
  facet normal 0 0 1
    outer loop
      vertex 15.5366 -152.183 6
      vertex 15.5366 -154.677 6
      vertex 15.796 -154.816 6
    endloop
  endfacet
  facet normal -0 0 1
    outer loop
      vertex 15.3093 -152.369 6
      vertex 15.5366 -154.677 6
      vertex 15.5366 -152.183 6
    endloop
  endfacet
  facet normal 0 0 1
    outer loop
      vertex 15.3093 -152.369 6
      vertex 15.3093 -154.491 6
      vertex 15.5366 -154.677 6
    endloop
  endfacet
  facet normal -0 0 1
    outer loop
      vertex 15.1228 -152.597 6
      vertex 15.3093 -154.491 6
      vertex 15.3093 -152.369 6
    endloop
  endfacet
  facet normal 0 0 1
    outer loop
      vertex 15.1228 -152.597 6
      vertex 15.1228 -154.263 6
      vertex 15.3093 -154.491 6
    endloop
  endfacet
  facet normal -0 0 1
    outer loop
      vertex 14.9842 -152.856 6
      vertex 15.1228 -154.263 6
      vertex 15.1228 -152.597 6
    endloop
  endfacet
  facet normal 0 0 1
    outer loop
      vertex 14.9842 -152.856 6
      vertex 14.9842 -154.004 6
      vertex 15.1228 -154.263 6
    endloop
  endfacet
  facet normal -0 0 1
    outer loop
      vertex 14.8988 -153.137 6
      vertex 14.9842 -154.004 6
      vertex 14.9842 -152.856 6
    endloop
  endfacet
  facet normal 0 0 1
    outer loop
      vertex 14.8988 -153.137 6
      vertex 14.8988 -153.723 6
      vertex 14.9842 -154.004 6
    endloop
  endfacet
  facet normal 0 -0 1
    outer loop
      vertex 14.8988 -153.723 6
      vertex 14.8988 -153.137 6
      vertex 14.87 -153.43 6
    endloop
  endfacet
  facet normal 0 0 1
    outer loop
      vertex 41.8412 -163.137 6
      vertex 41.8412 -163.723 6
      vertex 41.87 -163.43 6
    endloop
  endfacet
  facet normal 0 0 1
    outer loop
      vertex 41.7558 -162.856 6
      vertex 41.8412 -163.723 6
      vertex 41.8412 -163.137 6
    endloop
  endfacet
  facet normal 0 0 1
    outer loop
      vertex 41.7558 -162.856 6
      vertex 41.7558 -164.004 6
      vertex 41.8412 -163.723 6
    endloop
  endfacet
  facet normal 0 0 1
    outer loop
      vertex 41.6172 -162.597 6
      vertex 41.7558 -164.004 6
      vertex 41.7558 -162.856 6
    endloop
  endfacet
  facet normal 0 0 1
    outer loop
      vertex 41.6172 -162.597 6
      vertex 41.6172 -164.263 6
      vertex 41.7558 -164.004 6
    endloop
  endfacet
  facet normal 0 0 1
    outer loop
      vertex 41.4306 -162.369 6
      vertex 41.6172 -164.263 6
      vertex 41.6172 -162.597 6
    endloop
  endfacet
  facet normal 0 0 1
    outer loop
      vertex 41.4306 -162.369 6
      vertex 41.4306 -164.491 6
      vertex 41.6172 -164.263 6
    endloop
  endfacet
  facet normal 0 0 1
    outer loop
      vertex 41.2034 -162.183 6
      vertex 41.4306 -164.491 6
      vertex 41.4306 -162.369 6
    endloop
  endfacet
  facet normal 0 0 1
    outer loop
      vertex 41.2034 -162.183 6
      vertex 41.2034 -164.677 6
      vertex 41.4306 -164.491 6
    endloop
  endfacet
  facet normal 0 0 1
    outer loop
      vertex 40.944 -162.044 6
      vertex 41.2034 -164.677 6
      vertex 41.2034 -162.183 6
    endloop
  endfacet
  facet normal 0 0 1
    outer loop
      vertex 40.944 -162.044 6
      vertex 40.944 -164.816 6
      vertex 41.2034 -164.677 6
    endloop
  endfacet
  facet normal 0 0 1
    outer loop
      vertex 40.6626 -161.959 6
      vertex 40.944 -164.816 6
      vertex 40.944 -162.044 6
    endloop
  endfacet
  facet normal 0 0 1
    outer loop
      vertex 40.6626 -161.959 6
      vertex 40.6626 -164.901 6
      vertex 40.944 -164.816 6
    endloop
  endfacet
  facet normal 0 0 1
    outer loop
      vertex 40.37 -161.93 6
      vertex 40.6626 -164.901 6
      vertex 40.6626 -161.959 6
    endloop
  endfacet
  facet normal 0 0 1
    outer loop
      vertex 40.37 -161.93 6
      vertex 40.37 -164.93 6
      vertex 40.6626 -164.901 6
    endloop
  endfacet
  facet normal -0 0 1
    outer loop
      vertex 40.0774 -161.959 6
      vertex 40.37 -164.93 6
      vertex 40.37 -161.93 6
    endloop
  endfacet
  facet normal 0 0 1
    outer loop
      vertex 40.0774 -161.959 6
      vertex 40.0774 -164.901 6
      vertex 40.37 -164.93 6
    endloop
  endfacet
  facet normal -0 0 1
    outer loop
      vertex 39.796 -162.044 6
      vertex 40.0774 -164.901 6
      vertex 40.0774 -161.959 6
    endloop
  endfacet
  facet normal 0 0 1
    outer loop
      vertex 39.796 -162.044 6
      vertex 39.796 -164.816 6
      vertex 40.0774 -164.901 6
    endloop
  endfacet
  facet normal -0 0 1
    outer loop
      vertex 39.5366 -162.183 6
      vertex 39.796 -164.816 6
      vertex 39.796 -162.044 6
    endloop
  endfacet
  facet normal 0 0 1
    outer loop
      vertex 39.5366 -162.183 6
      vertex 39.5366 -164.677 6
      vertex 39.796 -164.816 6
    endloop
  endfacet
  facet normal -0 0 1
    outer loop
      vertex 39.3093 -162.369 6
      vertex 39.5366 -164.677 6
      vertex 39.5366 -162.183 6
    endloop
  endfacet
  facet normal 0 0 1
    outer loop
      vertex 39.3093 -162.369 6
      vertex 39.3093 -164.491 6
      vertex 39.5366 -164.677 6
    endloop
  endfacet
  facet normal -0 0 1
    outer loop
      vertex 39.1228 -162.597 6
      vertex 39.3093 -164.491 6
      vertex 39.3093 -162.369 6
    endloop
  endfacet
  facet normal 0 0 1
    outer loop
      vertex 39.1228 -162.597 6
      vertex 39.1228 -164.263 6
      vertex 39.3093 -164.491 6
    endloop
  endfacet
  facet normal -0 0 1
    outer loop
      vertex 38.9842 -162.856 6
      vertex 39.1228 -164.263 6
      vertex 39.1228 -162.597 6
    endloop
  endfacet
  facet normal 0 0 1
    outer loop
      vertex 38.9842 -162.856 6
      vertex 38.9842 -164.004 6
      vertex 39.1228 -164.263 6
    endloop
  endfacet
  facet normal -0 0 1
    outer loop
      vertex 38.8988 -163.137 6
      vertex 38.9842 -164.004 6
      vertex 38.9842 -162.856 6
    endloop
  endfacet
  facet normal 0 0 1
    outer loop
      vertex 38.8988 -163.137 6
      vertex 38.8988 -163.723 6
      vertex 38.9842 -164.004 6
    endloop
  endfacet
  facet normal 0 -0 1
    outer loop
      vertex 38.8988 -163.723 6
      vertex 38.8988 -163.137 6
      vertex 38.87 -163.43 6
    endloop
  endfacet
  facet normal 0 0 1
    outer loop
      vertex 21.8412 -163.137 6
      vertex 21.8412 -163.723 6
      vertex 21.87 -163.43 6
    endloop
  endfacet
  facet normal 0 0 1
    outer loop
      vertex 21.7558 -162.856 6
      vertex 21.8412 -163.723 6
      vertex 21.8412 -163.137 6
    endloop
  endfacet
  facet normal 0 0 1
    outer loop
      vertex 21.7558 -162.856 6
      vertex 21.7558 -164.004 6
      vertex 21.8412 -163.723 6
    endloop
  endfacet
  facet normal 0 0 1
    outer loop
      vertex 21.6172 -162.597 6
      vertex 21.7558 -164.004 6
      vertex 21.7558 -162.856 6
    endloop
  endfacet
  facet normal 0 0 1
    outer loop
      vertex 21.6172 -162.597 6
      vertex 21.6172 -164.263 6
      vertex 21.7558 -164.004 6
    endloop
  endfacet
  facet normal 0 0 1
    outer loop
      vertex 21.4306 -162.369 6
      vertex 21.6172 -164.263 6
      vertex 21.6172 -162.597 6
    endloop
  endfacet
  facet normal 0 0 1
    outer loop
      vertex 21.4306 -162.369 6
      vertex 21.4306 -164.491 6
      vertex 21.6172 -164.263 6
    endloop
  endfacet
  facet normal 0 0 1
    outer loop
      vertex 21.2034 -162.183 6
      vertex 21.4306 -164.491 6
      vertex 21.4306 -162.369 6
    endloop
  endfacet
  facet normal 0 0 1
    outer loop
      vertex 21.2034 -162.183 6
      vertex 21.2034 -164.677 6
      vertex 21.4306 -164.491 6
    endloop
  endfacet
  facet normal 0 0 1
    outer loop
      vertex 20.944 -162.044 6
      vertex 21.2034 -164.677 6
      vertex 21.2034 -162.183 6
    endloop
  endfacet
  facet normal 0 0 1
    outer loop
      vertex 20.944 -162.044 6
      vertex 20.944 -164.816 6
      vertex 21.2034 -164.677 6
    endloop
  endfacet
  facet normal 0 0 1
    outer loop
      vertex 20.6626 -161.959 6
      vertex 20.944 -164.816 6
      vertex 20.944 -162.044 6
    endloop
  endfacet
  facet normal 0 0 1
    outer loop
      vertex 20.6626 -161.959 6
      vertex 20.6626 -164.901 6
      vertex 20.944 -164.816 6
    endloop
  endfacet
  facet normal 0 0 1
    outer loop
      vertex 20.37 -161.93 6
      vertex 20.6626 -164.901 6
      vertex 20.6626 -161.959 6
    endloop
  endfacet
  facet normal 0 0 1
    outer loop
      vertex 20.37 -161.93 6
      vertex 20.37 -164.93 6
      vertex 20.6626 -164.901 6
    endloop
  endfacet
  facet normal -0 0 1
    outer loop
      vertex 20.0774 -161.959 6
      vertex 20.37 -164.93 6
      vertex 20.37 -161.93 6
    endloop
  endfacet
  facet normal 0 0 1
    outer loop
      vertex 20.0774 -161.959 6
      vertex 20.0774 -164.901 6
      vertex 20.37 -164.93 6
    endloop
  endfacet
  facet normal -0 0 1
    outer loop
      vertex 19.796 -162.044 6
      vertex 20.0774 -164.901 6
      vertex 20.0774 -161.959 6
    endloop
  endfacet
  facet normal 0 0 1
    outer loop
      vertex 19.796 -162.044 6
      vertex 19.796 -164.816 6
      vertex 20.0774 -164.901 6
    endloop
  endfacet
  facet normal -0 0 1
    outer loop
      vertex 19.5366 -162.183 6
      vertex 19.796 -164.816 6
      vertex 19.796 -162.044 6
    endloop
  endfacet
  facet normal 0 0 1
    outer loop
      vertex 19.5366 -162.183 6
      vertex 19.5366 -164.677 6
      vertex 19.796 -164.816 6
    endloop
  endfacet
  facet normal -0 0 1
    outer loop
      vertex 19.3093 -162.369 6
      vertex 19.5366 -164.677 6
      vertex 19.5366 -162.183 6
    endloop
  endfacet
  facet normal 0 0 1
    outer loop
      vertex 19.3093 -162.369 6
      vertex 19.3093 -164.491 6
      vertex 19.5366 -164.677 6
    endloop
  endfacet
  facet normal -0 0 1
    outer loop
      vertex 19.1228 -162.597 6
      vertex 19.3093 -164.491 6
      vertex 19.3093 -162.369 6
    endloop
  endfacet
  facet normal 0 0 1
    outer loop
      vertex 19.1228 -162.597 6
      vertex 19.1228 -164.263 6
      vertex 19.3093 -164.491 6
    endloop
  endfacet
  facet normal -0 0 1
    outer loop
      vertex 18.9842 -162.856 6
      vertex 19.1228 -164.263 6
      vertex 19.1228 -162.597 6
    endloop
  endfacet
  facet normal 0 0 1
    outer loop
      vertex 18.9842 -162.856 6
      vertex 18.9842 -164.004 6
      vertex 19.1228 -164.263 6
    endloop
  endfacet
  facet normal -0 0 1
    outer loop
      vertex 18.8988 -163.137 6
      vertex 18.9842 -164.004 6
      vertex 18.9842 -162.856 6
    endloop
  endfacet
  facet normal 0 0 1
    outer loop
      vertex 18.8988 -163.137 6
      vertex 18.8988 -163.723 6
      vertex 18.9842 -164.004 6
    endloop
  endfacet
  facet normal 0 -0 1
    outer loop
      vertex 18.8988 -163.723 6
      vertex 18.8988 -163.137 6
      vertex 18.87 -163.43 6
    endloop
  endfacet
  facet normal 0 0 1
    outer loop
      vertex 50.44 -173.73 6
      vertex 52.24 -173.73 6
      vertex 52.2143 -173.338 6
    endloop
  endfacet
  facet normal 0 0 1
    outer loop
      vertex 50.3991 -173.419 6
      vertex 52.2143 -173.338 6
      vertex 52.1378 -172.954 6
    endloop
  endfacet
  facet normal 0 0 1
    outer loop
      vertex 52.24 -173.73 6
      vertex 50.44 -173.73 6
      vertex 52.2143 -174.122 6
    endloop
  endfacet
  facet normal 0 0 1
    outer loop
      vertex 50.3991 -173.419 6
      vertex 52.1378 -172.954 6
      vertex 52.0116 -172.582 6
    endloop
  endfacet
  facet normal -0 0 1
    outer loop
      vertex 50.3991 -174.041 6
      vertex 52.2143 -174.122 6
      vertex 50.44 -173.73 6
    endloop
  endfacet
  facet normal 0 0 1
    outer loop
      vertex 50.2792 -173.13 6
      vertex 52.0116 -172.582 6
      vertex 51.8381 -172.23 6
    endloop
  endfacet
  facet normal 0 0 1
    outer loop
      vertex 52.2143 -174.122 6
      vertex 50.3991 -174.041 6
      vertex 52.1378 -174.506 6
    endloop
  endfacet
  facet normal 0 0 1
    outer loop
      vertex 50.2792 -173.13 6
      vertex 51.8381 -172.23 6
      vertex 51.6201 -171.904 6
    endloop
  endfacet
  facet normal 0 0 1
    outer loop
      vertex 52.1378 -174.506 6
      vertex 50.3991 -174.041 6
      vertex 52.0116 -174.878 6
    endloop
  endfacet
  facet normal 0 0 1
    outer loop
      vertex 50.0885 -172.881 6
      vertex 51.6201 -171.904 6
      vertex 51.3613 -171.609 6
    endloop
  endfacet
  facet normal -0 0 1
    outer loop
      vertex 50.2792 -174.33 6
      vertex 52.0116 -174.878 6
      vertex 50.3991 -174.041 6
    endloop
  endfacet
  facet normal 0 0 1
    outer loop
      vertex 50.0885 -172.881 6
      vertex 51.3613 -171.609 6
      vertex 51.0663 -171.35 6
    endloop
  endfacet
  facet normal 0 0 1
    outer loop
      vertex 52.0116 -174.878 6
      vertex 50.2792 -174.33 6
      vertex 51.8381 -175.23 6
    endloop
  endfacet
  facet normal 0 0 1
    outer loop
      vertex 49.84 -172.691 6
      vertex 51.0663 -171.35 6
      vertex 50.74 -171.132 6
    endloop
  endfacet
  facet normal 0 0 1
    outer loop
      vertex 51.8381 -175.23 6
      vertex 50.2792 -174.33 6
      vertex 51.6201 -175.556 6
    endloop
  endfacet
  facet normal -0 0 1
    outer loop
      vertex 50.0885 -174.579 6
      vertex 51.6201 -175.556 6
      vertex 50.2792 -174.33 6
    endloop
  endfacet
  facet normal 0 0 1
    outer loop
      vertex 52.2143 -173.338 6
      vertex 50.3991 -173.419 6
      vertex 50.44 -173.73 6
    endloop
  endfacet
  facet normal 0 0 1
    outer loop
      vertex 49.84 -172.691 6
      vertex 50.74 -171.132 6
      vertex 50.388 -170.958 6
    endloop
  endfacet
  facet normal 0 0 1
    outer loop
      vertex 52.0116 -172.582 6
      vertex 50.2792 -173.13 6
      vertex 50.3991 -173.419 6
    endloop
  endfacet
  facet normal 0 0 1
    outer loop
      vertex 51.6201 -171.904 6
      vertex 50.0885 -172.881 6
      vertex 50.2792 -173.13 6
    endloop
  endfacet
  facet normal 0 0 1
    outer loop
      vertex 49.5506 -172.571 6
      vertex 50.388 -170.958 6
      vertex 50.0164 -170.832 6
    endloop
  endfacet
  facet normal 0 0 1
    outer loop
      vertex 51.0663 -171.35 6
      vertex 49.84 -172.691 6
      vertex 50.0885 -172.881 6
    endloop
  endfacet
  facet normal 0 0 1
    outer loop
      vertex 49.5506 -172.571 6
      vertex 50.0164 -170.832 6
      vertex 49.6316 -170.756 6
    endloop
  endfacet
  facet normal 0 0 1
    outer loop
      vertex 50.388 -170.958 6
      vertex 49.5506 -172.571 6
      vertex 49.84 -172.691 6
    endloop
  endfacet
  facet normal 0 0 1
    outer loop
      vertex 49.6316 -170.756 6
      vertex 49.24 -172.53 6
      vertex 49.5506 -172.571 6
    endloop
  endfacet
  facet normal 0 0 1
    outer loop
      vertex 49.24 -170.73 6
      vertex 49.24 -172.53 6
      vertex 49.6316 -170.756 6
    endloop
  endfacet
  facet normal -0 0 1
    outer loop
      vertex 48.8484 -170.756 6
      vertex 49.24 -172.53 6
      vertex 49.24 -170.73 6
    endloop
  endfacet
  facet normal 0 0 1
    outer loop
      vertex 49.24 -172.53 6
      vertex 48.8484 -170.756 6
      vertex 48.9294 -172.571 6
    endloop
  endfacet
  facet normal -0 0 1
    outer loop
      vertex 48.4635 -170.832 6
      vertex 48.9294 -172.571 6
      vertex 48.8484 -170.756 6
    endloop
  endfacet
  facet normal -0 0 1
    outer loop
      vertex 48.0919 -170.958 6
      vertex 48.9294 -172.571 6
      vertex 48.4635 -170.832 6
    endloop
  endfacet
  facet normal 0 0 1
    outer loop
      vertex 48.9294 -172.571 6
      vertex 48.0919 -170.958 6
      vertex 48.64 -172.691 6
    endloop
  endfacet
  facet normal -0 0 1
    outer loop
      vertex 47.74 -171.132 6
      vertex 48.64 -172.691 6
      vertex 48.0919 -170.958 6
    endloop
  endfacet
  facet normal -0 0 1
    outer loop
      vertex 47.4137 -171.35 6
      vertex 48.64 -172.691 6
      vertex 47.74 -171.132 6
    endloop
  endfacet
  facet normal 0 0 1
    outer loop
      vertex 48.64 -172.691 6
      vertex 47.4137 -171.35 6
      vertex 48.3915 -172.881 6
    endloop
  endfacet
  facet normal -0 0 1
    outer loop
      vertex 47.1187 -171.609 6
      vertex 48.3915 -172.881 6
      vertex 47.4137 -171.35 6
    endloop
  endfacet
  facet normal -0 0 1
    outer loop
      vertex 46.8599 -171.904 6
      vertex 48.3915 -172.881 6
      vertex 47.1187 -171.609 6
    endloop
  endfacet
  facet normal 0 0 1
    outer loop
      vertex 51.6201 -175.556 6
      vertex 50.0885 -174.579 6
      vertex 51.3613 -175.851 6
    endloop
  endfacet
  facet normal 0 0 1
    outer loop
      vertex 51.3613 -175.851 6
      vertex 50.0885 -174.579 6
      vertex 51.0663 -176.11 6
    endloop
  endfacet
  facet normal -0 0 1
    outer loop
      vertex 49.84 -174.769 6
      vertex 51.0663 -176.11 6
      vertex 50.0885 -174.579 6
    endloop
  endfacet
  facet normal 0 0 1
    outer loop
      vertex 51.0663 -176.11 6
      vertex 49.84 -174.769 6
      vertex 50.74 -176.328 6
    endloop
  endfacet
  facet normal 0 0 1
    outer loop
      vertex 50.74 -176.328 6
      vertex 49.84 -174.769 6
      vertex 50.388 -176.502 6
    endloop
  endfacet
  facet normal -0 0 1
    outer loop
      vertex 49.5506 -174.889 6
      vertex 50.388 -176.502 6
      vertex 49.84 -174.769 6
    endloop
  endfacet
  facet normal 0 0 1
    outer loop
      vertex 50.388 -176.502 6
      vertex 49.5506 -174.889 6
      vertex 50.0164 -176.628 6
    endloop
  endfacet
  facet normal 0 0 1
    outer loop
      vertex 50.0164 -176.628 6
      vertex 49.5506 -174.889 6
      vertex 49.6316 -176.704 6
    endloop
  endfacet
  facet normal -0 0 1
    outer loop
      vertex 49.24 -174.93 6
      vertex 49.6316 -176.704 6
      vertex 49.5506 -174.889 6
    endloop
  endfacet
  facet normal 0 0 1
    outer loop
      vertex 49.24 -174.93 6
      vertex 49.24 -176.73 6
      vertex 49.6316 -176.704 6
    endloop
  endfacet
  facet normal 0 0 1
    outer loop
      vertex 48.8484 -176.704 6
      vertex 49.24 -174.93 6
      vertex 48.9294 -174.889 6
    endloop
  endfacet
  facet normal 0 0 1
    outer loop
      vertex 49.24 -174.93 6
      vertex 48.8484 -176.704 6
      vertex 49.24 -176.73 6
    endloop
  endfacet
  facet normal 0 0 1
    outer loop
      vertex 48.0919 -176.502 6
      vertex 48.9294 -174.889 6
      vertex 48.64 -174.769 6
    endloop
  endfacet
  facet normal 0 0 1
    outer loop
      vertex 48.9294 -174.889 6
      vertex 48.4635 -176.628 6
      vertex 48.8484 -176.704 6
    endloop
  endfacet
  facet normal 0 0 1
    outer loop
      vertex 47.4137 -176.11 6
      vertex 48.64 -174.769 6
      vertex 48.3915 -174.579 6
    endloop
  endfacet
  facet normal 0 0 1
    outer loop
      vertex 46.8599 -175.556 6
      vertex 48.3915 -174.579 6
      vertex 48.2008 -174.33 6
    endloop
  endfacet
  facet normal 0 0 1
    outer loop
      vertex 48.9294 -174.889 6
      vertex 48.0919 -176.502 6
      vertex 48.4635 -176.628 6
    endloop
  endfacet
  facet normal 0 0 1
    outer loop
      vertex 46.4684 -174.878 6
      vertex 48.2008 -174.33 6
      vertex 48.0809 -174.041 6
    endloop
  endfacet
  facet normal 0 0 1
    outer loop
      vertex 46.2657 -174.122 6
      vertex 48.0809 -174.041 6
      vertex 48.04 -173.73 6
    endloop
  endfacet
  facet normal 0 0 1
    outer loop
      vertex 48.3915 -172.881 6
      vertex 46.8599 -171.904 6
      vertex 48.2008 -173.13 6
    endloop
  endfacet
  facet normal 0 0 1
    outer loop
      vertex 48.64 -174.769 6
      vertex 47.74 -176.328 6
      vertex 48.0919 -176.502 6
    endloop
  endfacet
  facet normal -0 0 1
    outer loop
      vertex 46.6419 -172.23 6
      vertex 48.2008 -173.13 6
      vertex 46.8599 -171.904 6
    endloop
  endfacet
  facet normal 0 0 1
    outer loop
      vertex 48.64 -174.769 6
      vertex 47.4137 -176.11 6
      vertex 47.74 -176.328 6
    endloop
  endfacet
  facet normal -0 0 1
    outer loop
      vertex 46.4684 -172.582 6
      vertex 48.2008 -173.13 6
      vertex 46.6419 -172.23 6
    endloop
  endfacet
  facet normal 0 0 1
    outer loop
      vertex 48.3915 -174.579 6
      vertex 47.1187 -175.851 6
      vertex 47.4137 -176.11 6
    endloop
  endfacet
  facet normal 0 0 1
    outer loop
      vertex 48.2008 -173.13 6
      vertex 46.4684 -172.582 6
      vertex 48.0809 -173.419 6
    endloop
  endfacet
  facet normal 0 0 1
    outer loop
      vertex 48.3915 -174.579 6
      vertex 46.8599 -175.556 6
      vertex 47.1187 -175.851 6
    endloop
  endfacet
  facet normal -0 0 1
    outer loop
      vertex 46.3422 -172.954 6
      vertex 48.0809 -173.419 6
      vertex 46.4684 -172.582 6
    endloop
  endfacet
  facet normal 0 0 1
    outer loop
      vertex 48.2008 -174.33 6
      vertex 46.6419 -175.23 6
      vertex 46.8599 -175.556 6
    endloop
  endfacet
  facet normal -0 0 1
    outer loop
      vertex 46.2657 -173.338 6
      vertex 48.0809 -173.419 6
      vertex 46.3422 -172.954 6
    endloop
  endfacet
  facet normal 0 0 1
    outer loop
      vertex 48.2008 -174.33 6
      vertex 46.4684 -174.878 6
      vertex 46.6419 -175.23 6
    endloop
  endfacet
  facet normal 0 0 1
    outer loop
      vertex 48.0809 -173.419 6
      vertex 46.2657 -173.338 6
      vertex 48.04 -173.73 6
    endloop
  endfacet
  facet normal 0 0 1
    outer loop
      vertex 48.0809 -174.041 6
      vertex 46.3422 -174.506 6
      vertex 46.4684 -174.878 6
    endloop
  endfacet
  facet normal 0 0 1
    outer loop
      vertex 46.24 -173.73 6
      vertex 48.04 -173.73 6
      vertex 46.2657 -173.338 6
    endloop
  endfacet
  facet normal 0 0 1
    outer loop
      vertex 48.0809 -174.041 6
      vertex 46.2657 -174.122 6
      vertex 46.3422 -174.506 6
    endloop
  endfacet
  facet normal 0 0 1
    outer loop
      vertex 48.04 -173.73 6
      vertex 46.24 -173.73 6
      vertex 46.2657 -174.122 6
    endloop
  endfacet
  facet normal 0 0 1
    outer loop
      vertex 12.7 -173.73 6
      vertex 14.5 -173.73 6
      vertex 14.4743 -173.338 6
    endloop
  endfacet
  facet normal 0 0 1
    outer loop
      vertex 12.6591 -173.419 6
      vertex 14.4743 -173.338 6
      vertex 14.3978 -172.954 6
    endloop
  endfacet
  facet normal 0 0 1
    outer loop
      vertex 14.5 -173.73 6
      vertex 12.7 -173.73 6
      vertex 14.4743 -174.122 6
    endloop
  endfacet
  facet normal 0 0 1
    outer loop
      vertex 12.6591 -173.419 6
      vertex 14.3978 -172.954 6
      vertex 14.2716 -172.582 6
    endloop
  endfacet
  facet normal -0 0 1
    outer loop
      vertex 12.6591 -174.041 6
      vertex 14.4743 -174.122 6
      vertex 12.7 -173.73 6
    endloop
  endfacet
  facet normal 0 0 1
    outer loop
      vertex 12.5392 -173.13 6
      vertex 14.2716 -172.582 6
      vertex 14.0981 -172.23 6
    endloop
  endfacet
  facet normal 0 0 1
    outer loop
      vertex 14.4743 -174.122 6
      vertex 12.6591 -174.041 6
      vertex 14.3978 -174.506 6
    endloop
  endfacet
  facet normal 0 0 1
    outer loop
      vertex 12.5392 -173.13 6
      vertex 14.0981 -172.23 6
      vertex 13.8801 -171.904 6
    endloop
  endfacet
  facet normal 0 0 1
    outer loop
      vertex 14.3978 -174.506 6
      vertex 12.6591 -174.041 6
      vertex 14.2716 -174.878 6
    endloop
  endfacet
  facet normal 0 0 1
    outer loop
      vertex 12.3485 -172.881 6
      vertex 13.8801 -171.904 6
      vertex 13.6213 -171.609 6
    endloop
  endfacet
  facet normal -0 0 1
    outer loop
      vertex 12.5392 -174.33 6
      vertex 14.2716 -174.878 6
      vertex 12.6591 -174.041 6
    endloop
  endfacet
  facet normal 0 0 1
    outer loop
      vertex 12.3485 -172.881 6
      vertex 13.6213 -171.609 6
      vertex 13.3263 -171.35 6
    endloop
  endfacet
  facet normal 0 0 1
    outer loop
      vertex 14.2716 -174.878 6
      vertex 12.5392 -174.33 6
      vertex 14.0981 -175.23 6
    endloop
  endfacet
  facet normal 0 0 1
    outer loop
      vertex 12.1 -172.691 6
      vertex 13.3263 -171.35 6
      vertex 13 -171.132 6
    endloop
  endfacet
  facet normal 0 0 1
    outer loop
      vertex 14.0981 -175.23 6
      vertex 12.5392 -174.33 6
      vertex 13.8801 -175.556 6
    endloop
  endfacet
  facet normal -0 0 1
    outer loop
      vertex 12.3485 -174.579 6
      vertex 13.8801 -175.556 6
      vertex 12.5392 -174.33 6
    endloop
  endfacet
  facet normal 0 0 1
    outer loop
      vertex 14.4743 -173.338 6
      vertex 12.6591 -173.419 6
      vertex 12.7 -173.73 6
    endloop
  endfacet
  facet normal 0 0 1
    outer loop
      vertex 12.1 -172.691 6
      vertex 13 -171.132 6
      vertex 12.648 -170.958 6
    endloop
  endfacet
  facet normal 0 0 1
    outer loop
      vertex 14.2716 -172.582 6
      vertex 12.5392 -173.13 6
      vertex 12.6591 -173.419 6
    endloop
  endfacet
  facet normal 0 0 1
    outer loop
      vertex 13.8801 -171.904 6
      vertex 12.3485 -172.881 6
      vertex 12.5392 -173.13 6
    endloop
  endfacet
  facet normal 0 0 1
    outer loop
      vertex 11.8106 -172.571 6
      vertex 12.648 -170.958 6
      vertex 12.2764 -170.832 6
    endloop
  endfacet
  facet normal 0 0 1
    outer loop
      vertex 13.3263 -171.35 6
      vertex 12.1 -172.691 6
      vertex 12.3485 -172.881 6
    endloop
  endfacet
  facet normal 0 0 1
    outer loop
      vertex 11.8106 -172.571 6
      vertex 12.2764 -170.832 6
      vertex 11.8916 -170.756 6
    endloop
  endfacet
  facet normal 0 0 1
    outer loop
      vertex 12.648 -170.958 6
      vertex 11.8106 -172.571 6
      vertex 12.1 -172.691 6
    endloop
  endfacet
  facet normal 0 0 1
    outer loop
      vertex 11.5 -172.53 6
      vertex 11.8916 -170.756 6
      vertex 11.5 -170.73 6
    endloop
  endfacet
  facet normal 0 0 1
    outer loop
      vertex 11.8916 -170.756 6
      vertex 11.5 -172.53 6
      vertex 11.8106 -172.571 6
    endloop
  endfacet
  facet normal -0 0 1
    outer loop
      vertex 11.1084 -170.756 6
      vertex 11.5 -172.53 6
      vertex 11.5 -170.73 6
    endloop
  endfacet
  facet normal 0 0 1
    outer loop
      vertex 11.5 -172.53 6
      vertex 11.1084 -170.756 6
      vertex 11.1894 -172.571 6
    endloop
  endfacet
  facet normal -0 0 1
    outer loop
      vertex 10.7235 -170.832 6
      vertex 11.1894 -172.571 6
      vertex 11.1084 -170.756 6
    endloop
  endfacet
  facet normal -0 0 1
    outer loop
      vertex 10.3519 -170.958 6
      vertex 11.1894 -172.571 6
      vertex 10.7235 -170.832 6
    endloop
  endfacet
  facet normal 0 0 1
    outer loop
      vertex 11.1894 -172.571 6
      vertex 10.3519 -170.958 6
      vertex 10.9 -172.691 6
    endloop
  endfacet
  facet normal -0 0 1
    outer loop
      vertex 10 -171.132 6
      vertex 10.9 -172.691 6
      vertex 10.3519 -170.958 6
    endloop
  endfacet
  facet normal -0 0 1
    outer loop
      vertex 9.67371 -171.35 6
      vertex 10.9 -172.691 6
      vertex 10 -171.132 6
    endloop
  endfacet
  facet normal 0 0 1
    outer loop
      vertex 10.9 -172.691 6
      vertex 9.67371 -171.35 6
      vertex 10.6515 -172.881 6
    endloop
  endfacet
  facet normal -0 0 1
    outer loop
      vertex 9.37868 -171.609 6
      vertex 10.6515 -172.881 6
      vertex 9.67371 -171.35 6
    endloop
  endfacet
  facet normal -0 0 1
    outer loop
      vertex 9.11993 -171.904 6
      vertex 10.6515 -172.881 6
      vertex 9.37868 -171.609 6
    endloop
  endfacet
  facet normal 0 0 1
    outer loop
      vertex 13.8801 -175.556 6
      vertex 12.3485 -174.579 6
      vertex 13.6213 -175.851 6
    endloop
  endfacet
  facet normal 0 0 1
    outer loop
      vertex 13.6213 -175.851 6
      vertex 12.3485 -174.579 6
      vertex 13.3263 -176.11 6
    endloop
  endfacet
  facet normal -0 0 1
    outer loop
      vertex 12.1 -174.769 6
      vertex 13.3263 -176.11 6
      vertex 12.3485 -174.579 6
    endloop
  endfacet
  facet normal 0 0 1
    outer loop
      vertex 13.3263 -176.11 6
      vertex 12.1 -174.769 6
      vertex 13 -176.328 6
    endloop
  endfacet
  facet normal 0 0 1
    outer loop
      vertex 13 -176.328 6
      vertex 12.1 -174.769 6
      vertex 12.648 -176.502 6
    endloop
  endfacet
  facet normal -0 0 1
    outer loop
      vertex 11.8106 -174.889 6
      vertex 12.648 -176.502 6
      vertex 12.1 -174.769 6
    endloop
  endfacet
  facet normal 0 0 1
    outer loop
      vertex 12.648 -176.502 6
      vertex 11.8106 -174.889 6
      vertex 12.2764 -176.628 6
    endloop
  endfacet
  facet normal 0 0 1
    outer loop
      vertex 12.2764 -176.628 6
      vertex 11.8106 -174.889 6
      vertex 11.8916 -176.704 6
    endloop
  endfacet
  facet normal -0 0 1
    outer loop
      vertex 11.5 -174.93 6
      vertex 11.8916 -176.704 6
      vertex 11.8106 -174.889 6
    endloop
  endfacet
  facet normal 0 0 1
    outer loop
      vertex 11.5 -174.93 6
      vertex 11.5 -176.73 6
      vertex 11.8916 -176.704 6
    endloop
  endfacet
  facet normal 0 0 1
    outer loop
      vertex 11.1084 -176.704 6
      vertex 11.5 -174.93 6
      vertex 11.1894 -174.889 6
    endloop
  endfacet
  facet normal 0 0 1
    outer loop
      vertex 11.5 -174.93 6
      vertex 11.1084 -176.704 6
      vertex 11.5 -176.73 6
    endloop
  endfacet
  facet normal 0 0 1
    outer loop
      vertex 10.3519 -176.502 6
      vertex 11.1894 -174.889 6
      vertex 10.9 -174.769 6
    endloop
  endfacet
  facet normal 0 0 1
    outer loop
      vertex 11.1894 -174.889 6
      vertex 10.7235 -176.628 6
      vertex 11.1084 -176.704 6
    endloop
  endfacet
  facet normal 0 0 1
    outer loop
      vertex 9.67371 -176.11 6
      vertex 10.9 -174.769 6
      vertex 10.6515 -174.579 6
    endloop
  endfacet
  facet normal 0 0 1
    outer loop
      vertex 9.11993 -175.556 6
      vertex 10.6515 -174.579 6
      vertex 10.4608 -174.33 6
    endloop
  endfacet
  facet normal 0 0 1
    outer loop
      vertex 11.1894 -174.889 6
      vertex 10.3519 -176.502 6
      vertex 10.7235 -176.628 6
    endloop
  endfacet
  facet normal 0 0 1
    outer loop
      vertex 8.72835 -174.878 6
      vertex 10.4608 -174.33 6
      vertex 10.3409 -174.041 6
    endloop
  endfacet
  facet normal 0 0 1
    outer loop
      vertex 8.52567 -174.122 6
      vertex 10.3409 -174.041 6
      vertex 10.3 -173.73 6
    endloop
  endfacet
  facet normal 0 0 1
    outer loop
      vertex 10.6515 -172.881 6
      vertex 9.11993 -171.904 6
      vertex 10.4608 -173.13 6
    endloop
  endfacet
  facet normal 0 0 1
    outer loop
      vertex 10.9 -174.769 6
      vertex 10 -176.328 6
      vertex 10.3519 -176.502 6
    endloop
  endfacet
  facet normal -0 0 1
    outer loop
      vertex 8.90192 -172.23 6
      vertex 10.4608 -173.13 6
      vertex 9.11993 -171.904 6
    endloop
  endfacet
  facet normal 0 0 1
    outer loop
      vertex 10.9 -174.769 6
      vertex 9.67371 -176.11 6
      vertex 10 -176.328 6
    endloop
  endfacet
  facet normal -0 0 1
    outer loop
      vertex 8.72835 -172.582 6
      vertex 10.4608 -173.13 6
      vertex 8.90192 -172.23 6
    endloop
  endfacet
  facet normal 0 0 1
    outer loop
      vertex 10.6515 -174.579 6
      vertex 9.37868 -175.851 6
      vertex 9.67371 -176.11 6
    endloop
  endfacet
  facet normal 0 0 1
    outer loop
      vertex 10.4608 -173.13 6
      vertex 8.72835 -172.582 6
      vertex 10.3409 -173.419 6
    endloop
  endfacet
  facet normal 0 0 1
    outer loop
      vertex 10.6515 -174.579 6
      vertex 9.11993 -175.556 6
      vertex 9.37868 -175.851 6
    endloop
  endfacet
  facet normal -0 0 1
    outer loop
      vertex 8.60222 -172.954 6
      vertex 10.3409 -173.419 6
      vertex 8.72835 -172.582 6
    endloop
  endfacet
  facet normal 0 0 1
    outer loop
      vertex 10.4608 -174.33 6
      vertex 8.90192 -175.23 6
      vertex 9.11993 -175.556 6
    endloop
  endfacet
  facet normal -0 0 1
    outer loop
      vertex 8.52567 -173.338 6
      vertex 10.3409 -173.419 6
      vertex 8.60222 -172.954 6
    endloop
  endfacet
  facet normal 0 0 1
    outer loop
      vertex 10.4608 -174.33 6
      vertex 8.72835 -174.878 6
      vertex 8.90192 -175.23 6
    endloop
  endfacet
  facet normal 0 0 1
    outer loop
      vertex 10.3409 -173.419 6
      vertex 8.52567 -173.338 6
      vertex 10.3 -173.73 6
    endloop
  endfacet
  facet normal 0 0 1
    outer loop
      vertex 10.3409 -174.041 6
      vertex 8.60222 -174.506 6
      vertex 8.72835 -174.878 6
    endloop
  endfacet
  facet normal 0 0 1
    outer loop
      vertex 8.5 -173.73 6
      vertex 10.3 -173.73 6
      vertex 8.52567 -173.338 6
    endloop
  endfacet
  facet normal 0 0 1
    outer loop
      vertex 10.3409 -174.041 6
      vertex 8.52567 -174.122 6
      vertex 8.60222 -174.506 6
    endloop
  endfacet
  facet normal 0 0 1
    outer loop
      vertex 10.3 -173.73 6
      vertex 8.5 -173.73 6
      vertex 8.52567 -174.122 6
    endloop
  endfacet
  facet normal 0 1 0
    outer loop
      vertex 57.49 -3.25 6
      vertex 56.27 -3.25 2.99
      vertex 56.19 -3.25 6
    endloop
  endfacet
  facet normal 0 1 -0
    outer loop
      vertex 57.49 -3.25 2.99
      vertex 56.27 -3.25 2.99
      vertex 57.49 -3.25 6
    endloop
  endfacet
  facet normal 0 1 0
    outer loop
      vertex 56.19 -3.25 6
      vertex 56.27 -3.25 2.99
      vertex 56.19 -3.25 2.99
    endloop
  endfacet
  facet normal -1 0 0
    outer loop
      vertex 56.19 -89.55 1.5
      vertex 56.19 -90.16 1.5
      vertex 56.19 -89.55 2.99
    endloop
  endfacet
  facet normal -1 0 0
    outer loop
      vertex 56.19 -8.75 1.5
      vertex 56.19 -83.55 1.5
      vertex 56.19 -8.75 2.99
    endloop
  endfacet
  facet normal -1 0 0
    outer loop
      vertex 56.19 -8.75 2.99
      vertex 56.19 -3.25 6
      vertex 56.19 -3.25 2.99
    endloop
  endfacet
  facet normal -1 0 0
    outer loop
      vertex 56.19 -83.55 2.99
      vertex 56.19 -8.75 2.99
      vertex 56.19 -83.55 1.5
    endloop
  endfacet
  facet normal -1 0 0
    outer loop
      vertex 56.19 -8.75 2.99
      vertex 56.19 -83.55 2.99
      vertex 56.19 -3.25 6
    endloop
  endfacet
  facet normal -1 0 0
    outer loop
      vertex 56.19 -90.16 6
      vertex 56.19 -83.55 2.99
      vertex 56.19 -89.55 2.99
    endloop
  endfacet
  facet normal -1 0 0
    outer loop
      vertex 56.19 -83.55 2.99
      vertex 56.19 -90.16 6
      vertex 56.19 -3.25 6
    endloop
  endfacet
  facet normal -1 0 0
    outer loop
      vertex 56.19 -90.16 6
      vertex 56.19 -89.55 2.99
      vertex 56.19 -90.16 1.5
    endloop
  endfacet
  facet normal 0 -1 0
    outer loop
      vertex 56.19 -90.16 6
      vertex 57.49 -90.16 2.99
      vertex 57.49 -90.16 6
    endloop
  endfacet
  facet normal 0 -1 0
    outer loop
      vertex 56.19 -90.16 1.5
      vertex 57.49 -90.16 2.99
      vertex 56.19 -90.16 6
    endloop
  endfacet
  facet normal 0 -1 -0
    outer loop
      vertex 57.49 -90.16 2.99
      vertex 56.19 -90.16 1.5
      vertex 57.49 -90.16 1.5
    endloop
  endfacet
  facet normal 0 1 0
    outer loop
      vertex 4.47 -3.25 2.99
      vertex 4.54999 -3.25 6
      vertex 4.54999 -3.25 2.99
    endloop
  endfacet
  facet normal 0 1 0
    outer loop
      vertex 4.54999 -3.25 6
      vertex 4.47 -3.25 2.99
      vertex 3.25 -3.25 6
    endloop
  endfacet
  facet normal 0 1 0
    outer loop
      vertex 4.47 -3.25 2.99
      vertex 3.25 -3.25 2.99
      vertex 3.25 -3.25 6
    endloop
  endfacet
  facet normal 0 -1 0
    outer loop
      vertex 3.25 -90.16 2.99
      vertex 4.54999 -90.16 6
      vertex 3.25 -90.16 6
    endloop
  endfacet
  facet normal 0 -1 0
    outer loop
      vertex 4.54999 -90.16 1.5
      vertex 3.25 -90.16 2.99
      vertex 3.25 -90.16 1.5
    endloop
  endfacet
  facet normal 0 -1 0
    outer loop
      vertex 3.25 -90.16 2.99
      vertex 4.54999 -90.16 1.5
      vertex 4.54999 -90.16 6
    endloop
  endfacet
  facet normal 1 0 0
    outer loop
      vertex 4.54999 -3.25 6
      vertex 4.54999 -8.75 2.99
      vertex 4.54999 -3.25 2.99
    endloop
  endfacet
  facet normal 1 0 0
    outer loop
      vertex 4.54999 -8.75 2.99
      vertex 4.54999 -83.55 2.99
      vertex 4.54999 -8.75 1.5
    endloop
  endfacet
  facet normal 1 0 0
    outer loop
      vertex 4.54999 -3.25 6
      vertex 4.54999 -83.55 2.99
      vertex 4.54999 -8.75 2.99
    endloop
  endfacet
  facet normal 1 -0 0
    outer loop
      vertex 4.54999 -90.16 6
      vertex 4.54999 -83.55 2.99
      vertex 4.54999 -3.25 6
    endloop
  endfacet
  facet normal 1 0 0
    outer loop
      vertex 4.54999 -83.55 2.99
      vertex 4.54999 -90.16 6
      vertex 4.54999 -89.55 2.99
    endloop
  endfacet
  facet normal 1 0 0
    outer loop
      vertex 4.54999 -90.16 1.5
      vertex 4.54999 -89.55 2.99
      vertex 4.54999 -90.16 6
    endloop
  endfacet
  facet normal 1 0 0
    outer loop
      vertex 4.54999 -89.55 2.99
      vertex 4.54999 -90.16 1.5
      vertex 4.54999 -89.55 1.5
    endloop
  endfacet
  facet normal 1 0 0
    outer loop
      vertex 4.54999 -8.75 1.5
      vertex 4.54999 -83.55 2.99
      vertex 4.54999 -83.55 1.5
    endloop
  endfacet
  facet normal 0.289158 -0.957282 0
    outer loop
      vertex 29.1626 -108.401 1.5
      vertex 29.444 -108.316 6
      vertex 29.1626 -108.401 6
    endloop
  endfacet
  facet normal 0.289158 -0.957282 0
    outer loop
      vertex 29.444 -108.316 6
      vertex 29.1626 -108.401 1.5
      vertex 29.444 -108.316 1.5
    endloop
  endfacet
  facet normal 0.472316 -0.881429 0
    outer loop
      vertex 29.444 -108.316 1.5
      vertex 29.7034 -108.177 6
      vertex 29.444 -108.316 6
    endloop
  endfacet
  facet normal 0.472316 -0.881429 0
    outer loop
      vertex 29.7034 -108.177 6
      vertex 29.444 -108.316 1.5
      vertex 29.7034 -108.177 1.5
    endloop
  endfacet
  facet normal 0.63346 -0.773775 0
    outer loop
      vertex 29.7034 -108.177 1.5
      vertex 29.9306 -107.991 6
      vertex 29.7034 -108.177 6
    endloop
  endfacet
  facet normal 0.63346 -0.773775 0
    outer loop
      vertex 29.9306 -107.991 6
      vertex 29.7034 -108.177 1.5
      vertex 29.9306 -107.991 1.5
    endloop
  endfacet
  facet normal 0.773867 -0.633349 0
    outer loop
      vertex 29.9306 -107.991 6
      vertex 30.1172 -107.763 1.5
      vertex 30.1172 -107.763 6
    endloop
  endfacet
  facet normal 0.773867 -0.633349 0
    outer loop
      vertex 30.1172 -107.763 1.5
      vertex 29.9306 -107.991 6
      vertex 29.9306 -107.991 1.5
    endloop
  endfacet
  facet normal 0.881692 -0.471825 0
    outer loop
      vertex 30.1172 -107.763 6
      vertex 30.2558 -107.504 1.5
      vertex 30.2558 -107.504 6
    endloop
  endfacet
  facet normal 0.881692 -0.471825 0
    outer loop
      vertex 30.2558 -107.504 1.5
      vertex 30.1172 -107.763 6
      vertex 30.1172 -107.763 1.5
    endloop
  endfacet
  facet normal 0.956789 -0.290782 0
    outer loop
      vertex 30.2558 -107.504 6
      vertex 30.3412 -107.223 1.5
      vertex 30.3412 -107.223 6
    endloop
  endfacet
  facet normal 0.956789 -0.290782 0
    outer loop
      vertex 30.3412 -107.223 1.5
      vertex 30.2558 -107.504 6
      vertex 30.2558 -107.504 1.5
    endloop
  endfacet
  facet normal 0.995204 -0.0978221 0
    outer loop
      vertex 30.3412 -107.223 6
      vertex 30.37 -106.93 1.5
      vertex 30.37 -106.93 6
    endloop
  endfacet
  facet normal 0.995204 -0.0978221 0
    outer loop
      vertex 30.37 -106.93 1.5
      vertex 30.3412 -107.223 6
      vertex 30.3412 -107.223 1.5
    endloop
  endfacet
  facet normal 0.995204 0.0978221 0
    outer loop
      vertex 30.37 -106.93 6
      vertex 30.3412 -106.637 1.5
      vertex 30.3412 -106.637 6
    endloop
  endfacet
  facet normal 0.995204 0.0978221 0
    outer loop
      vertex 30.3412 -106.637 1.5
      vertex 30.37 -106.93 6
      vertex 30.37 -106.93 1.5
    endloop
  endfacet
  facet normal 0.956789 0.290782 0
    outer loop
      vertex 30.3412 -106.637 6
      vertex 30.2558 -106.356 1.5
      vertex 30.2558 -106.356 6
    endloop
  endfacet
  facet normal 0.956789 0.290782 0
    outer loop
      vertex 30.2558 -106.356 1.5
      vertex 30.3412 -106.637 6
      vertex 30.3412 -106.637 1.5
    endloop
  endfacet
  facet normal 0.881692 0.471825 0
    outer loop
      vertex 30.2558 -106.356 6
      vertex 30.1172 -106.097 1.5
      vertex 30.1172 -106.097 6
    endloop
  endfacet
  facet normal 0.881692 0.471825 0
    outer loop
      vertex 30.1172 -106.097 1.5
      vertex 30.2558 -106.356 6
      vertex 30.2558 -106.356 1.5
    endloop
  endfacet
  facet normal 0.773867 0.633349 0
    outer loop
      vertex 30.1172 -106.097 6
      vertex 29.9306 -105.869 1.5
      vertex 29.9306 -105.869 6
    endloop
  endfacet
  facet normal 0.773867 0.633349 0
    outer loop
      vertex 29.9306 -105.869 1.5
      vertex 30.1172 -106.097 6
      vertex 30.1172 -106.097 1.5
    endloop
  endfacet
  facet normal 0.63346 0.773775 -0
    outer loop
      vertex 29.9306 -105.869 1.5
      vertex 29.7034 -105.683 6
      vertex 29.9306 -105.869 6
    endloop
  endfacet
  facet normal 0.63346 0.773775 0
    outer loop
      vertex 29.7034 -105.683 6
      vertex 29.9306 -105.869 1.5
      vertex 29.7034 -105.683 1.5
    endloop
  endfacet
  facet normal 0.472316 0.881429 -0
    outer loop
      vertex 29.7034 -105.683 1.5
      vertex 29.444 -105.544 6
      vertex 29.7034 -105.683 6
    endloop
  endfacet
  facet normal 0.472316 0.881429 0
    outer loop
      vertex 29.444 -105.544 6
      vertex 29.7034 -105.683 1.5
      vertex 29.444 -105.544 1.5
    endloop
  endfacet
  facet normal 0.289158 0.957282 -0
    outer loop
      vertex 29.444 -105.544 1.5
      vertex 29.1626 -105.459 6
      vertex 29.444 -105.544 6
    endloop
  endfacet
  facet normal 0.289158 0.957282 0
    outer loop
      vertex 29.1626 -105.459 6
      vertex 29.444 -105.544 1.5
      vertex 29.1626 -105.459 1.5
    endloop
  endfacet
  facet normal 0.0986282 0.995124 -0
    outer loop
      vertex 29.1626 -105.459 1.5
      vertex 28.87 -105.43 6
      vertex 29.1626 -105.459 6
    endloop
  endfacet
  facet normal 0.0986282 0.995124 0
    outer loop
      vertex 28.87 -105.43 6
      vertex 29.1626 -105.459 1.5
      vertex 28.87 -105.43 1.5
    endloop
  endfacet
  facet normal -0.0986282 0.995124 0
    outer loop
      vertex 28.87 -105.43 1.5
      vertex 28.5774 -105.459 6
      vertex 28.87 -105.43 6
    endloop
  endfacet
  facet normal -0.0986282 0.995124 0
    outer loop
      vertex 28.5774 -105.459 6
      vertex 28.87 -105.43 1.5
      vertex 28.5774 -105.459 1.5
    endloop
  endfacet
  facet normal -0.289158 0.957282 0
    outer loop
      vertex 28.5774 -105.459 1.5
      vertex 28.296 -105.544 6
      vertex 28.5774 -105.459 6
    endloop
  endfacet
  facet normal -0.289158 0.957282 0
    outer loop
      vertex 28.296 -105.544 6
      vertex 28.5774 -105.459 1.5
      vertex 28.296 -105.544 1.5
    endloop
  endfacet
  facet normal -0.472316 0.881429 0
    outer loop
      vertex 28.296 -105.544 1.5
      vertex 28.0366 -105.683 6
      vertex 28.296 -105.544 6
    endloop
  endfacet
  facet normal -0.472316 0.881429 0
    outer loop
      vertex 28.0366 -105.683 6
      vertex 28.296 -105.544 1.5
      vertex 28.0366 -105.683 1.5
    endloop
  endfacet
  facet normal -0.633293 0.773912 0
    outer loop
      vertex 28.0366 -105.683 1.5
      vertex 27.8093 -105.869 6
      vertex 28.0366 -105.683 6
    endloop
  endfacet
  facet normal -0.633293 0.773912 0
    outer loop
      vertex 27.8093 -105.869 6
      vertex 28.0366 -105.683 1.5
      vertex 27.8093 -105.869 1.5
    endloop
  endfacet
  facet normal -0.774033 0.633145 0
    outer loop
      vertex 27.6228 -106.097 1.5
      vertex 27.8093 -105.869 6
      vertex 27.8093 -105.869 1.5
    endloop
  endfacet
  facet normal -0.774033 0.633145 0
    outer loop
      vertex 27.8093 -105.869 6
      vertex 27.6228 -106.097 1.5
      vertex 27.6228 -106.097 6
    endloop
  endfacet
  facet normal -0.881692 0.471825 0
    outer loop
      vertex 27.4842 -106.356 1.5
      vertex 27.6228 -106.097 6
      vertex 27.6228 -106.097 1.5
    endloop
  endfacet
  facet normal -0.881692 0.471825 0
    outer loop
      vertex 27.6228 -106.097 6
      vertex 27.4842 -106.356 1.5
      vertex 27.4842 -106.356 6
    endloop
  endfacet
  facet normal -0.956789 0.290782 0
    outer loop
      vertex 27.3988 -106.637 1.5
      vertex 27.4842 -106.356 6
      vertex 27.4842 -106.356 1.5
    endloop
  endfacet
  facet normal -0.956789 0.290782 0
    outer loop
      vertex 27.4842 -106.356 6
      vertex 27.3988 -106.637 1.5
      vertex 27.3988 -106.637 6
    endloop
  endfacet
  facet normal -0.995204 0.0978221 0
    outer loop
      vertex 27.37 -106.93 1.5
      vertex 27.3988 -106.637 6
      vertex 27.3988 -106.637 1.5
    endloop
  endfacet
  facet normal -0.995204 0.0978221 0
    outer loop
      vertex 27.3988 -106.637 6
      vertex 27.37 -106.93 1.5
      vertex 27.37 -106.93 6
    endloop
  endfacet
  facet normal -0.995204 -0.0978221 0
    outer loop
      vertex 27.3988 -107.223 1.5
      vertex 27.37 -106.93 6
      vertex 27.37 -106.93 1.5
    endloop
  endfacet
  facet normal -0.995204 -0.0978221 0
    outer loop
      vertex 27.37 -106.93 6
      vertex 27.3988 -107.223 1.5
      vertex 27.3988 -107.223 6
    endloop
  endfacet
  facet normal -0.956789 -0.290782 0
    outer loop
      vertex 27.4842 -107.504 1.5
      vertex 27.3988 -107.223 6
      vertex 27.3988 -107.223 1.5
    endloop
  endfacet
  facet normal -0.956789 -0.290782 0
    outer loop
      vertex 27.3988 -107.223 6
      vertex 27.4842 -107.504 1.5
      vertex 27.4842 -107.504 6
    endloop
  endfacet
  facet normal -0.881692 -0.471825 0
    outer loop
      vertex 27.6228 -107.763 1.5
      vertex 27.4842 -107.504 6
      vertex 27.4842 -107.504 1.5
    endloop
  endfacet
  facet normal -0.881692 -0.471825 0
    outer loop
      vertex 27.4842 -107.504 6
      vertex 27.6228 -107.763 1.5
      vertex 27.6228 -107.763 6
    endloop
  endfacet
  facet normal -0.774033 -0.633145 0
    outer loop
      vertex 27.8093 -107.991 1.5
      vertex 27.6228 -107.763 6
      vertex 27.6228 -107.763 1.5
    endloop
  endfacet
  facet normal -0.774033 -0.633145 0
    outer loop
      vertex 27.6228 -107.763 6
      vertex 27.8093 -107.991 1.5
      vertex 27.8093 -107.991 6
    endloop
  endfacet
  facet normal -0.633293 -0.773912 0
    outer loop
      vertex 27.8093 -107.991 1.5
      vertex 28.0366 -108.177 6
      vertex 27.8093 -107.991 6
    endloop
  endfacet
  facet normal -0.633293 -0.773912 -0
    outer loop
      vertex 28.0366 -108.177 6
      vertex 27.8093 -107.991 1.5
      vertex 28.0366 -108.177 1.5
    endloop
  endfacet
  facet normal -0.472316 -0.881429 0
    outer loop
      vertex 28.0366 -108.177 1.5
      vertex 28.296 -108.316 6
      vertex 28.0366 -108.177 6
    endloop
  endfacet
  facet normal -0.472316 -0.881429 -0
    outer loop
      vertex 28.296 -108.316 6
      vertex 28.0366 -108.177 1.5
      vertex 28.296 -108.316 1.5
    endloop
  endfacet
  facet normal -0.289158 -0.957282 0
    outer loop
      vertex 28.296 -108.316 1.5
      vertex 28.5774 -108.401 6
      vertex 28.296 -108.316 6
    endloop
  endfacet
  facet normal -0.289158 -0.957282 -0
    outer loop
      vertex 28.5774 -108.401 6
      vertex 28.296 -108.316 1.5
      vertex 28.5774 -108.401 1.5
    endloop
  endfacet
  facet normal -0.0986282 -0.995124 0
    outer loop
      vertex 28.5774 -108.401 1.5
      vertex 28.87 -108.43 6
      vertex 28.5774 -108.401 6
    endloop
  endfacet
  facet normal -0.0986282 -0.995124 -0
    outer loop
      vertex 28.87 -108.43 6
      vertex 28.5774 -108.401 1.5
      vertex 28.87 -108.43 1.5
    endloop
  endfacet
  facet normal 0.0986282 -0.995124 0
    outer loop
      vertex 28.87 -108.43 1.5
      vertex 29.1626 -108.401 6
      vertex 28.87 -108.43 6
    endloop
  endfacet
  facet normal 0.0986282 -0.995124 0
    outer loop
      vertex 29.1626 -108.401 6
      vertex 28.87 -108.43 1.5
      vertex 29.1626 -108.401 1.5
    endloop
  endfacet
  facet normal 0.289158 -0.957282 0
    outer loop
      vertex 19.6626 -119.401 1.5
      vertex 19.944 -119.316 6
      vertex 19.6626 -119.401 6
    endloop
  endfacet
  facet normal 0.289158 -0.957282 0
    outer loop
      vertex 19.944 -119.316 6
      vertex 19.6626 -119.401 1.5
      vertex 19.944 -119.316 1.5
    endloop
  endfacet
  facet normal 0.472316 -0.881429 0
    outer loop
      vertex 19.944 -119.316 1.5
      vertex 20.2034 -119.177 6
      vertex 19.944 -119.316 6
    endloop
  endfacet
  facet normal 0.472316 -0.881429 0
    outer loop
      vertex 20.2034 -119.177 6
      vertex 19.944 -119.316 1.5
      vertex 20.2034 -119.177 1.5
    endloop
  endfacet
  facet normal 0.63346 -0.773775 0
    outer loop
      vertex 20.2034 -119.177 1.5
      vertex 20.4306 -118.991 6
      vertex 20.2034 -119.177 6
    endloop
  endfacet
  facet normal 0.63346 -0.773775 0
    outer loop
      vertex 20.4306 -118.991 6
      vertex 20.2034 -119.177 1.5
      vertex 20.4306 -118.991 1.5
    endloop
  endfacet
  facet normal 0.773867 -0.633349 0
    outer loop
      vertex 20.4306 -118.991 6
      vertex 20.6172 -118.763 1.5
      vertex 20.6172 -118.763 6
    endloop
  endfacet
  facet normal 0.773867 -0.633349 0
    outer loop
      vertex 20.6172 -118.763 1.5
      vertex 20.4306 -118.991 6
      vertex 20.4306 -118.991 1.5
    endloop
  endfacet
  facet normal 0.881692 -0.471825 0
    outer loop
      vertex 20.6172 -118.763 6
      vertex 20.7558 -118.504 1.5
      vertex 20.7558 -118.504 6
    endloop
  endfacet
  facet normal 0.881692 -0.471825 0
    outer loop
      vertex 20.7558 -118.504 1.5
      vertex 20.6172 -118.763 6
      vertex 20.6172 -118.763 1.5
    endloop
  endfacet
  facet normal 0.956789 -0.290782 0
    outer loop
      vertex 20.7558 -118.504 6
      vertex 20.8412 -118.223 1.5
      vertex 20.8412 -118.223 6
    endloop
  endfacet
  facet normal 0.956789 -0.290782 0
    outer loop
      vertex 20.8412 -118.223 1.5
      vertex 20.7558 -118.504 6
      vertex 20.7558 -118.504 1.5
    endloop
  endfacet
  facet normal 0.995204 -0.0978221 0
    outer loop
      vertex 20.8412 -118.223 6
      vertex 20.87 -117.93 1.5
      vertex 20.87 -117.93 6
    endloop
  endfacet
  facet normal 0.995204 -0.0978221 0
    outer loop
      vertex 20.87 -117.93 1.5
      vertex 20.8412 -118.223 6
      vertex 20.8412 -118.223 1.5
    endloop
  endfacet
  facet normal 0.995204 0.0978221 0
    outer loop
      vertex 20.87 -117.93 6
      vertex 20.8412 -117.637 1.5
      vertex 20.8412 -117.637 6
    endloop
  endfacet
  facet normal 0.995204 0.0978221 0
    outer loop
      vertex 20.8412 -117.637 1.5
      vertex 20.87 -117.93 6
      vertex 20.87 -117.93 1.5
    endloop
  endfacet
  facet normal 0.956789 0.290782 0
    outer loop
      vertex 20.8412 -117.637 6
      vertex 20.7558 -117.356 1.5
      vertex 20.7558 -117.356 6
    endloop
  endfacet
  facet normal 0.956789 0.290782 0
    outer loop
      vertex 20.7558 -117.356 1.5
      vertex 20.8412 -117.637 6
      vertex 20.8412 -117.637 1.5
    endloop
  endfacet
  facet normal 0.881692 0.471825 0
    outer loop
      vertex 20.7558 -117.356 6
      vertex 20.6172 -117.097 1.5
      vertex 20.6172 -117.097 6
    endloop
  endfacet
  facet normal 0.881692 0.471825 0
    outer loop
      vertex 20.6172 -117.097 1.5
      vertex 20.7558 -117.356 6
      vertex 20.7558 -117.356 1.5
    endloop
  endfacet
  facet normal 0.773867 0.633349 0
    outer loop
      vertex 20.6172 -117.097 6
      vertex 20.4306 -116.869 1.5
      vertex 20.4306 -116.869 6
    endloop
  endfacet
  facet normal 0.773867 0.633349 0
    outer loop
      vertex 20.4306 -116.869 1.5
      vertex 20.6172 -117.097 6
      vertex 20.6172 -117.097 1.5
    endloop
  endfacet
  facet normal 0.63346 0.773775 -0
    outer loop
      vertex 20.4306 -116.869 1.5
      vertex 20.2034 -116.683 6
      vertex 20.4306 -116.869 6
    endloop
  endfacet
  facet normal 0.63346 0.773775 0
    outer loop
      vertex 20.2034 -116.683 6
      vertex 20.4306 -116.869 1.5
      vertex 20.2034 -116.683 1.5
    endloop
  endfacet
  facet normal 0.472316 0.881429 -0
    outer loop
      vertex 20.2034 -116.683 1.5
      vertex 19.944 -116.544 6
      vertex 20.2034 -116.683 6
    endloop
  endfacet
  facet normal 0.472316 0.881429 0
    outer loop
      vertex 19.944 -116.544 6
      vertex 20.2034 -116.683 1.5
      vertex 19.944 -116.544 1.5
    endloop
  endfacet
  facet normal 0.289158 0.957282 -0
    outer loop
      vertex 19.944 -116.544 1.5
      vertex 19.6626 -116.459 6
      vertex 19.944 -116.544 6
    endloop
  endfacet
  facet normal 0.289158 0.957282 0
    outer loop
      vertex 19.6626 -116.459 6
      vertex 19.944 -116.544 1.5
      vertex 19.6626 -116.459 1.5
    endloop
  endfacet
  facet normal 0.0986282 0.995124 -0
    outer loop
      vertex 19.6626 -116.459 1.5
      vertex 19.37 -116.43 6
      vertex 19.6626 -116.459 6
    endloop
  endfacet
  facet normal 0.0986282 0.995124 0
    outer loop
      vertex 19.37 -116.43 6
      vertex 19.6626 -116.459 1.5
      vertex 19.37 -116.43 1.5
    endloop
  endfacet
  facet normal -0.0986282 0.995124 0
    outer loop
      vertex 19.37 -116.43 1.5
      vertex 19.0774 -116.459 6
      vertex 19.37 -116.43 6
    endloop
  endfacet
  facet normal -0.0986282 0.995124 0
    outer loop
      vertex 19.0774 -116.459 6
      vertex 19.37 -116.43 1.5
      vertex 19.0774 -116.459 1.5
    endloop
  endfacet
  facet normal -0.289158 0.957282 0
    outer loop
      vertex 19.0774 -116.459 1.5
      vertex 18.796 -116.544 6
      vertex 19.0774 -116.459 6
    endloop
  endfacet
  facet normal -0.289158 0.957282 0
    outer loop
      vertex 18.796 -116.544 6
      vertex 19.0774 -116.459 1.5
      vertex 18.796 -116.544 1.5
    endloop
  endfacet
  facet normal -0.472316 0.881429 0
    outer loop
      vertex 18.796 -116.544 1.5
      vertex 18.5366 -116.683 6
      vertex 18.796 -116.544 6
    endloop
  endfacet
  facet normal -0.472316 0.881429 0
    outer loop
      vertex 18.5366 -116.683 6
      vertex 18.796 -116.544 1.5
      vertex 18.5366 -116.683 1.5
    endloop
  endfacet
  facet normal -0.633293 0.773912 0
    outer loop
      vertex 18.5366 -116.683 1.5
      vertex 18.3093 -116.869 6
      vertex 18.5366 -116.683 6
    endloop
  endfacet
  facet normal -0.633293 0.773912 0
    outer loop
      vertex 18.3093 -116.869 6
      vertex 18.5366 -116.683 1.5
      vertex 18.3093 -116.869 1.5
    endloop
  endfacet
  facet normal -0.774033 0.633145 0
    outer loop
      vertex 18.1228 -117.097 1.5
      vertex 18.3093 -116.869 6
      vertex 18.3093 -116.869 1.5
    endloop
  endfacet
  facet normal -0.774033 0.633145 0
    outer loop
      vertex 18.3093 -116.869 6
      vertex 18.1228 -117.097 1.5
      vertex 18.1228 -117.097 6
    endloop
  endfacet
  facet normal -0.881692 0.471825 0
    outer loop
      vertex 17.9842 -117.356 1.5
      vertex 18.1228 -117.097 6
      vertex 18.1228 -117.097 1.5
    endloop
  endfacet
  facet normal -0.881692 0.471825 0
    outer loop
      vertex 18.1228 -117.097 6
      vertex 17.9842 -117.356 1.5
      vertex 17.9842 -117.356 6
    endloop
  endfacet
  facet normal -0.956789 0.290782 0
    outer loop
      vertex 17.8988 -117.637 1.5
      vertex 17.9842 -117.356 6
      vertex 17.9842 -117.356 1.5
    endloop
  endfacet
  facet normal -0.956789 0.290782 0
    outer loop
      vertex 17.9842 -117.356 6
      vertex 17.8988 -117.637 1.5
      vertex 17.8988 -117.637 6
    endloop
  endfacet
  facet normal -0.995204 0.0978221 0
    outer loop
      vertex 17.87 -117.93 1.5
      vertex 17.8988 -117.637 6
      vertex 17.8988 -117.637 1.5
    endloop
  endfacet
  facet normal -0.995204 0.0978221 0
    outer loop
      vertex 17.8988 -117.637 6
      vertex 17.87 -117.93 1.5
      vertex 17.87 -117.93 6
    endloop
  endfacet
  facet normal -0.995204 -0.0978221 0
    outer loop
      vertex 17.8988 -118.223 1.5
      vertex 17.87 -117.93 6
      vertex 17.87 -117.93 1.5
    endloop
  endfacet
  facet normal -0.995204 -0.0978221 0
    outer loop
      vertex 17.87 -117.93 6
      vertex 17.8988 -118.223 1.5
      vertex 17.8988 -118.223 6
    endloop
  endfacet
  facet normal -0.956789 -0.290782 0
    outer loop
      vertex 17.9842 -118.504 1.5
      vertex 17.8988 -118.223 6
      vertex 17.8988 -118.223 1.5
    endloop
  endfacet
  facet normal -0.956789 -0.290782 0
    outer loop
      vertex 17.8988 -118.223 6
      vertex 17.9842 -118.504 1.5
      vertex 17.9842 -118.504 6
    endloop
  endfacet
  facet normal -0.881692 -0.471825 0
    outer loop
      vertex 18.1228 -118.763 1.5
      vertex 17.9842 -118.504 6
      vertex 17.9842 -118.504 1.5
    endloop
  endfacet
  facet normal -0.881692 -0.471825 0
    outer loop
      vertex 17.9842 -118.504 6
      vertex 18.1228 -118.763 1.5
      vertex 18.1228 -118.763 6
    endloop
  endfacet
  facet normal -0.774033 -0.633145 0
    outer loop
      vertex 18.3093 -118.991 1.5
      vertex 18.1228 -118.763 6
      vertex 18.1228 -118.763 1.5
    endloop
  endfacet
  facet normal -0.774033 -0.633145 0
    outer loop
      vertex 18.1228 -118.763 6
      vertex 18.3093 -118.991 1.5
      vertex 18.3093 -118.991 6
    endloop
  endfacet
  facet normal -0.633293 -0.773912 0
    outer loop
      vertex 18.3093 -118.991 1.5
      vertex 18.5366 -119.177 6
      vertex 18.3093 -118.991 6
    endloop
  endfacet
  facet normal -0.633293 -0.773912 -0
    outer loop
      vertex 18.5366 -119.177 6
      vertex 18.3093 -118.991 1.5
      vertex 18.5366 -119.177 1.5
    endloop
  endfacet
  facet normal -0.472316 -0.881429 0
    outer loop
      vertex 18.5366 -119.177 1.5
      vertex 18.796 -119.316 6
      vertex 18.5366 -119.177 6
    endloop
  endfacet
  facet normal -0.472316 -0.881429 -0
    outer loop
      vertex 18.796 -119.316 6
      vertex 18.5366 -119.177 1.5
      vertex 18.796 -119.316 1.5
    endloop
  endfacet
  facet normal -0.289158 -0.957282 0
    outer loop
      vertex 18.796 -119.316 1.5
      vertex 19.0774 -119.401 6
      vertex 18.796 -119.316 6
    endloop
  endfacet
  facet normal -0.289158 -0.957282 -0
    outer loop
      vertex 19.0774 -119.401 6
      vertex 18.796 -119.316 1.5
      vertex 19.0774 -119.401 1.5
    endloop
  endfacet
  facet normal -0.0986282 -0.995124 0
    outer loop
      vertex 19.0774 -119.401 1.5
      vertex 19.37 -119.43 6
      vertex 19.0774 -119.401 6
    endloop
  endfacet
  facet normal -0.0986282 -0.995124 -0
    outer loop
      vertex 19.37 -119.43 6
      vertex 19.0774 -119.401 1.5
      vertex 19.37 -119.43 1.5
    endloop
  endfacet
  facet normal 0.0986282 -0.995124 0
    outer loop
      vertex 19.37 -119.43 1.5
      vertex 19.6626 -119.401 6
      vertex 19.37 -119.43 6
    endloop
  endfacet
  facet normal 0.0986282 -0.995124 0
    outer loop
      vertex 19.6626 -119.401 6
      vertex 19.37 -119.43 1.5
      vertex 19.6626 -119.401 1.5
    endloop
  endfacet
  facet normal 0.289158 -0.957282 0
    outer loop
      vertex 40.4626 -119.401 1.5
      vertex 40.744 -119.316 6
      vertex 40.4626 -119.401 6
    endloop
  endfacet
  facet normal 0.289158 -0.957282 0
    outer loop
      vertex 40.744 -119.316 6
      vertex 40.4626 -119.401 1.5
      vertex 40.744 -119.316 1.5
    endloop
  endfacet
  facet normal 0.472457 -0.881354 0
    outer loop
      vertex 40.744 -119.316 1.5
      vertex 41.0033 -119.177 6
      vertex 40.744 -119.316 6
    endloop
  endfacet
  facet normal 0.472457 -0.881354 0
    outer loop
      vertex 41.0033 -119.177 6
      vertex 40.744 -119.316 1.5
      vertex 41.0033 -119.177 1.5
    endloop
  endfacet
  facet normal 0.633127 -0.774048 0
    outer loop
      vertex 41.0033 -119.177 1.5
      vertex 41.2307 -118.991 6
      vertex 41.0033 -119.177 6
    endloop
  endfacet
  facet normal 0.633127 -0.774048 0
    outer loop
      vertex 41.2307 -118.991 6
      vertex 41.0033 -119.177 1.5
      vertex 41.2307 -118.991 1.5
    endloop
  endfacet
  facet normal 0.774033 -0.633145 0
    outer loop
      vertex 41.2307 -118.991 6
      vertex 41.4172 -118.763 1.5
      vertex 41.4172 -118.763 6
    endloop
  endfacet
  facet normal 0.774033 -0.633145 0
    outer loop
      vertex 41.4172 -118.763 1.5
      vertex 41.2307 -118.991 6
      vertex 41.2307 -118.991 1.5
    endloop
  endfacet
  facet normal 0.881692 -0.471825 0
    outer loop
      vertex 41.4172 -118.763 6
      vertex 41.5558 -118.504 1.5
      vertex 41.5558 -118.504 6
    endloop
  endfacet
  facet normal 0.881692 -0.471825 0
    outer loop
      vertex 41.5558 -118.504 1.5
      vertex 41.4172 -118.763 6
      vertex 41.4172 -118.763 1.5
    endloop
  endfacet
  facet normal 0.956789 -0.290782 0
    outer loop
      vertex 41.5558 -118.504 6
      vertex 41.6412 -118.223 1.5
      vertex 41.6412 -118.223 6
    endloop
  endfacet
  facet normal 0.956789 -0.290782 0
    outer loop
      vertex 41.6412 -118.223 1.5
      vertex 41.5558 -118.504 6
      vertex 41.5558 -118.504 1.5
    endloop
  endfacet
  facet normal 0.995204 -0.0978221 0
    outer loop
      vertex 41.6412 -118.223 6
      vertex 41.67 -117.93 1.5
      vertex 41.67 -117.93 6
    endloop
  endfacet
  facet normal 0.995204 -0.0978221 0
    outer loop
      vertex 41.67 -117.93 1.5
      vertex 41.6412 -118.223 6
      vertex 41.6412 -118.223 1.5
    endloop
  endfacet
  facet normal 0.995204 0.0978221 0
    outer loop
      vertex 41.67 -117.93 6
      vertex 41.6412 -117.637 1.5
      vertex 41.6412 -117.637 6
    endloop
  endfacet
  facet normal 0.995204 0.0978221 0
    outer loop
      vertex 41.6412 -117.637 1.5
      vertex 41.67 -117.93 6
      vertex 41.67 -117.93 1.5
    endloop
  endfacet
  facet normal 0.956789 0.290782 0
    outer loop
      vertex 41.6412 -117.637 6
      vertex 41.5558 -117.356 1.5
      vertex 41.5558 -117.356 6
    endloop
  endfacet
  facet normal 0.956789 0.290782 0
    outer loop
      vertex 41.5558 -117.356 1.5
      vertex 41.6412 -117.637 6
      vertex 41.6412 -117.637 1.5
    endloop
  endfacet
  facet normal 0.881692 0.471825 0
    outer loop
      vertex 41.5558 -117.356 6
      vertex 41.4172 -117.097 1.5
      vertex 41.4172 -117.097 6
    endloop
  endfacet
  facet normal 0.881692 0.471825 0
    outer loop
      vertex 41.4172 -117.097 1.5
      vertex 41.5558 -117.356 6
      vertex 41.5558 -117.356 1.5
    endloop
  endfacet
  facet normal 0.774033 0.633145 0
    outer loop
      vertex 41.4172 -117.097 6
      vertex 41.2307 -116.869 1.5
      vertex 41.2307 -116.869 6
    endloop
  endfacet
  facet normal 0.774033 0.633145 0
    outer loop
      vertex 41.2307 -116.869 1.5
      vertex 41.4172 -117.097 6
      vertex 41.4172 -117.097 1.5
    endloop
  endfacet
  facet normal 0.633127 0.774048 -0
    outer loop
      vertex 41.2307 -116.869 1.5
      vertex 41.0033 -116.683 6
      vertex 41.2307 -116.869 6
    endloop
  endfacet
  facet normal 0.633127 0.774048 0
    outer loop
      vertex 41.0033 -116.683 6
      vertex 41.2307 -116.869 1.5
      vertex 41.0033 -116.683 1.5
    endloop
  endfacet
  facet normal 0.472457 0.881354 -0
    outer loop
      vertex 41.0033 -116.683 1.5
      vertex 40.744 -116.544 6
      vertex 41.0033 -116.683 6
    endloop
  endfacet
  facet normal 0.472457 0.881354 0
    outer loop
      vertex 40.744 -116.544 6
      vertex 41.0033 -116.683 1.5
      vertex 40.744 -116.544 1.5
    endloop
  endfacet
  facet normal 0.289158 0.957282 -0
    outer loop
      vertex 40.744 -116.544 1.5
      vertex 40.4626 -116.459 6
      vertex 40.744 -116.544 6
    endloop
  endfacet
  facet normal 0.289158 0.957282 0
    outer loop
      vertex 40.4626 -116.459 6
      vertex 40.744 -116.544 1.5
      vertex 40.4626 -116.459 1.5
    endloop
  endfacet
  facet normal 0.0986282 0.995124 -0
    outer loop
      vertex 40.4626 -116.459 1.5
      vertex 40.17 -116.43 6
      vertex 40.4626 -116.459 6
    endloop
  endfacet
  facet normal 0.0986282 0.995124 0
    outer loop
      vertex 40.17 -116.43 6
      vertex 40.4626 -116.459 1.5
      vertex 40.17 -116.43 1.5
    endloop
  endfacet
  facet normal -0.0985948 0.995128 0
    outer loop
      vertex 40.17 -116.43 1.5
      vertex 39.8773 -116.459 6
      vertex 40.17 -116.43 6
    endloop
  endfacet
  facet normal -0.0985948 0.995128 0
    outer loop
      vertex 39.8773 -116.459 6
      vertex 40.17 -116.43 1.5
      vertex 39.8773 -116.459 1.5
    endloop
  endfacet
  facet normal -0.289252 0.957253 0
    outer loop
      vertex 39.8773 -116.459 1.5
      vertex 39.596 -116.544 6
      vertex 39.8773 -116.459 6
    endloop
  endfacet
  facet normal -0.289252 0.957253 0
    outer loop
      vertex 39.596 -116.544 6
      vertex 39.8773 -116.459 1.5
      vertex 39.596 -116.544 1.5
    endloop
  endfacet
  facet normal -0.472316 0.881429 0
    outer loop
      vertex 39.596 -116.544 1.5
      vertex 39.3366 -116.683 6
      vertex 39.596 -116.544 6
    endloop
  endfacet
  facet normal -0.472316 0.881429 0
    outer loop
      vertex 39.3366 -116.683 6
      vertex 39.596 -116.544 1.5
      vertex 39.3366 -116.683 1.5
    endloop
  endfacet
  facet normal -0.633293 0.773912 0
    outer loop
      vertex 39.3366 -116.683 1.5
      vertex 39.1093 -116.869 6
      vertex 39.3366 -116.683 6
    endloop
  endfacet
  facet normal -0.633293 0.773912 0
    outer loop
      vertex 39.1093 -116.869 6
      vertex 39.3366 -116.683 1.5
      vertex 39.1093 -116.869 1.5
    endloop
  endfacet
  facet normal -0.774033 0.633145 0
    outer loop
      vertex 38.9228 -117.097 1.5
      vertex 39.1093 -116.869 6
      vertex 39.1093 -116.869 1.5
    endloop
  endfacet
  facet normal -0.774033 0.633145 0
    outer loop
      vertex 39.1093 -116.869 6
      vertex 38.9228 -117.097 1.5
      vertex 38.9228 -117.097 6
    endloop
  endfacet
  facet normal -0.881692 0.471825 0
    outer loop
      vertex 38.7842 -117.356 1.5
      vertex 38.9228 -117.097 6
      vertex 38.9228 -117.097 1.5
    endloop
  endfacet
  facet normal -0.881692 0.471825 0
    outer loop
      vertex 38.9228 -117.097 6
      vertex 38.7842 -117.356 1.5
      vertex 38.7842 -117.356 6
    endloop
  endfacet
  facet normal -0.956789 0.290782 0
    outer loop
      vertex 38.6988 -117.637 1.5
      vertex 38.7842 -117.356 6
      vertex 38.7842 -117.356 1.5
    endloop
  endfacet
  facet normal -0.956789 0.290782 0
    outer loop
      vertex 38.7842 -117.356 6
      vertex 38.6988 -117.637 1.5
      vertex 38.6988 -117.637 6
    endloop
  endfacet
  facet normal -0.995204 0.0978221 0
    outer loop
      vertex 38.67 -117.93 1.5
      vertex 38.6988 -117.637 6
      vertex 38.6988 -117.637 1.5
    endloop
  endfacet
  facet normal -0.995204 0.0978221 0
    outer loop
      vertex 38.6988 -117.637 6
      vertex 38.67 -117.93 1.5
      vertex 38.67 -117.93 6
    endloop
  endfacet
  facet normal -0.995204 -0.0978221 0
    outer loop
      vertex 38.6988 -118.223 1.5
      vertex 38.67 -117.93 6
      vertex 38.67 -117.93 1.5
    endloop
  endfacet
  facet normal -0.995204 -0.0978221 0
    outer loop
      vertex 38.67 -117.93 6
      vertex 38.6988 -118.223 1.5
      vertex 38.6988 -118.223 6
    endloop
  endfacet
  facet normal -0.956789 -0.290782 0
    outer loop
      vertex 38.7842 -118.504 1.5
      vertex 38.6988 -118.223 6
      vertex 38.6988 -118.223 1.5
    endloop
  endfacet
  facet normal -0.956789 -0.290782 0
    outer loop
      vertex 38.6988 -118.223 6
      vertex 38.7842 -118.504 1.5
      vertex 38.7842 -118.504 6
    endloop
  endfacet
  facet normal -0.881692 -0.471825 0
    outer loop
      vertex 38.9228 -118.763 1.5
      vertex 38.7842 -118.504 6
      vertex 38.7842 -118.504 1.5
    endloop
  endfacet
  facet normal -0.881692 -0.471825 0
    outer loop
      vertex 38.7842 -118.504 6
      vertex 38.9228 -118.763 1.5
      vertex 38.9228 -118.763 6
    endloop
  endfacet
  facet normal -0.774033 -0.633145 0
    outer loop
      vertex 39.1093 -118.991 1.5
      vertex 38.9228 -118.763 6
      vertex 38.9228 -118.763 1.5
    endloop
  endfacet
  facet normal -0.774033 -0.633145 0
    outer loop
      vertex 38.9228 -118.763 6
      vertex 39.1093 -118.991 1.5
      vertex 39.1093 -118.991 6
    endloop
  endfacet
  facet normal -0.633293 -0.773912 0
    outer loop
      vertex 39.1093 -118.991 1.5
      vertex 39.3366 -119.177 6
      vertex 39.1093 -118.991 6
    endloop
  endfacet
  facet normal -0.633293 -0.773912 -0
    outer loop
      vertex 39.3366 -119.177 6
      vertex 39.1093 -118.991 1.5
      vertex 39.3366 -119.177 1.5
    endloop
  endfacet
  facet normal -0.472316 -0.881429 0
    outer loop
      vertex 39.3366 -119.177 1.5
      vertex 39.596 -119.316 6
      vertex 39.3366 -119.177 6
    endloop
  endfacet
  facet normal -0.472316 -0.881429 -0
    outer loop
      vertex 39.596 -119.316 6
      vertex 39.3366 -119.177 1.5
      vertex 39.596 -119.316 1.5
    endloop
  endfacet
  facet normal -0.289252 -0.957253 0
    outer loop
      vertex 39.596 -119.316 1.5
      vertex 39.8773 -119.401 6
      vertex 39.596 -119.316 6
    endloop
  endfacet
  facet normal -0.289252 -0.957253 -0
    outer loop
      vertex 39.8773 -119.401 6
      vertex 39.596 -119.316 1.5
      vertex 39.8773 -119.401 1.5
    endloop
  endfacet
  facet normal -0.0985948 -0.995128 0
    outer loop
      vertex 39.8773 -119.401 1.5
      vertex 40.17 -119.43 6
      vertex 39.8773 -119.401 6
    endloop
  endfacet
  facet normal -0.0985948 -0.995128 -0
    outer loop
      vertex 40.17 -119.43 6
      vertex 39.8773 -119.401 1.5
      vertex 40.17 -119.43 1.5
    endloop
  endfacet
  facet normal 0.0986282 -0.995124 0
    outer loop
      vertex 40.17 -119.43 1.5
      vertex 40.4626 -119.401 6
      vertex 40.17 -119.43 6
    endloop
  endfacet
  facet normal 0.0986282 -0.995124 0
    outer loop
      vertex 40.4626 -119.401 6
      vertex 40.17 -119.43 1.5
      vertex 40.4626 -119.401 1.5
    endloop
  endfacet
  facet normal 0.289158 -0.957282 0
    outer loop
      vertex 30.6626 -119.401 1.5
      vertex 30.944 -119.316 6
      vertex 30.6626 -119.401 6
    endloop
  endfacet
  facet normal 0.289158 -0.957282 0
    outer loop
      vertex 30.944 -119.316 6
      vertex 30.6626 -119.401 1.5
      vertex 30.944 -119.316 1.5
    endloop
  endfacet
  facet normal 0.472316 -0.881429 0
    outer loop
      vertex 30.944 -119.316 1.5
      vertex 31.2034 -119.177 6
      vertex 30.944 -119.316 6
    endloop
  endfacet
  facet normal 0.472316 -0.881429 0
    outer loop
      vertex 31.2034 -119.177 6
      vertex 30.944 -119.316 1.5
      vertex 31.2034 -119.177 1.5
    endloop
  endfacet
  facet normal 0.63346 -0.773775 0
    outer loop
      vertex 31.2034 -119.177 1.5
      vertex 31.4306 -118.991 6
      vertex 31.2034 -119.177 6
    endloop
  endfacet
  facet normal 0.63346 -0.773775 0
    outer loop
      vertex 31.4306 -118.991 6
      vertex 31.2034 -119.177 1.5
      vertex 31.4306 -118.991 1.5
    endloop
  endfacet
  facet normal 0.773867 -0.633349 0
    outer loop
      vertex 31.4306 -118.991 6
      vertex 31.6172 -118.763 1.5
      vertex 31.6172 -118.763 6
    endloop
  endfacet
  facet normal 0.773867 -0.633349 0
    outer loop
      vertex 31.6172 -118.763 1.5
      vertex 31.4306 -118.991 6
      vertex 31.4306 -118.991 1.5
    endloop
  endfacet
  facet normal 0.881692 -0.471825 0
    outer loop
      vertex 31.6172 -118.763 6
      vertex 31.7558 -118.504 1.5
      vertex 31.7558 -118.504 6
    endloop
  endfacet
  facet normal 0.881692 -0.471825 0
    outer loop
      vertex 31.7558 -118.504 1.5
      vertex 31.6172 -118.763 6
      vertex 31.6172 -118.763 1.5
    endloop
  endfacet
  facet normal 0.956789 -0.290782 0
    outer loop
      vertex 31.7558 -118.504 6
      vertex 31.8412 -118.223 1.5
      vertex 31.8412 -118.223 6
    endloop
  endfacet
  facet normal 0.956789 -0.290782 0
    outer loop
      vertex 31.8412 -118.223 1.5
      vertex 31.7558 -118.504 6
      vertex 31.7558 -118.504 1.5
    endloop
  endfacet
  facet normal 0.995204 -0.0978221 0
    outer loop
      vertex 31.8412 -118.223 6
      vertex 31.87 -117.93 1.5
      vertex 31.87 -117.93 6
    endloop
  endfacet
  facet normal 0.995204 -0.0978221 0
    outer loop
      vertex 31.87 -117.93 1.5
      vertex 31.8412 -118.223 6
      vertex 31.8412 -118.223 1.5
    endloop
  endfacet
  facet normal 0.995204 0.0978221 0
    outer loop
      vertex 31.87 -117.93 6
      vertex 31.8412 -117.637 1.5
      vertex 31.8412 -117.637 6
    endloop
  endfacet
  facet normal 0.995204 0.0978221 0
    outer loop
      vertex 31.8412 -117.637 1.5
      vertex 31.87 -117.93 6
      vertex 31.87 -117.93 1.5
    endloop
  endfacet
  facet normal 0.956789 0.290782 0
    outer loop
      vertex 31.8412 -117.637 6
      vertex 31.7558 -117.356 1.5
      vertex 31.7558 -117.356 6
    endloop
  endfacet
  facet normal 0.956789 0.290782 0
    outer loop
      vertex 31.7558 -117.356 1.5
      vertex 31.8412 -117.637 6
      vertex 31.8412 -117.637 1.5
    endloop
  endfacet
  facet normal 0.881692 0.471825 0
    outer loop
      vertex 31.7558 -117.356 6
      vertex 31.6172 -117.097 1.5
      vertex 31.6172 -117.097 6
    endloop
  endfacet
  facet normal 0.881692 0.471825 0
    outer loop
      vertex 31.6172 -117.097 1.5
      vertex 31.7558 -117.356 6
      vertex 31.7558 -117.356 1.5
    endloop
  endfacet
  facet normal 0.773867 0.633349 0
    outer loop
      vertex 31.6172 -117.097 6
      vertex 31.4306 -116.869 1.5
      vertex 31.4306 -116.869 6
    endloop
  endfacet
  facet normal 0.773867 0.633349 0
    outer loop
      vertex 31.4306 -116.869 1.5
      vertex 31.6172 -117.097 6
      vertex 31.6172 -117.097 1.5
    endloop
  endfacet
  facet normal 0.63346 0.773775 -0
    outer loop
      vertex 31.4306 -116.869 1.5
      vertex 31.2034 -116.683 6
      vertex 31.4306 -116.869 6
    endloop
  endfacet
  facet normal 0.63346 0.773775 0
    outer loop
      vertex 31.2034 -116.683 6
      vertex 31.4306 -116.869 1.5
      vertex 31.2034 -116.683 1.5
    endloop
  endfacet
  facet normal 0.472316 0.881429 -0
    outer loop
      vertex 31.2034 -116.683 1.5
      vertex 30.944 -116.544 6
      vertex 31.2034 -116.683 6
    endloop
  endfacet
  facet normal 0.472316 0.881429 0
    outer loop
      vertex 30.944 -116.544 6
      vertex 31.2034 -116.683 1.5
      vertex 30.944 -116.544 1.5
    endloop
  endfacet
  facet normal 0.289158 0.957282 -0
    outer loop
      vertex 30.944 -116.544 1.5
      vertex 30.6626 -116.459 6
      vertex 30.944 -116.544 6
    endloop
  endfacet
  facet normal 0.289158 0.957282 0
    outer loop
      vertex 30.6626 -116.459 6
      vertex 30.944 -116.544 1.5
      vertex 30.6626 -116.459 1.5
    endloop
  endfacet
  facet normal 0.0986282 0.995124 -0
    outer loop
      vertex 30.6626 -116.459 1.5
      vertex 30.37 -116.43 6
      vertex 30.6626 -116.459 6
    endloop
  endfacet
  facet normal 0.0986282 0.995124 0
    outer loop
      vertex 30.37 -116.43 6
      vertex 30.6626 -116.459 1.5
      vertex 30.37 -116.43 1.5
    endloop
  endfacet
  facet normal -0.0986282 0.995124 0
    outer loop
      vertex 30.37 -116.43 1.5
      vertex 30.0774 -116.459 6
      vertex 30.37 -116.43 6
    endloop
  endfacet
  facet normal -0.0986282 0.995124 0
    outer loop
      vertex 30.0774 -116.459 6
      vertex 30.37 -116.43 1.5
      vertex 30.0774 -116.459 1.5
    endloop
  endfacet
  facet normal -0.289158 0.957282 0
    outer loop
      vertex 30.0774 -116.459 1.5
      vertex 29.796 -116.544 6
      vertex 30.0774 -116.459 6
    endloop
  endfacet
  facet normal -0.289158 0.957282 0
    outer loop
      vertex 29.796 -116.544 6
      vertex 30.0774 -116.459 1.5
      vertex 29.796 -116.544 1.5
    endloop
  endfacet
  facet normal -0.472316 0.881429 0
    outer loop
      vertex 29.796 -116.544 1.5
      vertex 29.5366 -116.683 6
      vertex 29.796 -116.544 6
    endloop
  endfacet
  facet normal -0.472316 0.881429 0
    outer loop
      vertex 29.5366 -116.683 6
      vertex 29.796 -116.544 1.5
      vertex 29.5366 -116.683 1.5
    endloop
  endfacet
  facet normal -0.633293 0.773912 0
    outer loop
      vertex 29.5366 -116.683 1.5
      vertex 29.3093 -116.869 6
      vertex 29.5366 -116.683 6
    endloop
  endfacet
  facet normal -0.633293 0.773912 0
    outer loop
      vertex 29.3093 -116.869 6
      vertex 29.5366 -116.683 1.5
      vertex 29.3093 -116.869 1.5
    endloop
  endfacet
  facet normal -0.774033 0.633145 0
    outer loop
      vertex 29.1228 -117.097 1.5
      vertex 29.3093 -116.869 6
      vertex 29.3093 -116.869 1.5
    endloop
  endfacet
  facet normal -0.774033 0.633145 0
    outer loop
      vertex 29.3093 -116.869 6
      vertex 29.1228 -117.097 1.5
      vertex 29.1228 -117.097 6
    endloop
  endfacet
  facet normal -0.881692 0.471825 0
    outer loop
      vertex 28.9842 -117.356 1.5
      vertex 29.1228 -117.097 6
      vertex 29.1228 -117.097 1.5
    endloop
  endfacet
  facet normal -0.881692 0.471825 0
    outer loop
      vertex 29.1228 -117.097 6
      vertex 28.9842 -117.356 1.5
      vertex 28.9842 -117.356 6
    endloop
  endfacet
  facet normal -0.956789 0.290782 0
    outer loop
      vertex 28.8988 -117.637 1.5
      vertex 28.9842 -117.356 6
      vertex 28.9842 -117.356 1.5
    endloop
  endfacet
  facet normal -0.956789 0.290782 0
    outer loop
      vertex 28.9842 -117.356 6
      vertex 28.8988 -117.637 1.5
      vertex 28.8988 -117.637 6
    endloop
  endfacet
  facet normal -0.995204 0.0978221 0
    outer loop
      vertex 28.87 -117.93 1.5
      vertex 28.8988 -117.637 6
      vertex 28.8988 -117.637 1.5
    endloop
  endfacet
  facet normal -0.995204 0.0978221 0
    outer loop
      vertex 28.8988 -117.637 6
      vertex 28.87 -117.93 1.5
      vertex 28.87 -117.93 6
    endloop
  endfacet
  facet normal -0.995204 -0.0978221 0
    outer loop
      vertex 28.8988 -118.223 1.5
      vertex 28.87 -117.93 6
      vertex 28.87 -117.93 1.5
    endloop
  endfacet
  facet normal -0.995204 -0.0978221 0
    outer loop
      vertex 28.87 -117.93 6
      vertex 28.8988 -118.223 1.5
      vertex 28.8988 -118.223 6
    endloop
  endfacet
  facet normal -0.956789 -0.290782 0
    outer loop
      vertex 28.9842 -118.504 1.5
      vertex 28.8988 -118.223 6
      vertex 28.8988 -118.223 1.5
    endloop
  endfacet
  facet normal -0.956789 -0.290782 0
    outer loop
      vertex 28.8988 -118.223 6
      vertex 28.9842 -118.504 1.5
      vertex 28.9842 -118.504 6
    endloop
  endfacet
  facet normal -0.881692 -0.471825 0
    outer loop
      vertex 29.1228 -118.763 1.5
      vertex 28.9842 -118.504 6
      vertex 28.9842 -118.504 1.5
    endloop
  endfacet
  facet normal -0.881692 -0.471825 0
    outer loop
      vertex 28.9842 -118.504 6
      vertex 29.1228 -118.763 1.5
      vertex 29.1228 -118.763 6
    endloop
  endfacet
  facet normal -0.774033 -0.633145 0
    outer loop
      vertex 29.3093 -118.991 1.5
      vertex 29.1228 -118.763 6
      vertex 29.1228 -118.763 1.5
    endloop
  endfacet
  facet normal -0.774033 -0.633145 0
    outer loop
      vertex 29.1228 -118.763 6
      vertex 29.3093 -118.991 1.5
      vertex 29.3093 -118.991 6
    endloop
  endfacet
  facet normal -0.633293 -0.773912 0
    outer loop
      vertex 29.3093 -118.991 1.5
      vertex 29.5366 -119.177 6
      vertex 29.3093 -118.991 6
    endloop
  endfacet
  facet normal -0.633293 -0.773912 -0
    outer loop
      vertex 29.5366 -119.177 6
      vertex 29.3093 -118.991 1.5
      vertex 29.5366 -119.177 1.5
    endloop
  endfacet
  facet normal -0.472316 -0.881429 0
    outer loop
      vertex 29.5366 -119.177 1.5
      vertex 29.796 -119.316 6
      vertex 29.5366 -119.177 6
    endloop
  endfacet
  facet normal -0.472316 -0.881429 -0
    outer loop
      vertex 29.796 -119.316 6
      vertex 29.5366 -119.177 1.5
      vertex 29.796 -119.316 1.5
    endloop
  endfacet
  facet normal -0.289158 -0.957282 0
    outer loop
      vertex 29.796 -119.316 1.5
      vertex 30.0774 -119.401 6
      vertex 29.796 -119.316 6
    endloop
  endfacet
  facet normal -0.289158 -0.957282 -0
    outer loop
      vertex 30.0774 -119.401 6
      vertex 29.796 -119.316 1.5
      vertex 30.0774 -119.401 1.5
    endloop
  endfacet
  facet normal -0.0986282 -0.995124 0
    outer loop
      vertex 30.0774 -119.401 1.5
      vertex 30.37 -119.43 6
      vertex 30.0774 -119.401 6
    endloop
  endfacet
  facet normal -0.0986282 -0.995124 -0
    outer loop
      vertex 30.37 -119.43 6
      vertex 30.0774 -119.401 1.5
      vertex 30.37 -119.43 1.5
    endloop
  endfacet
  facet normal 0.0986282 -0.995124 0
    outer loop
      vertex 30.37 -119.43 1.5
      vertex 30.6626 -119.401 6
      vertex 30.37 -119.43 6
    endloop
  endfacet
  facet normal 0.0986282 -0.995124 0
    outer loop
      vertex 30.6626 -119.401 6
      vertex 30.37 -119.43 1.5
      vertex 30.6626 -119.401 1.5
    endloop
  endfacet
  facet normal 0.289158 -0.957282 0
    outer loop
      vertex 30.6626 -130.401 1.5
      vertex 30.944 -130.316 6
      vertex 30.6626 -130.401 6
    endloop
  endfacet
  facet normal 0.289158 -0.957282 0
    outer loop
      vertex 30.944 -130.316 6
      vertex 30.6626 -130.401 1.5
      vertex 30.944 -130.316 1.5
    endloop
  endfacet
  facet normal 0.472316 -0.881429 0
    outer loop
      vertex 30.944 -130.316 1.5
      vertex 31.2034 -130.177 6
      vertex 30.944 -130.316 6
    endloop
  endfacet
  facet normal 0.472316 -0.881429 0
    outer loop
      vertex 31.2034 -130.177 6
      vertex 30.944 -130.316 1.5
      vertex 31.2034 -130.177 1.5
    endloop
  endfacet
  facet normal 0.63346 -0.773775 0
    outer loop
      vertex 31.2034 -130.177 1.5
      vertex 31.4306 -129.991 6
      vertex 31.2034 -130.177 6
    endloop
  endfacet
  facet normal 0.63346 -0.773775 0
    outer loop
      vertex 31.4306 -129.991 6
      vertex 31.2034 -130.177 1.5
      vertex 31.4306 -129.991 1.5
    endloop
  endfacet
  facet normal 0.773867 -0.633349 0
    outer loop
      vertex 31.4306 -129.991 6
      vertex 31.6172 -129.763 1.5
      vertex 31.6172 -129.763 6
    endloop
  endfacet
  facet normal 0.773867 -0.633349 0
    outer loop
      vertex 31.6172 -129.763 1.5
      vertex 31.4306 -129.991 6
      vertex 31.4306 -129.991 1.5
    endloop
  endfacet
  facet normal 0.881692 -0.471825 0
    outer loop
      vertex 31.6172 -129.763 6
      vertex 31.7558 -129.504 1.5
      vertex 31.7558 -129.504 6
    endloop
  endfacet
  facet normal 0.881692 -0.471825 0
    outer loop
      vertex 31.7558 -129.504 1.5
      vertex 31.6172 -129.763 6
      vertex 31.6172 -129.763 1.5
    endloop
  endfacet
  facet normal 0.956789 -0.290782 0
    outer loop
      vertex 31.7558 -129.504 6
      vertex 31.8412 -129.223 1.5
      vertex 31.8412 -129.223 6
    endloop
  endfacet
  facet normal 0.956789 -0.290782 0
    outer loop
      vertex 31.8412 -129.223 1.5
      vertex 31.7558 -129.504 6
      vertex 31.7558 -129.504 1.5
    endloop
  endfacet
  facet normal 0.995204 -0.0978221 0
    outer loop
      vertex 31.8412 -129.223 6
      vertex 31.87 -128.93 1.5
      vertex 31.87 -128.93 6
    endloop
  endfacet
  facet normal 0.995204 -0.0978221 0
    outer loop
      vertex 31.87 -128.93 1.5
      vertex 31.8412 -129.223 6
      vertex 31.8412 -129.223 1.5
    endloop
  endfacet
  facet normal 0.995204 0.0978221 0
    outer loop
      vertex 31.87 -128.93 6
      vertex 31.8412 -128.637 1.5
      vertex 31.8412 -128.637 6
    endloop
  endfacet
  facet normal 0.995204 0.0978221 0
    outer loop
      vertex 31.8412 -128.637 1.5
      vertex 31.87 -128.93 6
      vertex 31.87 -128.93 1.5
    endloop
  endfacet
  facet normal 0.956789 0.290782 0
    outer loop
      vertex 31.8412 -128.637 6
      vertex 31.7558 -128.356 1.5
      vertex 31.7558 -128.356 6
    endloop
  endfacet
  facet normal 0.956789 0.290782 0
    outer loop
      vertex 31.7558 -128.356 1.5
      vertex 31.8412 -128.637 6
      vertex 31.8412 -128.637 1.5
    endloop
  endfacet
  facet normal 0.881692 0.471825 0
    outer loop
      vertex 31.7558 -128.356 6
      vertex 31.6172 -128.097 1.5
      vertex 31.6172 -128.097 6
    endloop
  endfacet
  facet normal 0.881692 0.471825 0
    outer loop
      vertex 31.6172 -128.097 1.5
      vertex 31.7558 -128.356 6
      vertex 31.7558 -128.356 1.5
    endloop
  endfacet
  facet normal 0.773867 0.633349 0
    outer loop
      vertex 31.6172 -128.097 6
      vertex 31.4306 -127.869 1.5
      vertex 31.4306 -127.869 6
    endloop
  endfacet
  facet normal 0.773867 0.633349 0
    outer loop
      vertex 31.4306 -127.869 1.5
      vertex 31.6172 -128.097 6
      vertex 31.6172 -128.097 1.5
    endloop
  endfacet
  facet normal 0.63346 0.773775 -0
    outer loop
      vertex 31.4306 -127.869 1.5
      vertex 31.2034 -127.683 6
      vertex 31.4306 -127.869 6
    endloop
  endfacet
  facet normal 0.63346 0.773775 0
    outer loop
      vertex 31.2034 -127.683 6
      vertex 31.4306 -127.869 1.5
      vertex 31.2034 -127.683 1.5
    endloop
  endfacet
  facet normal 0.472316 0.881429 -0
    outer loop
      vertex 31.2034 -127.683 1.5
      vertex 30.944 -127.544 6
      vertex 31.2034 -127.683 6
    endloop
  endfacet
  facet normal 0.472316 0.881429 0
    outer loop
      vertex 30.944 -127.544 6
      vertex 31.2034 -127.683 1.5
      vertex 30.944 -127.544 1.5
    endloop
  endfacet
  facet normal 0.289158 0.957282 -0
    outer loop
      vertex 30.944 -127.544 1.5
      vertex 30.6626 -127.459 6
      vertex 30.944 -127.544 6
    endloop
  endfacet
  facet normal 0.289158 0.957282 0
    outer loop
      vertex 30.6626 -127.459 6
      vertex 30.944 -127.544 1.5
      vertex 30.6626 -127.459 1.5
    endloop
  endfacet
  facet normal 0.0986282 0.995124 -0
    outer loop
      vertex 30.6626 -127.459 1.5
      vertex 30.37 -127.43 6
      vertex 30.6626 -127.459 6
    endloop
  endfacet
  facet normal 0.0986282 0.995124 0
    outer loop
      vertex 30.37 -127.43 6
      vertex 30.6626 -127.459 1.5
      vertex 30.37 -127.43 1.5
    endloop
  endfacet
  facet normal -0.0986282 0.995124 0
    outer loop
      vertex 30.37 -127.43 1.5
      vertex 30.0774 -127.459 6
      vertex 30.37 -127.43 6
    endloop
  endfacet
  facet normal -0.0986282 0.995124 0
    outer loop
      vertex 30.0774 -127.459 6
      vertex 30.37 -127.43 1.5
      vertex 30.0774 -127.459 1.5
    endloop
  endfacet
  facet normal -0.289158 0.957282 0
    outer loop
      vertex 30.0774 -127.459 1.5
      vertex 29.796 -127.544 6
      vertex 30.0774 -127.459 6
    endloop
  endfacet
  facet normal -0.289158 0.957282 0
    outer loop
      vertex 29.796 -127.544 6
      vertex 30.0774 -127.459 1.5
      vertex 29.796 -127.544 1.5
    endloop
  endfacet
  facet normal -0.472316 0.881429 0
    outer loop
      vertex 29.796 -127.544 1.5
      vertex 29.5366 -127.683 6
      vertex 29.796 -127.544 6
    endloop
  endfacet
  facet normal -0.472316 0.881429 0
    outer loop
      vertex 29.5366 -127.683 6
      vertex 29.796 -127.544 1.5
      vertex 29.5366 -127.683 1.5
    endloop
  endfacet
  facet normal -0.633293 0.773912 0
    outer loop
      vertex 29.5366 -127.683 1.5
      vertex 29.3093 -127.869 6
      vertex 29.5366 -127.683 6
    endloop
  endfacet
  facet normal -0.633293 0.773912 0
    outer loop
      vertex 29.3093 -127.869 6
      vertex 29.5366 -127.683 1.5
      vertex 29.3093 -127.869 1.5
    endloop
  endfacet
  facet normal -0.774033 0.633145 0
    outer loop
      vertex 29.1228 -128.097 1.5
      vertex 29.3093 -127.869 6
      vertex 29.3093 -127.869 1.5
    endloop
  endfacet
  facet normal -0.774033 0.633145 0
    outer loop
      vertex 29.3093 -127.869 6
      vertex 29.1228 -128.097 1.5
      vertex 29.1228 -128.097 6
    endloop
  endfacet
  facet normal -0.881692 0.471825 0
    outer loop
      vertex 28.9842 -128.356 1.5
      vertex 29.1228 -128.097 6
      vertex 29.1228 -128.097 1.5
    endloop
  endfacet
  facet normal -0.881692 0.471825 0
    outer loop
      vertex 29.1228 -128.097 6
      vertex 28.9842 -128.356 1.5
      vertex 28.9842 -128.356 6
    endloop
  endfacet
  facet normal -0.956789 0.290782 0
    outer loop
      vertex 28.8988 -128.637 1.5
      vertex 28.9842 -128.356 6
      vertex 28.9842 -128.356 1.5
    endloop
  endfacet
  facet normal -0.956789 0.290782 0
    outer loop
      vertex 28.9842 -128.356 6
      vertex 28.8988 -128.637 1.5
      vertex 28.8988 -128.637 6
    endloop
  endfacet
  facet normal -0.995204 0.0978221 0
    outer loop
      vertex 28.87 -128.93 1.5
      vertex 28.8988 -128.637 6
      vertex 28.8988 -128.637 1.5
    endloop
  endfacet
  facet normal -0.995204 0.0978221 0
    outer loop
      vertex 28.8988 -128.637 6
      vertex 28.87 -128.93 1.5
      vertex 28.87 -128.93 6
    endloop
  endfacet
  facet normal -0.995204 -0.0978221 0
    outer loop
      vertex 28.8988 -129.223 1.5
      vertex 28.87 -128.93 6
      vertex 28.87 -128.93 1.5
    endloop
  endfacet
  facet normal -0.995204 -0.0978221 0
    outer loop
      vertex 28.87 -128.93 6
      vertex 28.8988 -129.223 1.5
      vertex 28.8988 -129.223 6
    endloop
  endfacet
  facet normal -0.956789 -0.290782 0
    outer loop
      vertex 28.9842 -129.504 1.5
      vertex 28.8988 -129.223 6
      vertex 28.8988 -129.223 1.5
    endloop
  endfacet
  facet normal -0.956789 -0.290782 0
    outer loop
      vertex 28.8988 -129.223 6
      vertex 28.9842 -129.504 1.5
      vertex 28.9842 -129.504 6
    endloop
  endfacet
  facet normal -0.881692 -0.471825 0
    outer loop
      vertex 29.1228 -129.763 1.5
      vertex 28.9842 -129.504 6
      vertex 28.9842 -129.504 1.5
    endloop
  endfacet
  facet normal -0.881692 -0.471825 0
    outer loop
      vertex 28.9842 -129.504 6
      vertex 29.1228 -129.763 1.5
      vertex 29.1228 -129.763 6
    endloop
  endfacet
  facet normal -0.774033 -0.633145 0
    outer loop
      vertex 29.3093 -129.991 1.5
      vertex 29.1228 -129.763 6
      vertex 29.1228 -129.763 1.5
    endloop
  endfacet
  facet normal -0.774033 -0.633145 0
    outer loop
      vertex 29.1228 -129.763 6
      vertex 29.3093 -129.991 1.5
      vertex 29.3093 -129.991 6
    endloop
  endfacet
  facet normal -0.633293 -0.773912 0
    outer loop
      vertex 29.3093 -129.991 1.5
      vertex 29.5366 -130.177 6
      vertex 29.3093 -129.991 6
    endloop
  endfacet
  facet normal -0.633293 -0.773912 -0
    outer loop
      vertex 29.5366 -130.177 6
      vertex 29.3093 -129.991 1.5
      vertex 29.5366 -130.177 1.5
    endloop
  endfacet
  facet normal -0.472316 -0.881429 0
    outer loop
      vertex 29.5366 -130.177 1.5
      vertex 29.796 -130.316 6
      vertex 29.5366 -130.177 6
    endloop
  endfacet
  facet normal -0.472316 -0.881429 -0
    outer loop
      vertex 29.796 -130.316 6
      vertex 29.5366 -130.177 1.5
      vertex 29.796 -130.316 1.5
    endloop
  endfacet
  facet normal -0.289158 -0.957282 0
    outer loop
      vertex 29.796 -130.316 1.5
      vertex 30.0774 -130.401 6
      vertex 29.796 -130.316 6
    endloop
  endfacet
  facet normal -0.289158 -0.957282 -0
    outer loop
      vertex 30.0774 -130.401 6
      vertex 29.796 -130.316 1.5
      vertex 30.0774 -130.401 1.5
    endloop
  endfacet
  facet normal -0.0986282 -0.995124 0
    outer loop
      vertex 30.0774 -130.401 1.5
      vertex 30.37 -130.43 6
      vertex 30.0774 -130.401 6
    endloop
  endfacet
  facet normal -0.0986282 -0.995124 -0
    outer loop
      vertex 30.37 -130.43 6
      vertex 30.0774 -130.401 1.5
      vertex 30.37 -130.43 1.5
    endloop
  endfacet
  facet normal 0.0986282 -0.995124 0
    outer loop
      vertex 30.37 -130.43 1.5
      vertex 30.6626 -130.401 6
      vertex 30.37 -130.43 6
    endloop
  endfacet
  facet normal 0.0986282 -0.995124 0
    outer loop
      vertex 30.6626 -130.401 6
      vertex 30.37 -130.43 1.5
      vertex 30.6626 -130.401 1.5
    endloop
  endfacet
  facet normal 0.289158 -0.957282 0
    outer loop
      vertex 30.6626 -142.901 1.5
      vertex 30.944 -142.816 6
      vertex 30.6626 -142.901 6
    endloop
  endfacet
  facet normal 0.289158 -0.957282 0
    outer loop
      vertex 30.944 -142.816 6
      vertex 30.6626 -142.901 1.5
      vertex 30.944 -142.816 1.5
    endloop
  endfacet
  facet normal 0.472316 -0.881429 0
    outer loop
      vertex 30.944 -142.816 1.5
      vertex 31.2034 -142.677 6
      vertex 30.944 -142.816 6
    endloop
  endfacet
  facet normal 0.472316 -0.881429 0
    outer loop
      vertex 31.2034 -142.677 6
      vertex 30.944 -142.816 1.5
      vertex 31.2034 -142.677 1.5
    endloop
  endfacet
  facet normal 0.63346 -0.773775 0
    outer loop
      vertex 31.2034 -142.677 1.5
      vertex 31.4306 -142.491 6
      vertex 31.2034 -142.677 6
    endloop
  endfacet
  facet normal 0.63346 -0.773775 0
    outer loop
      vertex 31.4306 -142.491 6
      vertex 31.2034 -142.677 1.5
      vertex 31.4306 -142.491 1.5
    endloop
  endfacet
  facet normal 0.773867 -0.633349 0
    outer loop
      vertex 31.4306 -142.491 6
      vertex 31.6172 -142.263 1.5
      vertex 31.6172 -142.263 6
    endloop
  endfacet
  facet normal 0.773867 -0.633349 0
    outer loop
      vertex 31.6172 -142.263 1.5
      vertex 31.4306 -142.491 6
      vertex 31.4306 -142.491 1.5
    endloop
  endfacet
  facet normal 0.881692 -0.471825 0
    outer loop
      vertex 31.6172 -142.263 6
      vertex 31.7558 -142.004 1.5
      vertex 31.7558 -142.004 6
    endloop
  endfacet
  facet normal 0.881692 -0.471825 0
    outer loop
      vertex 31.7558 -142.004 1.5
      vertex 31.6172 -142.263 6
      vertex 31.6172 -142.263 1.5
    endloop
  endfacet
  facet normal 0.956789 -0.290782 0
    outer loop
      vertex 31.7558 -142.004 6
      vertex 31.8412 -141.723 1.5
      vertex 31.8412 -141.723 6
    endloop
  endfacet
  facet normal 0.956789 -0.290782 0
    outer loop
      vertex 31.8412 -141.723 1.5
      vertex 31.7558 -142.004 6
      vertex 31.7558 -142.004 1.5
    endloop
  endfacet
  facet normal 0.995204 -0.0978221 0
    outer loop
      vertex 31.8412 -141.723 6
      vertex 31.87 -141.43 1.5
      vertex 31.87 -141.43 6
    endloop
  endfacet
  facet normal 0.995204 -0.0978221 0
    outer loop
      vertex 31.87 -141.43 1.5
      vertex 31.8412 -141.723 6
      vertex 31.8412 -141.723 1.5
    endloop
  endfacet
  facet normal 0.995204 0.0978221 0
    outer loop
      vertex 31.87 -141.43 6
      vertex 31.8412 -141.137 1.5
      vertex 31.8412 -141.137 6
    endloop
  endfacet
  facet normal 0.995204 0.0978221 0
    outer loop
      vertex 31.8412 -141.137 1.5
      vertex 31.87 -141.43 6
      vertex 31.87 -141.43 1.5
    endloop
  endfacet
  facet normal 0.956789 0.290782 0
    outer loop
      vertex 31.8412 -141.137 6
      vertex 31.7558 -140.856 1.5
      vertex 31.7558 -140.856 6
    endloop
  endfacet
  facet normal 0.956789 0.290782 0
    outer loop
      vertex 31.7558 -140.856 1.5
      vertex 31.8412 -141.137 6
      vertex 31.8412 -141.137 1.5
    endloop
  endfacet
  facet normal 0.881692 0.471825 0
    outer loop
      vertex 31.7558 -140.856 6
      vertex 31.6172 -140.597 1.5
      vertex 31.6172 -140.597 6
    endloop
  endfacet
  facet normal 0.881692 0.471825 0
    outer loop
      vertex 31.6172 -140.597 1.5
      vertex 31.7558 -140.856 6
      vertex 31.7558 -140.856 1.5
    endloop
  endfacet
  facet normal 0.773867 0.633349 0
    outer loop
      vertex 31.6172 -140.597 6
      vertex 31.4306 -140.369 1.5
      vertex 31.4306 -140.369 6
    endloop
  endfacet
  facet normal 0.773867 0.633349 0
    outer loop
      vertex 31.4306 -140.369 1.5
      vertex 31.6172 -140.597 6
      vertex 31.6172 -140.597 1.5
    endloop
  endfacet
  facet normal 0.63346 0.773775 -0
    outer loop
      vertex 31.4306 -140.369 1.5
      vertex 31.2034 -140.183 6
      vertex 31.4306 -140.369 6
    endloop
  endfacet
  facet normal 0.63346 0.773775 0
    outer loop
      vertex 31.2034 -140.183 6
      vertex 31.4306 -140.369 1.5
      vertex 31.2034 -140.183 1.5
    endloop
  endfacet
  facet normal 0.472316 0.881429 -0
    outer loop
      vertex 31.2034 -140.183 1.5
      vertex 30.944 -140.044 6
      vertex 31.2034 -140.183 6
    endloop
  endfacet
  facet normal 0.472316 0.881429 0
    outer loop
      vertex 30.944 -140.044 6
      vertex 31.2034 -140.183 1.5
      vertex 30.944 -140.044 1.5
    endloop
  endfacet
  facet normal 0.289158 0.957282 -0
    outer loop
      vertex 30.944 -140.044 1.5
      vertex 30.6626 -139.959 6
      vertex 30.944 -140.044 6
    endloop
  endfacet
  facet normal 0.289158 0.957282 0
    outer loop
      vertex 30.6626 -139.959 6
      vertex 30.944 -140.044 1.5
      vertex 30.6626 -139.959 1.5
    endloop
  endfacet
  facet normal 0.0986282 0.995124 -0
    outer loop
      vertex 30.6626 -139.959 1.5
      vertex 30.37 -139.93 6
      vertex 30.6626 -139.959 6
    endloop
  endfacet
  facet normal 0.0986282 0.995124 0
    outer loop
      vertex 30.37 -139.93 6
      vertex 30.6626 -139.959 1.5
      vertex 30.37 -139.93 1.5
    endloop
  endfacet
  facet normal -0.0986282 0.995124 0
    outer loop
      vertex 30.37 -139.93 1.5
      vertex 30.0774 -139.959 6
      vertex 30.37 -139.93 6
    endloop
  endfacet
  facet normal -0.0986282 0.995124 0
    outer loop
      vertex 30.0774 -139.959 6
      vertex 30.37 -139.93 1.5
      vertex 30.0774 -139.959 1.5
    endloop
  endfacet
  facet normal -0.289158 0.957282 0
    outer loop
      vertex 30.0774 -139.959 1.5
      vertex 29.796 -140.044 6
      vertex 30.0774 -139.959 6
    endloop
  endfacet
  facet normal -0.289158 0.957282 0
    outer loop
      vertex 29.796 -140.044 6
      vertex 30.0774 -139.959 1.5
      vertex 29.796 -140.044 1.5
    endloop
  endfacet
  facet normal -0.472316 0.881429 0
    outer loop
      vertex 29.796 -140.044 1.5
      vertex 29.5366 -140.183 6
      vertex 29.796 -140.044 6
    endloop
  endfacet
  facet normal -0.472316 0.881429 0
    outer loop
      vertex 29.5366 -140.183 6
      vertex 29.796 -140.044 1.5
      vertex 29.5366 -140.183 1.5
    endloop
  endfacet
  facet normal -0.633293 0.773912 0
    outer loop
      vertex 29.5366 -140.183 1.5
      vertex 29.3093 -140.369 6
      vertex 29.5366 -140.183 6
    endloop
  endfacet
  facet normal -0.633293 0.773912 0
    outer loop
      vertex 29.3093 -140.369 6
      vertex 29.5366 -140.183 1.5
      vertex 29.3093 -140.369 1.5
    endloop
  endfacet
  facet normal -0.774033 0.633145 0
    outer loop
      vertex 29.1228 -140.597 1.5
      vertex 29.3093 -140.369 6
      vertex 29.3093 -140.369 1.5
    endloop
  endfacet
  facet normal -0.774033 0.633145 0
    outer loop
      vertex 29.3093 -140.369 6
      vertex 29.1228 -140.597 1.5
      vertex 29.1228 -140.597 6
    endloop
  endfacet
  facet normal -0.881692 0.471825 0
    outer loop
      vertex 28.9842 -140.856 1.5
      vertex 29.1228 -140.597 6
      vertex 29.1228 -140.597 1.5
    endloop
  endfacet
  facet normal -0.881692 0.471825 0
    outer loop
      vertex 29.1228 -140.597 6
      vertex 28.9842 -140.856 1.5
      vertex 28.9842 -140.856 6
    endloop
  endfacet
  facet normal -0.956789 0.290782 0
    outer loop
      vertex 28.8988 -141.137 1.5
      vertex 28.9842 -140.856 6
      vertex 28.9842 -140.856 1.5
    endloop
  endfacet
  facet normal -0.956789 0.290782 0
    outer loop
      vertex 28.9842 -140.856 6
      vertex 28.8988 -141.137 1.5
      vertex 28.8988 -141.137 6
    endloop
  endfacet
  facet normal -0.995204 0.0978221 0
    outer loop
      vertex 28.87 -141.43 1.5
      vertex 28.8988 -141.137 6
      vertex 28.8988 -141.137 1.5
    endloop
  endfacet
  facet normal -0.995204 0.0978221 0
    outer loop
      vertex 28.8988 -141.137 6
      vertex 28.87 -141.43 1.5
      vertex 28.87 -141.43 6
    endloop
  endfacet
  facet normal -0.995204 -0.0978221 0
    outer loop
      vertex 28.8988 -141.723 1.5
      vertex 28.87 -141.43 6
      vertex 28.87 -141.43 1.5
    endloop
  endfacet
  facet normal -0.995204 -0.0978221 0
    outer loop
      vertex 28.87 -141.43 6
      vertex 28.8988 -141.723 1.5
      vertex 28.8988 -141.723 6
    endloop
  endfacet
  facet normal -0.956789 -0.290782 0
    outer loop
      vertex 28.9842 -142.004 1.5
      vertex 28.8988 -141.723 6
      vertex 28.8988 -141.723 1.5
    endloop
  endfacet
  facet normal -0.956789 -0.290782 0
    outer loop
      vertex 28.8988 -141.723 6
      vertex 28.9842 -142.004 1.5
      vertex 28.9842 -142.004 6
    endloop
  endfacet
  facet normal -0.881692 -0.471825 0
    outer loop
      vertex 29.1228 -142.263 1.5
      vertex 28.9842 -142.004 6
      vertex 28.9842 -142.004 1.5
    endloop
  endfacet
  facet normal -0.881692 -0.471825 0
    outer loop
      vertex 28.9842 -142.004 6
      vertex 29.1228 -142.263 1.5
      vertex 29.1228 -142.263 6
    endloop
  endfacet
  facet normal -0.774033 -0.633145 0
    outer loop
      vertex 29.3093 -142.491 1.5
      vertex 29.1228 -142.263 6
      vertex 29.1228 -142.263 1.5
    endloop
  endfacet
  facet normal -0.774033 -0.633145 0
    outer loop
      vertex 29.1228 -142.263 6
      vertex 29.3093 -142.491 1.5
      vertex 29.3093 -142.491 6
    endloop
  endfacet
  facet normal -0.633293 -0.773912 0
    outer loop
      vertex 29.3093 -142.491 1.5
      vertex 29.5366 -142.677 6
      vertex 29.3093 -142.491 6
    endloop
  endfacet
  facet normal -0.633293 -0.773912 -0
    outer loop
      vertex 29.5366 -142.677 6
      vertex 29.3093 -142.491 1.5
      vertex 29.5366 -142.677 1.5
    endloop
  endfacet
  facet normal -0.472316 -0.881429 0
    outer loop
      vertex 29.5366 -142.677 1.5
      vertex 29.796 -142.816 6
      vertex 29.5366 -142.677 6
    endloop
  endfacet
  facet normal -0.472316 -0.881429 -0
    outer loop
      vertex 29.796 -142.816 6
      vertex 29.5366 -142.677 1.5
      vertex 29.796 -142.816 1.5
    endloop
  endfacet
  facet normal -0.289158 -0.957282 0
    outer loop
      vertex 29.796 -142.816 1.5
      vertex 30.0774 -142.901 6
      vertex 29.796 -142.816 6
    endloop
  endfacet
  facet normal -0.289158 -0.957282 -0
    outer loop
      vertex 30.0774 -142.901 6
      vertex 29.796 -142.816 1.5
      vertex 30.0774 -142.901 1.5
    endloop
  endfacet
  facet normal -0.0986282 -0.995124 0
    outer loop
      vertex 30.0774 -142.901 1.5
      vertex 30.37 -142.93 6
      vertex 30.0774 -142.901 6
    endloop
  endfacet
  facet normal -0.0986282 -0.995124 -0
    outer loop
      vertex 30.37 -142.93 6
      vertex 30.0774 -142.901 1.5
      vertex 30.37 -142.93 1.5
    endloop
  endfacet
  facet normal 0.0986282 -0.995124 0
    outer loop
      vertex 30.37 -142.93 1.5
      vertex 30.6626 -142.901 6
      vertex 30.37 -142.93 6
    endloop
  endfacet
  facet normal 0.0986282 -0.995124 0
    outer loop
      vertex 30.6626 -142.901 6
      vertex 30.37 -142.93 1.5
      vertex 30.6626 -142.901 1.5
    endloop
  endfacet
  facet normal 0.289158 -0.957282 0
    outer loop
      vertex 16.6626 -142.901 1.5
      vertex 16.944 -142.816 6
      vertex 16.6626 -142.901 6
    endloop
  endfacet
  facet normal 0.289158 -0.957282 0
    outer loop
      vertex 16.944 -142.816 6
      vertex 16.6626 -142.901 1.5
      vertex 16.944 -142.816 1.5
    endloop
  endfacet
  facet normal 0.472316 -0.881429 0
    outer loop
      vertex 16.944 -142.816 1.5
      vertex 17.2034 -142.677 6
      vertex 16.944 -142.816 6
    endloop
  endfacet
  facet normal 0.472316 -0.881429 0
    outer loop
      vertex 17.2034 -142.677 6
      vertex 16.944 -142.816 1.5
      vertex 17.2034 -142.677 1.5
    endloop
  endfacet
  facet normal 0.63346 -0.773775 0
    outer loop
      vertex 17.2034 -142.677 1.5
      vertex 17.4306 -142.491 6
      vertex 17.2034 -142.677 6
    endloop
  endfacet
  facet normal 0.63346 -0.773775 0
    outer loop
      vertex 17.4306 -142.491 6
      vertex 17.2034 -142.677 1.5
      vertex 17.4306 -142.491 1.5
    endloop
  endfacet
  facet normal 0.773867 -0.633349 0
    outer loop
      vertex 17.4306 -142.491 6
      vertex 17.6172 -142.263 1.5
      vertex 17.6172 -142.263 6
    endloop
  endfacet
  facet normal 0.773867 -0.633349 0
    outer loop
      vertex 17.6172 -142.263 1.5
      vertex 17.4306 -142.491 6
      vertex 17.4306 -142.491 1.5
    endloop
  endfacet
  facet normal 0.881692 -0.471825 0
    outer loop
      vertex 17.6172 -142.263 6
      vertex 17.7558 -142.004 1.5
      vertex 17.7558 -142.004 6
    endloop
  endfacet
  facet normal 0.881692 -0.471825 0
    outer loop
      vertex 17.7558 -142.004 1.5
      vertex 17.6172 -142.263 6
      vertex 17.6172 -142.263 1.5
    endloop
  endfacet
  facet normal 0.956789 -0.290782 0
    outer loop
      vertex 17.7558 -142.004 6
      vertex 17.8412 -141.723 1.5
      vertex 17.8412 -141.723 6
    endloop
  endfacet
  facet normal 0.956789 -0.290782 0
    outer loop
      vertex 17.8412 -141.723 1.5
      vertex 17.7558 -142.004 6
      vertex 17.7558 -142.004 1.5
    endloop
  endfacet
  facet normal 0.995204 -0.0978221 0
    outer loop
      vertex 17.8412 -141.723 6
      vertex 17.87 -141.43 1.5
      vertex 17.87 -141.43 6
    endloop
  endfacet
  facet normal 0.995204 -0.0978221 0
    outer loop
      vertex 17.87 -141.43 1.5
      vertex 17.8412 -141.723 6
      vertex 17.8412 -141.723 1.5
    endloop
  endfacet
  facet normal 0.995204 0.0978221 0
    outer loop
      vertex 17.87 -141.43 6
      vertex 17.8412 -141.137 1.5
      vertex 17.8412 -141.137 6
    endloop
  endfacet
  facet normal 0.995204 0.0978221 0
    outer loop
      vertex 17.8412 -141.137 1.5
      vertex 17.87 -141.43 6
      vertex 17.87 -141.43 1.5
    endloop
  endfacet
  facet normal 0.956789 0.290782 0
    outer loop
      vertex 17.8412 -141.137 6
      vertex 17.7558 -140.856 1.5
      vertex 17.7558 -140.856 6
    endloop
  endfacet
  facet normal 0.956789 0.290782 0
    outer loop
      vertex 17.7558 -140.856 1.5
      vertex 17.8412 -141.137 6
      vertex 17.8412 -141.137 1.5
    endloop
  endfacet
  facet normal 0.881692 0.471825 0
    outer loop
      vertex 17.7558 -140.856 6
      vertex 17.6172 -140.597 1.5
      vertex 17.6172 -140.597 6
    endloop
  endfacet
  facet normal 0.881692 0.471825 0
    outer loop
      vertex 17.6172 -140.597 1.5
      vertex 17.7558 -140.856 6
      vertex 17.7558 -140.856 1.5
    endloop
  endfacet
  facet normal 0.773867 0.633349 0
    outer loop
      vertex 17.6172 -140.597 6
      vertex 17.4306 -140.369 1.5
      vertex 17.4306 -140.369 6
    endloop
  endfacet
  facet normal 0.773867 0.633349 0
    outer loop
      vertex 17.4306 -140.369 1.5
      vertex 17.6172 -140.597 6
      vertex 17.6172 -140.597 1.5
    endloop
  endfacet
  facet normal 0.63346 0.773775 -0
    outer loop
      vertex 17.4306 -140.369 1.5
      vertex 17.2034 -140.183 6
      vertex 17.4306 -140.369 6
    endloop
  endfacet
  facet normal 0.63346 0.773775 0
    outer loop
      vertex 17.2034 -140.183 6
      vertex 17.4306 -140.369 1.5
      vertex 17.2034 -140.183 1.5
    endloop
  endfacet
  facet normal 0.472316 0.881429 -0
    outer loop
      vertex 17.2034 -140.183 1.5
      vertex 16.944 -140.044 6
      vertex 17.2034 -140.183 6
    endloop
  endfacet
  facet normal 0.472316 0.881429 0
    outer loop
      vertex 16.944 -140.044 6
      vertex 17.2034 -140.183 1.5
      vertex 16.944 -140.044 1.5
    endloop
  endfacet
  facet normal 0.289158 0.957282 -0
    outer loop
      vertex 16.944 -140.044 1.5
      vertex 16.6626 -139.959 6
      vertex 16.944 -140.044 6
    endloop
  endfacet
  facet normal 0.289158 0.957282 0
    outer loop
      vertex 16.6626 -139.959 6
      vertex 16.944 -140.044 1.5
      vertex 16.6626 -139.959 1.5
    endloop
  endfacet
  facet normal 0.0986282 0.995124 -0
    outer loop
      vertex 16.6626 -139.959 1.5
      vertex 16.37 -139.93 6
      vertex 16.6626 -139.959 6
    endloop
  endfacet
  facet normal 0.0986282 0.995124 0
    outer loop
      vertex 16.37 -139.93 6
      vertex 16.6626 -139.959 1.5
      vertex 16.37 -139.93 1.5
    endloop
  endfacet
  facet normal -0.0986282 0.995124 0
    outer loop
      vertex 16.37 -139.93 1.5
      vertex 16.0774 -139.959 6
      vertex 16.37 -139.93 6
    endloop
  endfacet
  facet normal -0.0986282 0.995124 0
    outer loop
      vertex 16.0774 -139.959 6
      vertex 16.37 -139.93 1.5
      vertex 16.0774 -139.959 1.5
    endloop
  endfacet
  facet normal -0.289158 0.957282 0
    outer loop
      vertex 16.0774 -139.959 1.5
      vertex 15.796 -140.044 6
      vertex 16.0774 -139.959 6
    endloop
  endfacet
  facet normal -0.289158 0.957282 0
    outer loop
      vertex 15.796 -140.044 6
      vertex 16.0774 -139.959 1.5
      vertex 15.796 -140.044 1.5
    endloop
  endfacet
  facet normal -0.472316 0.881429 0
    outer loop
      vertex 15.796 -140.044 1.5
      vertex 15.5366 -140.183 6
      vertex 15.796 -140.044 6
    endloop
  endfacet
  facet normal -0.472316 0.881429 0
    outer loop
      vertex 15.5366 -140.183 6
      vertex 15.796 -140.044 1.5
      vertex 15.5366 -140.183 1.5
    endloop
  endfacet
  facet normal -0.633293 0.773912 0
    outer loop
      vertex 15.5366 -140.183 1.5
      vertex 15.3093 -140.369 6
      vertex 15.5366 -140.183 6
    endloop
  endfacet
  facet normal -0.633293 0.773912 0
    outer loop
      vertex 15.3093 -140.369 6
      vertex 15.5366 -140.183 1.5
      vertex 15.3093 -140.369 1.5
    endloop
  endfacet
  facet normal -0.774033 0.633145 0
    outer loop
      vertex 15.1228 -140.597 1.5
      vertex 15.3093 -140.369 6
      vertex 15.3093 -140.369 1.5
    endloop
  endfacet
  facet normal -0.774033 0.633145 0
    outer loop
      vertex 15.3093 -140.369 6
      vertex 15.1228 -140.597 1.5
      vertex 15.1228 -140.597 6
    endloop
  endfacet
  facet normal -0.881692 0.471825 0
    outer loop
      vertex 14.9842 -140.856 1.5
      vertex 15.1228 -140.597 6
      vertex 15.1228 -140.597 1.5
    endloop
  endfacet
  facet normal -0.881692 0.471825 0
    outer loop
      vertex 15.1228 -140.597 6
      vertex 14.9842 -140.856 1.5
      vertex 14.9842 -140.856 6
    endloop
  endfacet
  facet normal -0.956789 0.290782 0
    outer loop
      vertex 14.8988 -141.137 1.5
      vertex 14.9842 -140.856 6
      vertex 14.9842 -140.856 1.5
    endloop
  endfacet
  facet normal -0.956789 0.290782 0
    outer loop
      vertex 14.9842 -140.856 6
      vertex 14.8988 -141.137 1.5
      vertex 14.8988 -141.137 6
    endloop
  endfacet
  facet normal -0.995204 0.0978221 0
    outer loop
      vertex 14.87 -141.43 1.5
      vertex 14.8988 -141.137 6
      vertex 14.8988 -141.137 1.5
    endloop
  endfacet
  facet normal -0.995204 0.0978221 0
    outer loop
      vertex 14.8988 -141.137 6
      vertex 14.87 -141.43 1.5
      vertex 14.87 -141.43 6
    endloop
  endfacet
  facet normal -0.995204 -0.0978221 0
    outer loop
      vertex 14.8988 -141.723 1.5
      vertex 14.87 -141.43 6
      vertex 14.87 -141.43 1.5
    endloop
  endfacet
  facet normal -0.995204 -0.0978221 0
    outer loop
      vertex 14.87 -141.43 6
      vertex 14.8988 -141.723 1.5
      vertex 14.8988 -141.723 6
    endloop
  endfacet
  facet normal -0.956789 -0.290782 0
    outer loop
      vertex 14.9842 -142.004 1.5
      vertex 14.8988 -141.723 6
      vertex 14.8988 -141.723 1.5
    endloop
  endfacet
  facet normal -0.956789 -0.290782 0
    outer loop
      vertex 14.8988 -141.723 6
      vertex 14.9842 -142.004 1.5
      vertex 14.9842 -142.004 6
    endloop
  endfacet
  facet normal -0.881692 -0.471825 0
    outer loop
      vertex 15.1228 -142.263 1.5
      vertex 14.9842 -142.004 6
      vertex 14.9842 -142.004 1.5
    endloop
  endfacet
  facet normal -0.881692 -0.471825 0
    outer loop
      vertex 14.9842 -142.004 6
      vertex 15.1228 -142.263 1.5
      vertex 15.1228 -142.263 6
    endloop
  endfacet
  facet normal -0.774033 -0.633145 0
    outer loop
      vertex 15.3093 -142.491 1.5
      vertex 15.1228 -142.263 6
      vertex 15.1228 -142.263 1.5
    endloop
  endfacet
  facet normal -0.774033 -0.633145 0
    outer loop
      vertex 15.1228 -142.263 6
      vertex 15.3093 -142.491 1.5
      vertex 15.3093 -142.491 6
    endloop
  endfacet
  facet normal -0.633293 -0.773912 0
    outer loop
      vertex 15.3093 -142.491 1.5
      vertex 15.5366 -142.677 6
      vertex 15.3093 -142.491 6
    endloop
  endfacet
  facet normal -0.633293 -0.773912 -0
    outer loop
      vertex 15.5366 -142.677 6
      vertex 15.3093 -142.491 1.5
      vertex 15.5366 -142.677 1.5
    endloop
  endfacet
  facet normal -0.472316 -0.881429 0
    outer loop
      vertex 15.5366 -142.677 1.5
      vertex 15.796 -142.816 6
      vertex 15.5366 -142.677 6
    endloop
  endfacet
  facet normal -0.472316 -0.881429 -0
    outer loop
      vertex 15.796 -142.816 6
      vertex 15.5366 -142.677 1.5
      vertex 15.796 -142.816 1.5
    endloop
  endfacet
  facet normal -0.289158 -0.957282 0
    outer loop
      vertex 15.796 -142.816 1.5
      vertex 16.0774 -142.901 6
      vertex 15.796 -142.816 6
    endloop
  endfacet
  facet normal -0.289158 -0.957282 -0
    outer loop
      vertex 16.0774 -142.901 6
      vertex 15.796 -142.816 1.5
      vertex 16.0774 -142.901 1.5
    endloop
  endfacet
  facet normal -0.0986282 -0.995124 0
    outer loop
      vertex 16.0774 -142.901 1.5
      vertex 16.37 -142.93 6
      vertex 16.0774 -142.901 6
    endloop
  endfacet
  facet normal -0.0986282 -0.995124 -0
    outer loop
      vertex 16.37 -142.93 6
      vertex 16.0774 -142.901 1.5
      vertex 16.37 -142.93 1.5
    endloop
  endfacet
  facet normal 0.0986282 -0.995124 0
    outer loop
      vertex 16.37 -142.93 1.5
      vertex 16.6626 -142.901 6
      vertex 16.37 -142.93 6
    endloop
  endfacet
  facet normal 0.0986282 -0.995124 0
    outer loop
      vertex 16.6626 -142.901 6
      vertex 16.37 -142.93 1.5
      vertex 16.6626 -142.901 1.5
    endloop
  endfacet
  facet normal 0.289158 -0.957282 0
    outer loop
      vertex 44.6626 -142.901 1.5
      vertex 44.944 -142.816 6
      vertex 44.6626 -142.901 6
    endloop
  endfacet
  facet normal 0.289158 -0.957282 0
    outer loop
      vertex 44.944 -142.816 6
      vertex 44.6626 -142.901 1.5
      vertex 44.944 -142.816 1.5
    endloop
  endfacet
  facet normal 0.472316 -0.881429 0
    outer loop
      vertex 44.944 -142.816 1.5
      vertex 45.2034 -142.677 6
      vertex 44.944 -142.816 6
    endloop
  endfacet
  facet normal 0.472316 -0.881429 0
    outer loop
      vertex 45.2034 -142.677 6
      vertex 44.944 -142.816 1.5
      vertex 45.2034 -142.677 1.5
    endloop
  endfacet
  facet normal 0.63346 -0.773775 0
    outer loop
      vertex 45.2034 -142.677 1.5
      vertex 45.4306 -142.491 6
      vertex 45.2034 -142.677 6
    endloop
  endfacet
  facet normal 0.63346 -0.773775 0
    outer loop
      vertex 45.4306 -142.491 6
      vertex 45.2034 -142.677 1.5
      vertex 45.4306 -142.491 1.5
    endloop
  endfacet
  facet normal 0.773867 -0.633349 0
    outer loop
      vertex 45.4306 -142.491 6
      vertex 45.6172 -142.263 1.5
      vertex 45.6172 -142.263 6
    endloop
  endfacet
  facet normal 0.773867 -0.633349 0
    outer loop
      vertex 45.6172 -142.263 1.5
      vertex 45.4306 -142.491 6
      vertex 45.4306 -142.491 1.5
    endloop
  endfacet
  facet normal 0.881692 -0.471825 0
    outer loop
      vertex 45.6172 -142.263 6
      vertex 45.7558 -142.004 1.5
      vertex 45.7558 -142.004 6
    endloop
  endfacet
  facet normal 0.881692 -0.471825 0
    outer loop
      vertex 45.7558 -142.004 1.5
      vertex 45.6172 -142.263 6
      vertex 45.6172 -142.263 1.5
    endloop
  endfacet
  facet normal 0.956789 -0.290782 0
    outer loop
      vertex 45.7558 -142.004 6
      vertex 45.8412 -141.723 1.5
      vertex 45.8412 -141.723 6
    endloop
  endfacet
  facet normal 0.956789 -0.290782 0
    outer loop
      vertex 45.8412 -141.723 1.5
      vertex 45.7558 -142.004 6
      vertex 45.7558 -142.004 1.5
    endloop
  endfacet
  facet normal 0.995204 -0.0978221 0
    outer loop
      vertex 45.8412 -141.723 6
      vertex 45.87 -141.43 1.5
      vertex 45.87 -141.43 6
    endloop
  endfacet
  facet normal 0.995204 -0.0978221 0
    outer loop
      vertex 45.87 -141.43 1.5
      vertex 45.8412 -141.723 6
      vertex 45.8412 -141.723 1.5
    endloop
  endfacet
  facet normal 0.995204 0.0978221 0
    outer loop
      vertex 45.87 -141.43 6
      vertex 45.8412 -141.137 1.5
      vertex 45.8412 -141.137 6
    endloop
  endfacet
  facet normal 0.995204 0.0978221 0
    outer loop
      vertex 45.8412 -141.137 1.5
      vertex 45.87 -141.43 6
      vertex 45.87 -141.43 1.5
    endloop
  endfacet
  facet normal 0.956789 0.290782 0
    outer loop
      vertex 45.8412 -141.137 6
      vertex 45.7558 -140.856 1.5
      vertex 45.7558 -140.856 6
    endloop
  endfacet
  facet normal 0.956789 0.290782 0
    outer loop
      vertex 45.7558 -140.856 1.5
      vertex 45.8412 -141.137 6
      vertex 45.8412 -141.137 1.5
    endloop
  endfacet
  facet normal 0.881692 0.471825 0
    outer loop
      vertex 45.7558 -140.856 6
      vertex 45.6172 -140.597 1.5
      vertex 45.6172 -140.597 6
    endloop
  endfacet
  facet normal 0.881692 0.471825 0
    outer loop
      vertex 45.6172 -140.597 1.5
      vertex 45.7558 -140.856 6
      vertex 45.7558 -140.856 1.5
    endloop
  endfacet
  facet normal 0.773867 0.633349 0
    outer loop
      vertex 45.6172 -140.597 6
      vertex 45.4306 -140.369 1.5
      vertex 45.4306 -140.369 6
    endloop
  endfacet
  facet normal 0.773867 0.633349 0
    outer loop
      vertex 45.4306 -140.369 1.5
      vertex 45.6172 -140.597 6
      vertex 45.6172 -140.597 1.5
    endloop
  endfacet
  facet normal 0.63346 0.773775 -0
    outer loop
      vertex 45.4306 -140.369 1.5
      vertex 45.2034 -140.183 6
      vertex 45.4306 -140.369 6
    endloop
  endfacet
  facet normal 0.63346 0.773775 0
    outer loop
      vertex 45.2034 -140.183 6
      vertex 45.4306 -140.369 1.5
      vertex 45.2034 -140.183 1.5
    endloop
  endfacet
  facet normal 0.472316 0.881429 -0
    outer loop
      vertex 45.2034 -140.183 1.5
      vertex 44.944 -140.044 6
      vertex 45.2034 -140.183 6
    endloop
  endfacet
  facet normal 0.472316 0.881429 0
    outer loop
      vertex 44.944 -140.044 6
      vertex 45.2034 -140.183 1.5
      vertex 44.944 -140.044 1.5
    endloop
  endfacet
  facet normal 0.289158 0.957282 -0
    outer loop
      vertex 44.944 -140.044 1.5
      vertex 44.6626 -139.959 6
      vertex 44.944 -140.044 6
    endloop
  endfacet
  facet normal 0.289158 0.957282 0
    outer loop
      vertex 44.6626 -139.959 6
      vertex 44.944 -140.044 1.5
      vertex 44.6626 -139.959 1.5
    endloop
  endfacet
  facet normal 0.0986282 0.995124 -0
    outer loop
      vertex 44.6626 -139.959 1.5
      vertex 44.37 -139.93 6
      vertex 44.6626 -139.959 6
    endloop
  endfacet
  facet normal 0.0986282 0.995124 0
    outer loop
      vertex 44.37 -139.93 6
      vertex 44.6626 -139.959 1.5
      vertex 44.37 -139.93 1.5
    endloop
  endfacet
  facet normal -0.0986282 0.995124 0
    outer loop
      vertex 44.37 -139.93 1.5
      vertex 44.0774 -139.959 6
      vertex 44.37 -139.93 6
    endloop
  endfacet
  facet normal -0.0986282 0.995124 0
    outer loop
      vertex 44.0774 -139.959 6
      vertex 44.37 -139.93 1.5
      vertex 44.0774 -139.959 1.5
    endloop
  endfacet
  facet normal -0.289158 0.957282 0
    outer loop
      vertex 44.0774 -139.959 1.5
      vertex 43.796 -140.044 6
      vertex 44.0774 -139.959 6
    endloop
  endfacet
  facet normal -0.289158 0.957282 0
    outer loop
      vertex 43.796 -140.044 6
      vertex 44.0774 -139.959 1.5
      vertex 43.796 -140.044 1.5
    endloop
  endfacet
  facet normal -0.472316 0.881429 0
    outer loop
      vertex 43.796 -140.044 1.5
      vertex 43.5366 -140.183 6
      vertex 43.796 -140.044 6
    endloop
  endfacet
  facet normal -0.472316 0.881429 0
    outer loop
      vertex 43.5366 -140.183 6
      vertex 43.796 -140.044 1.5
      vertex 43.5366 -140.183 1.5
    endloop
  endfacet
  facet normal -0.633293 0.773912 0
    outer loop
      vertex 43.5366 -140.183 1.5
      vertex 43.3093 -140.369 6
      vertex 43.5366 -140.183 6
    endloop
  endfacet
  facet normal -0.633293 0.773912 0
    outer loop
      vertex 43.3093 -140.369 6
      vertex 43.5366 -140.183 1.5
      vertex 43.3093 -140.369 1.5
    endloop
  endfacet
  facet normal -0.774033 0.633145 0
    outer loop
      vertex 43.1228 -140.597 1.5
      vertex 43.3093 -140.369 6
      vertex 43.3093 -140.369 1.5
    endloop
  endfacet
  facet normal -0.774033 0.633145 0
    outer loop
      vertex 43.3093 -140.369 6
      vertex 43.1228 -140.597 1.5
      vertex 43.1228 -140.597 6
    endloop
  endfacet
  facet normal -0.881692 0.471825 0
    outer loop
      vertex 42.9842 -140.856 1.5
      vertex 43.1228 -140.597 6
      vertex 43.1228 -140.597 1.5
    endloop
  endfacet
  facet normal -0.881692 0.471825 0
    outer loop
      vertex 43.1228 -140.597 6
      vertex 42.9842 -140.856 1.5
      vertex 42.9842 -140.856 6
    endloop
  endfacet
  facet normal -0.956789 0.290782 0
    outer loop
      vertex 42.8988 -141.137 1.5
      vertex 42.9842 -140.856 6
      vertex 42.9842 -140.856 1.5
    endloop
  endfacet
  facet normal -0.956789 0.290782 0
    outer loop
      vertex 42.9842 -140.856 6
      vertex 42.8988 -141.137 1.5
      vertex 42.8988 -141.137 6
    endloop
  endfacet
  facet normal -0.995204 0.0978221 0
    outer loop
      vertex 42.87 -141.43 1.5
      vertex 42.8988 -141.137 6
      vertex 42.8988 -141.137 1.5
    endloop
  endfacet
  facet normal -0.995204 0.0978221 0
    outer loop
      vertex 42.8988 -141.137 6
      vertex 42.87 -141.43 1.5
      vertex 42.87 -141.43 6
    endloop
  endfacet
  facet normal -0.995204 -0.0978221 0
    outer loop
      vertex 42.8988 -141.723 1.5
      vertex 42.87 -141.43 6
      vertex 42.87 -141.43 1.5
    endloop
  endfacet
  facet normal -0.995204 -0.0978221 0
    outer loop
      vertex 42.87 -141.43 6
      vertex 42.8988 -141.723 1.5
      vertex 42.8988 -141.723 6
    endloop
  endfacet
  facet normal -0.956789 -0.290782 0
    outer loop
      vertex 42.9842 -142.004 1.5
      vertex 42.8988 -141.723 6
      vertex 42.8988 -141.723 1.5
    endloop
  endfacet
  facet normal -0.956789 -0.290782 0
    outer loop
      vertex 42.8988 -141.723 6
      vertex 42.9842 -142.004 1.5
      vertex 42.9842 -142.004 6
    endloop
  endfacet
  facet normal -0.881692 -0.471825 0
    outer loop
      vertex 43.1228 -142.263 1.5
      vertex 42.9842 -142.004 6
      vertex 42.9842 -142.004 1.5
    endloop
  endfacet
  facet normal -0.881692 -0.471825 0
    outer loop
      vertex 42.9842 -142.004 6
      vertex 43.1228 -142.263 1.5
      vertex 43.1228 -142.263 6
    endloop
  endfacet
  facet normal -0.774033 -0.633145 0
    outer loop
      vertex 43.3093 -142.491 1.5
      vertex 43.1228 -142.263 6
      vertex 43.1228 -142.263 1.5
    endloop
  endfacet
  facet normal -0.774033 -0.633145 0
    outer loop
      vertex 43.1228 -142.263 6
      vertex 43.3093 -142.491 1.5
      vertex 43.3093 -142.491 6
    endloop
  endfacet
  facet normal -0.633293 -0.773912 0
    outer loop
      vertex 43.3093 -142.491 1.5
      vertex 43.5366 -142.677 6
      vertex 43.3093 -142.491 6
    endloop
  endfacet
  facet normal -0.633293 -0.773912 -0
    outer loop
      vertex 43.5366 -142.677 6
      vertex 43.3093 -142.491 1.5
      vertex 43.5366 -142.677 1.5
    endloop
  endfacet
  facet normal -0.472316 -0.881429 0
    outer loop
      vertex 43.5366 -142.677 1.5
      vertex 43.796 -142.816 6
      vertex 43.5366 -142.677 6
    endloop
  endfacet
  facet normal -0.472316 -0.881429 -0
    outer loop
      vertex 43.796 -142.816 6
      vertex 43.5366 -142.677 1.5
      vertex 43.796 -142.816 1.5
    endloop
  endfacet
  facet normal -0.289158 -0.957282 0
    outer loop
      vertex 43.796 -142.816 1.5
      vertex 44.0774 -142.901 6
      vertex 43.796 -142.816 6
    endloop
  endfacet
  facet normal -0.289158 -0.957282 -0
    outer loop
      vertex 44.0774 -142.901 6
      vertex 43.796 -142.816 1.5
      vertex 44.0774 -142.901 1.5
    endloop
  endfacet
  facet normal -0.0986282 -0.995124 0
    outer loop
      vertex 44.0774 -142.901 1.5
      vertex 44.37 -142.93 6
      vertex 44.0774 -142.901 6
    endloop
  endfacet
  facet normal -0.0986282 -0.995124 -0
    outer loop
      vertex 44.37 -142.93 6
      vertex 44.0774 -142.901 1.5
      vertex 44.37 -142.93 1.5
    endloop
  endfacet
  facet normal 0.0986282 -0.995124 0
    outer loop
      vertex 44.37 -142.93 1.5
      vertex 44.6626 -142.901 6
      vertex 44.37 -142.93 6
    endloop
  endfacet
  facet normal 0.0986282 -0.995124 0
    outer loop
      vertex 44.6626 -142.901 6
      vertex 44.37 -142.93 1.5
      vertex 44.6626 -142.901 1.5
    endloop
  endfacet
  facet normal 0.289158 -0.957282 0
    outer loop
      vertex 44.6626 -154.901 1.5
      vertex 44.944 -154.816 6
      vertex 44.6626 -154.901 6
    endloop
  endfacet
  facet normal 0.289158 -0.957282 0
    outer loop
      vertex 44.944 -154.816 6
      vertex 44.6626 -154.901 1.5
      vertex 44.944 -154.816 1.5
    endloop
  endfacet
  facet normal 0.472316 -0.881429 0
    outer loop
      vertex 44.944 -154.816 1.5
      vertex 45.2034 -154.677 6
      vertex 44.944 -154.816 6
    endloop
  endfacet
  facet normal 0.472316 -0.881429 0
    outer loop
      vertex 45.2034 -154.677 6
      vertex 44.944 -154.816 1.5
      vertex 45.2034 -154.677 1.5
    endloop
  endfacet
  facet normal 0.63346 -0.773775 0
    outer loop
      vertex 45.2034 -154.677 1.5
      vertex 45.4306 -154.491 6
      vertex 45.2034 -154.677 6
    endloop
  endfacet
  facet normal 0.63346 -0.773775 0
    outer loop
      vertex 45.4306 -154.491 6
      vertex 45.2034 -154.677 1.5
      vertex 45.4306 -154.491 1.5
    endloop
  endfacet
  facet normal 0.773867 -0.633349 0
    outer loop
      vertex 45.4306 -154.491 6
      vertex 45.6172 -154.263 1.5
      vertex 45.6172 -154.263 6
    endloop
  endfacet
  facet normal 0.773867 -0.633349 0
    outer loop
      vertex 45.6172 -154.263 1.5
      vertex 45.4306 -154.491 6
      vertex 45.4306 -154.491 1.5
    endloop
  endfacet
  facet normal 0.881692 -0.471825 0
    outer loop
      vertex 45.6172 -154.263 6
      vertex 45.7558 -154.004 1.5
      vertex 45.7558 -154.004 6
    endloop
  endfacet
  facet normal 0.881692 -0.471825 0
    outer loop
      vertex 45.7558 -154.004 1.5
      vertex 45.6172 -154.263 6
      vertex 45.6172 -154.263 1.5
    endloop
  endfacet
  facet normal 0.956789 -0.290782 0
    outer loop
      vertex 45.7558 -154.004 6
      vertex 45.8412 -153.723 1.5
      vertex 45.8412 -153.723 6
    endloop
  endfacet
  facet normal 0.956789 -0.290782 0
    outer loop
      vertex 45.8412 -153.723 1.5
      vertex 45.7558 -154.004 6
      vertex 45.7558 -154.004 1.5
    endloop
  endfacet
  facet normal 0.995204 -0.0978221 0
    outer loop
      vertex 45.8412 -153.723 6
      vertex 45.87 -153.43 1.5
      vertex 45.87 -153.43 6
    endloop
  endfacet
  facet normal 0.995204 -0.0978221 0
    outer loop
      vertex 45.87 -153.43 1.5
      vertex 45.8412 -153.723 6
      vertex 45.8412 -153.723 1.5
    endloop
  endfacet
  facet normal 0.995204 0.0978221 0
    outer loop
      vertex 45.87 -153.43 6
      vertex 45.8412 -153.137 1.5
      vertex 45.8412 -153.137 6
    endloop
  endfacet
  facet normal 0.995204 0.0978221 0
    outer loop
      vertex 45.8412 -153.137 1.5
      vertex 45.87 -153.43 6
      vertex 45.87 -153.43 1.5
    endloop
  endfacet
  facet normal 0.956789 0.290782 0
    outer loop
      vertex 45.8412 -153.137 6
      vertex 45.7558 -152.856 1.5
      vertex 45.7558 -152.856 6
    endloop
  endfacet
  facet normal 0.956789 0.290782 0
    outer loop
      vertex 45.7558 -152.856 1.5
      vertex 45.8412 -153.137 6
      vertex 45.8412 -153.137 1.5
    endloop
  endfacet
  facet normal 0.881692 0.471825 0
    outer loop
      vertex 45.7558 -152.856 6
      vertex 45.6172 -152.597 1.5
      vertex 45.6172 -152.597 6
    endloop
  endfacet
  facet normal 0.881692 0.471825 0
    outer loop
      vertex 45.6172 -152.597 1.5
      vertex 45.7558 -152.856 6
      vertex 45.7558 -152.856 1.5
    endloop
  endfacet
  facet normal 0.773867 0.633349 0
    outer loop
      vertex 45.6172 -152.597 6
      vertex 45.4306 -152.369 1.5
      vertex 45.4306 -152.369 6
    endloop
  endfacet
  facet normal 0.773867 0.633349 0
    outer loop
      vertex 45.4306 -152.369 1.5
      vertex 45.6172 -152.597 6
      vertex 45.6172 -152.597 1.5
    endloop
  endfacet
  facet normal 0.63346 0.773775 -0
    outer loop
      vertex 45.4306 -152.369 1.5
      vertex 45.2034 -152.183 6
      vertex 45.4306 -152.369 6
    endloop
  endfacet
  facet normal 0.63346 0.773775 0
    outer loop
      vertex 45.2034 -152.183 6
      vertex 45.4306 -152.369 1.5
      vertex 45.2034 -152.183 1.5
    endloop
  endfacet
  facet normal 0.472316 0.881429 -0
    outer loop
      vertex 45.2034 -152.183 1.5
      vertex 44.944 -152.044 6
      vertex 45.2034 -152.183 6
    endloop
  endfacet
  facet normal 0.472316 0.881429 0
    outer loop
      vertex 44.944 -152.044 6
      vertex 45.2034 -152.183 1.5
      vertex 44.944 -152.044 1.5
    endloop
  endfacet
  facet normal 0.289158 0.957282 -0
    outer loop
      vertex 44.944 -152.044 1.5
      vertex 44.6626 -151.959 6
      vertex 44.944 -152.044 6
    endloop
  endfacet
  facet normal 0.289158 0.957282 0
    outer loop
      vertex 44.6626 -151.959 6
      vertex 44.944 -152.044 1.5
      vertex 44.6626 -151.959 1.5
    endloop
  endfacet
  facet normal 0.0986282 0.995124 -0
    outer loop
      vertex 44.6626 -151.959 1.5
      vertex 44.37 -151.93 6
      vertex 44.6626 -151.959 6
    endloop
  endfacet
  facet normal 0.0986282 0.995124 0
    outer loop
      vertex 44.37 -151.93 6
      vertex 44.6626 -151.959 1.5
      vertex 44.37 -151.93 1.5
    endloop
  endfacet
  facet normal -0.0986282 0.995124 0
    outer loop
      vertex 44.37 -151.93 1.5
      vertex 44.0774 -151.959 6
      vertex 44.37 -151.93 6
    endloop
  endfacet
  facet normal -0.0986282 0.995124 0
    outer loop
      vertex 44.0774 -151.959 6
      vertex 44.37 -151.93 1.5
      vertex 44.0774 -151.959 1.5
    endloop
  endfacet
  facet normal -0.289158 0.957282 0
    outer loop
      vertex 44.0774 -151.959 1.5
      vertex 43.796 -152.044 6
      vertex 44.0774 -151.959 6
    endloop
  endfacet
  facet normal -0.289158 0.957282 0
    outer loop
      vertex 43.796 -152.044 6
      vertex 44.0774 -151.959 1.5
      vertex 43.796 -152.044 1.5
    endloop
  endfacet
  facet normal -0.472316 0.881429 0
    outer loop
      vertex 43.796 -152.044 1.5
      vertex 43.5366 -152.183 6
      vertex 43.796 -152.044 6
    endloop
  endfacet
  facet normal -0.472316 0.881429 0
    outer loop
      vertex 43.5366 -152.183 6
      vertex 43.796 -152.044 1.5
      vertex 43.5366 -152.183 1.5
    endloop
  endfacet
  facet normal -0.633293 0.773912 0
    outer loop
      vertex 43.5366 -152.183 1.5
      vertex 43.3093 -152.369 6
      vertex 43.5366 -152.183 6
    endloop
  endfacet
  facet normal -0.633293 0.773912 0
    outer loop
      vertex 43.3093 -152.369 6
      vertex 43.5366 -152.183 1.5
      vertex 43.3093 -152.369 1.5
    endloop
  endfacet
  facet normal -0.774033 0.633145 0
    outer loop
      vertex 43.1228 -152.597 1.5
      vertex 43.3093 -152.369 6
      vertex 43.3093 -152.369 1.5
    endloop
  endfacet
  facet normal -0.774033 0.633145 0
    outer loop
      vertex 43.3093 -152.369 6
      vertex 43.1228 -152.597 1.5
      vertex 43.1228 -152.597 6
    endloop
  endfacet
  facet normal -0.881692 0.471825 0
    outer loop
      vertex 42.9842 -152.856 1.5
      vertex 43.1228 -152.597 6
      vertex 43.1228 -152.597 1.5
    endloop
  endfacet
  facet normal -0.881692 0.471825 0
    outer loop
      vertex 43.1228 -152.597 6
      vertex 42.9842 -152.856 1.5
      vertex 42.9842 -152.856 6
    endloop
  endfacet
  facet normal -0.956789 0.290782 0
    outer loop
      vertex 42.8988 -153.137 1.5
      vertex 42.9842 -152.856 6
      vertex 42.9842 -152.856 1.5
    endloop
  endfacet
  facet normal -0.956789 0.290782 0
    outer loop
      vertex 42.9842 -152.856 6
      vertex 42.8988 -153.137 1.5
      vertex 42.8988 -153.137 6
    endloop
  endfacet
  facet normal -0.995204 0.0978221 0
    outer loop
      vertex 42.87 -153.43 1.5
      vertex 42.8988 -153.137 6
      vertex 42.8988 -153.137 1.5
    endloop
  endfacet
  facet normal -0.995204 0.0978221 0
    outer loop
      vertex 42.8988 -153.137 6
      vertex 42.87 -153.43 1.5
      vertex 42.87 -153.43 6
    endloop
  endfacet
  facet normal -0.995204 -0.0978221 0
    outer loop
      vertex 42.8988 -153.723 1.5
      vertex 42.87 -153.43 6
      vertex 42.87 -153.43 1.5
    endloop
  endfacet
  facet normal -0.995204 -0.0978221 0
    outer loop
      vertex 42.87 -153.43 6
      vertex 42.8988 -153.723 1.5
      vertex 42.8988 -153.723 6
    endloop
  endfacet
  facet normal -0.956789 -0.290782 0
    outer loop
      vertex 42.9842 -154.004 1.5
      vertex 42.8988 -153.723 6
      vertex 42.8988 -153.723 1.5
    endloop
  endfacet
  facet normal -0.956789 -0.290782 0
    outer loop
      vertex 42.8988 -153.723 6
      vertex 42.9842 -154.004 1.5
      vertex 42.9842 -154.004 6
    endloop
  endfacet
  facet normal -0.881692 -0.471825 0
    outer loop
      vertex 43.1228 -154.263 1.5
      vertex 42.9842 -154.004 6
      vertex 42.9842 -154.004 1.5
    endloop
  endfacet
  facet normal -0.881692 -0.471825 0
    outer loop
      vertex 42.9842 -154.004 6
      vertex 43.1228 -154.263 1.5
      vertex 43.1228 -154.263 6
    endloop
  endfacet
  facet normal -0.774033 -0.633145 0
    outer loop
      vertex 43.3093 -154.491 1.5
      vertex 43.1228 -154.263 6
      vertex 43.1228 -154.263 1.5
    endloop
  endfacet
  facet normal -0.774033 -0.633145 0
    outer loop
      vertex 43.1228 -154.263 6
      vertex 43.3093 -154.491 1.5
      vertex 43.3093 -154.491 6
    endloop
  endfacet
  facet normal -0.633293 -0.773912 0
    outer loop
      vertex 43.3093 -154.491 1.5
      vertex 43.5366 -154.677 6
      vertex 43.3093 -154.491 6
    endloop
  endfacet
  facet normal -0.633293 -0.773912 -0
    outer loop
      vertex 43.5366 -154.677 6
      vertex 43.3093 -154.491 1.5
      vertex 43.5366 -154.677 1.5
    endloop
  endfacet
  facet normal -0.472316 -0.881429 0
    outer loop
      vertex 43.5366 -154.677 1.5
      vertex 43.796 -154.816 6
      vertex 43.5366 -154.677 6
    endloop
  endfacet
  facet normal -0.472316 -0.881429 -0
    outer loop
      vertex 43.796 -154.816 6
      vertex 43.5366 -154.677 1.5
      vertex 43.796 -154.816 1.5
    endloop
  endfacet
  facet normal -0.289158 -0.957282 0
    outer loop
      vertex 43.796 -154.816 1.5
      vertex 44.0774 -154.901 6
      vertex 43.796 -154.816 6
    endloop
  endfacet
  facet normal -0.289158 -0.957282 -0
    outer loop
      vertex 44.0774 -154.901 6
      vertex 43.796 -154.816 1.5
      vertex 44.0774 -154.901 1.5
    endloop
  endfacet
  facet normal -0.0986282 -0.995124 0
    outer loop
      vertex 44.0774 -154.901 1.5
      vertex 44.37 -154.93 6
      vertex 44.0774 -154.901 6
    endloop
  endfacet
  facet normal -0.0986282 -0.995124 -0
    outer loop
      vertex 44.37 -154.93 6
      vertex 44.0774 -154.901 1.5
      vertex 44.37 -154.93 1.5
    endloop
  endfacet
  facet normal 0.0986282 -0.995124 0
    outer loop
      vertex 44.37 -154.93 1.5
      vertex 44.6626 -154.901 6
      vertex 44.37 -154.93 6
    endloop
  endfacet
  facet normal 0.0986282 -0.995124 0
    outer loop
      vertex 44.6626 -154.901 6
      vertex 44.37 -154.93 1.5
      vertex 44.6626 -154.901 1.5
    endloop
  endfacet
  facet normal 0.289158 -0.957282 0
    outer loop
      vertex 30.6626 -154.901 1.5
      vertex 30.944 -154.816 6
      vertex 30.6626 -154.901 6
    endloop
  endfacet
  facet normal 0.289158 -0.957282 0
    outer loop
      vertex 30.944 -154.816 6
      vertex 30.6626 -154.901 1.5
      vertex 30.944 -154.816 1.5
    endloop
  endfacet
  facet normal 0.472316 -0.881429 0
    outer loop
      vertex 30.944 -154.816 1.5
      vertex 31.2034 -154.677 6
      vertex 30.944 -154.816 6
    endloop
  endfacet
  facet normal 0.472316 -0.881429 0
    outer loop
      vertex 31.2034 -154.677 6
      vertex 30.944 -154.816 1.5
      vertex 31.2034 -154.677 1.5
    endloop
  endfacet
  facet normal 0.63346 -0.773775 0
    outer loop
      vertex 31.2034 -154.677 1.5
      vertex 31.4306 -154.491 6
      vertex 31.2034 -154.677 6
    endloop
  endfacet
  facet normal 0.63346 -0.773775 0
    outer loop
      vertex 31.4306 -154.491 6
      vertex 31.2034 -154.677 1.5
      vertex 31.4306 -154.491 1.5
    endloop
  endfacet
  facet normal 0.773867 -0.633349 0
    outer loop
      vertex 31.4306 -154.491 6
      vertex 31.6172 -154.263 1.5
      vertex 31.6172 -154.263 6
    endloop
  endfacet
  facet normal 0.773867 -0.633349 0
    outer loop
      vertex 31.6172 -154.263 1.5
      vertex 31.4306 -154.491 6
      vertex 31.4306 -154.491 1.5
    endloop
  endfacet
  facet normal 0.881692 -0.471825 0
    outer loop
      vertex 31.6172 -154.263 6
      vertex 31.7558 -154.004 1.5
      vertex 31.7558 -154.004 6
    endloop
  endfacet
  facet normal 0.881692 -0.471825 0
    outer loop
      vertex 31.7558 -154.004 1.5
      vertex 31.6172 -154.263 6
      vertex 31.6172 -154.263 1.5
    endloop
  endfacet
  facet normal 0.956789 -0.290782 0
    outer loop
      vertex 31.7558 -154.004 6
      vertex 31.8412 -153.723 1.5
      vertex 31.8412 -153.723 6
    endloop
  endfacet
  facet normal 0.956789 -0.290782 0
    outer loop
      vertex 31.8412 -153.723 1.5
      vertex 31.7558 -154.004 6
      vertex 31.7558 -154.004 1.5
    endloop
  endfacet
  facet normal 0.995204 -0.0978221 0
    outer loop
      vertex 31.8412 -153.723 6
      vertex 31.87 -153.43 1.5
      vertex 31.87 -153.43 6
    endloop
  endfacet
  facet normal 0.995204 -0.0978221 0
    outer loop
      vertex 31.87 -153.43 1.5
      vertex 31.8412 -153.723 6
      vertex 31.8412 -153.723 1.5
    endloop
  endfacet
  facet normal 0.995204 0.0978221 0
    outer loop
      vertex 31.87 -153.43 6
      vertex 31.8412 -153.137 1.5
      vertex 31.8412 -153.137 6
    endloop
  endfacet
  facet normal 0.995204 0.0978221 0
    outer loop
      vertex 31.8412 -153.137 1.5
      vertex 31.87 -153.43 6
      vertex 31.87 -153.43 1.5
    endloop
  endfacet
  facet normal 0.956789 0.290782 0
    outer loop
      vertex 31.8412 -153.137 6
      vertex 31.7558 -152.856 1.5
      vertex 31.7558 -152.856 6
    endloop
  endfacet
  facet normal 0.956789 0.290782 0
    outer loop
      vertex 31.7558 -152.856 1.5
      vertex 31.8412 -153.137 6
      vertex 31.8412 -153.137 1.5
    endloop
  endfacet
  facet normal 0.881692 0.471825 0
    outer loop
      vertex 31.7558 -152.856 6
      vertex 31.6172 -152.597 1.5
      vertex 31.6172 -152.597 6
    endloop
  endfacet
  facet normal 0.881692 0.471825 0
    outer loop
      vertex 31.6172 -152.597 1.5
      vertex 31.7558 -152.856 6
      vertex 31.7558 -152.856 1.5
    endloop
  endfacet
  facet normal 0.773867 0.633349 0
    outer loop
      vertex 31.6172 -152.597 6
      vertex 31.4306 -152.369 1.5
      vertex 31.4306 -152.369 6
    endloop
  endfacet
  facet normal 0.773867 0.633349 0
    outer loop
      vertex 31.4306 -152.369 1.5
      vertex 31.6172 -152.597 6
      vertex 31.6172 -152.597 1.5
    endloop
  endfacet
  facet normal 0.63346 0.773775 -0
    outer loop
      vertex 31.4306 -152.369 1.5
      vertex 31.2034 -152.183 6
      vertex 31.4306 -152.369 6
    endloop
  endfacet
  facet normal 0.63346 0.773775 0
    outer loop
      vertex 31.2034 -152.183 6
      vertex 31.4306 -152.369 1.5
      vertex 31.2034 -152.183 1.5
    endloop
  endfacet
  facet normal 0.472316 0.881429 -0
    outer loop
      vertex 31.2034 -152.183 1.5
      vertex 30.944 -152.044 6
      vertex 31.2034 -152.183 6
    endloop
  endfacet
  facet normal 0.472316 0.881429 0
    outer loop
      vertex 30.944 -152.044 6
      vertex 31.2034 -152.183 1.5
      vertex 30.944 -152.044 1.5
    endloop
  endfacet
  facet normal 0.289158 0.957282 -0
    outer loop
      vertex 30.944 -152.044 1.5
      vertex 30.6626 -151.959 6
      vertex 30.944 -152.044 6
    endloop
  endfacet
  facet normal 0.289158 0.957282 0
    outer loop
      vertex 30.6626 -151.959 6
      vertex 30.944 -152.044 1.5
      vertex 30.6626 -151.959 1.5
    endloop
  endfacet
  facet normal 0.0986282 0.995124 -0
    outer loop
      vertex 30.6626 -151.959 1.5
      vertex 30.37 -151.93 6
      vertex 30.6626 -151.959 6
    endloop
  endfacet
  facet normal 0.0986282 0.995124 0
    outer loop
      vertex 30.37 -151.93 6
      vertex 30.6626 -151.959 1.5
      vertex 30.37 -151.93 1.5
    endloop
  endfacet
  facet normal -0.0986282 0.995124 0
    outer loop
      vertex 30.37 -151.93 1.5
      vertex 30.0774 -151.959 6
      vertex 30.37 -151.93 6
    endloop
  endfacet
  facet normal -0.0986282 0.995124 0
    outer loop
      vertex 30.0774 -151.959 6
      vertex 30.37 -151.93 1.5
      vertex 30.0774 -151.959 1.5
    endloop
  endfacet
  facet normal -0.289158 0.957282 0
    outer loop
      vertex 30.0774 -151.959 1.5
      vertex 29.796 -152.044 6
      vertex 30.0774 -151.959 6
    endloop
  endfacet
  facet normal -0.289158 0.957282 0
    outer loop
      vertex 29.796 -152.044 6
      vertex 30.0774 -151.959 1.5
      vertex 29.796 -152.044 1.5
    endloop
  endfacet
  facet normal -0.472316 0.881429 0
    outer loop
      vertex 29.796 -152.044 1.5
      vertex 29.5366 -152.183 6
      vertex 29.796 -152.044 6
    endloop
  endfacet
  facet normal -0.472316 0.881429 0
    outer loop
      vertex 29.5366 -152.183 6
      vertex 29.796 -152.044 1.5
      vertex 29.5366 -152.183 1.5
    endloop
  endfacet
  facet normal -0.633293 0.773912 0
    outer loop
      vertex 29.5366 -152.183 1.5
      vertex 29.3093 -152.369 6
      vertex 29.5366 -152.183 6
    endloop
  endfacet
  facet normal -0.633293 0.773912 0
    outer loop
      vertex 29.3093 -152.369 6
      vertex 29.5366 -152.183 1.5
      vertex 29.3093 -152.369 1.5
    endloop
  endfacet
  facet normal -0.774033 0.633145 0
    outer loop
      vertex 29.1228 -152.597 1.5
      vertex 29.3093 -152.369 6
      vertex 29.3093 -152.369 1.5
    endloop
  endfacet
  facet normal -0.774033 0.633145 0
    outer loop
      vertex 29.3093 -152.369 6
      vertex 29.1228 -152.597 1.5
      vertex 29.1228 -152.597 6
    endloop
  endfacet
  facet normal -0.881692 0.471825 0
    outer loop
      vertex 28.9842 -152.856 1.5
      vertex 29.1228 -152.597 6
      vertex 29.1228 -152.597 1.5
    endloop
  endfacet
  facet normal -0.881692 0.471825 0
    outer loop
      vertex 29.1228 -152.597 6
      vertex 28.9842 -152.856 1.5
      vertex 28.9842 -152.856 6
    endloop
  endfacet
  facet normal -0.956789 0.290782 0
    outer loop
      vertex 28.8988 -153.137 1.5
      vertex 28.9842 -152.856 6
      vertex 28.9842 -152.856 1.5
    endloop
  endfacet
  facet normal -0.956789 0.290782 0
    outer loop
      vertex 28.9842 -152.856 6
      vertex 28.8988 -153.137 1.5
      vertex 28.8988 -153.137 6
    endloop
  endfacet
  facet normal -0.995204 0.0978221 0
    outer loop
      vertex 28.87 -153.43 1.5
      vertex 28.8988 -153.137 6
      vertex 28.8988 -153.137 1.5
    endloop
  endfacet
  facet normal -0.995204 0.0978221 0
    outer loop
      vertex 28.8988 -153.137 6
      vertex 28.87 -153.43 1.5
      vertex 28.87 -153.43 6
    endloop
  endfacet
  facet normal -0.995204 -0.0978221 0
    outer loop
      vertex 28.8988 -153.723 1.5
      vertex 28.87 -153.43 6
      vertex 28.87 -153.43 1.5
    endloop
  endfacet
  facet normal -0.995204 -0.0978221 0
    outer loop
      vertex 28.87 -153.43 6
      vertex 28.8988 -153.723 1.5
      vertex 28.8988 -153.723 6
    endloop
  endfacet
  facet normal -0.956789 -0.290782 0
    outer loop
      vertex 28.9842 -154.004 1.5
      vertex 28.8988 -153.723 6
      vertex 28.8988 -153.723 1.5
    endloop
  endfacet
  facet normal -0.956789 -0.290782 0
    outer loop
      vertex 28.8988 -153.723 6
      vertex 28.9842 -154.004 1.5
      vertex 28.9842 -154.004 6
    endloop
  endfacet
  facet normal -0.881692 -0.471825 0
    outer loop
      vertex 29.1228 -154.263 1.5
      vertex 28.9842 -154.004 6
      vertex 28.9842 -154.004 1.5
    endloop
  endfacet
  facet normal -0.881692 -0.471825 0
    outer loop
      vertex 28.9842 -154.004 6
      vertex 29.1228 -154.263 1.5
      vertex 29.1228 -154.263 6
    endloop
  endfacet
  facet normal -0.774033 -0.633145 0
    outer loop
      vertex 29.3093 -154.491 1.5
      vertex 29.1228 -154.263 6
      vertex 29.1228 -154.263 1.5
    endloop
  endfacet
  facet normal -0.774033 -0.633145 0
    outer loop
      vertex 29.1228 -154.263 6
      vertex 29.3093 -154.491 1.5
      vertex 29.3093 -154.491 6
    endloop
  endfacet
  facet normal -0.633293 -0.773912 0
    outer loop
      vertex 29.3093 -154.491 1.5
      vertex 29.5366 -154.677 6
      vertex 29.3093 -154.491 6
    endloop
  endfacet
  facet normal -0.633293 -0.773912 -0
    outer loop
      vertex 29.5366 -154.677 6
      vertex 29.3093 -154.491 1.5
      vertex 29.5366 -154.677 1.5
    endloop
  endfacet
  facet normal -0.472316 -0.881429 0
    outer loop
      vertex 29.5366 -154.677 1.5
      vertex 29.796 -154.816 6
      vertex 29.5366 -154.677 6
    endloop
  endfacet
  facet normal -0.472316 -0.881429 -0
    outer loop
      vertex 29.796 -154.816 6
      vertex 29.5366 -154.677 1.5
      vertex 29.796 -154.816 1.5
    endloop
  endfacet
  facet normal -0.289158 -0.957282 0
    outer loop
      vertex 29.796 -154.816 1.5
      vertex 30.0774 -154.901 6
      vertex 29.796 -154.816 6
    endloop
  endfacet
  facet normal -0.289158 -0.957282 -0
    outer loop
      vertex 30.0774 -154.901 6
      vertex 29.796 -154.816 1.5
      vertex 30.0774 -154.901 1.5
    endloop
  endfacet
  facet normal -0.0986282 -0.995124 0
    outer loop
      vertex 30.0774 -154.901 1.5
      vertex 30.37 -154.93 6
      vertex 30.0774 -154.901 6
    endloop
  endfacet
  facet normal -0.0986282 -0.995124 -0
    outer loop
      vertex 30.37 -154.93 6
      vertex 30.0774 -154.901 1.5
      vertex 30.37 -154.93 1.5
    endloop
  endfacet
  facet normal 0.0986282 -0.995124 0
    outer loop
      vertex 30.37 -154.93 1.5
      vertex 30.6626 -154.901 6
      vertex 30.37 -154.93 6
    endloop
  endfacet
  facet normal 0.0986282 -0.995124 0
    outer loop
      vertex 30.6626 -154.901 6
      vertex 30.37 -154.93 1.5
      vertex 30.6626 -154.901 1.5
    endloop
  endfacet
  facet normal 0.289158 -0.957282 0
    outer loop
      vertex 16.6626 -154.901 1.5
      vertex 16.944 -154.816 6
      vertex 16.6626 -154.901 6
    endloop
  endfacet
  facet normal 0.289158 -0.957282 0
    outer loop
      vertex 16.944 -154.816 6
      vertex 16.6626 -154.901 1.5
      vertex 16.944 -154.816 1.5
    endloop
  endfacet
  facet normal 0.472316 -0.881429 0
    outer loop
      vertex 16.944 -154.816 1.5
      vertex 17.2034 -154.677 6
      vertex 16.944 -154.816 6
    endloop
  endfacet
  facet normal 0.472316 -0.881429 0
    outer loop
      vertex 17.2034 -154.677 6
      vertex 16.944 -154.816 1.5
      vertex 17.2034 -154.677 1.5
    endloop
  endfacet
  facet normal 0.63346 -0.773775 0
    outer loop
      vertex 17.2034 -154.677 1.5
      vertex 17.4306 -154.491 6
      vertex 17.2034 -154.677 6
    endloop
  endfacet
  facet normal 0.63346 -0.773775 0
    outer loop
      vertex 17.4306 -154.491 6
      vertex 17.2034 -154.677 1.5
      vertex 17.4306 -154.491 1.5
    endloop
  endfacet
  facet normal 0.773867 -0.633349 0
    outer loop
      vertex 17.4306 -154.491 6
      vertex 17.6172 -154.263 1.5
      vertex 17.6172 -154.263 6
    endloop
  endfacet
  facet normal 0.773867 -0.633349 0
    outer loop
      vertex 17.6172 -154.263 1.5
      vertex 17.4306 -154.491 6
      vertex 17.4306 -154.491 1.5
    endloop
  endfacet
  facet normal 0.881692 -0.471825 0
    outer loop
      vertex 17.6172 -154.263 6
      vertex 17.7558 -154.004 1.5
      vertex 17.7558 -154.004 6
    endloop
  endfacet
  facet normal 0.881692 -0.471825 0
    outer loop
      vertex 17.7558 -154.004 1.5
      vertex 17.6172 -154.263 6
      vertex 17.6172 -154.263 1.5
    endloop
  endfacet
  facet normal 0.956789 -0.290782 0
    outer loop
      vertex 17.7558 -154.004 6
      vertex 17.8412 -153.723 1.5
      vertex 17.8412 -153.723 6
    endloop
  endfacet
  facet normal 0.956789 -0.290782 0
    outer loop
      vertex 17.8412 -153.723 1.5
      vertex 17.7558 -154.004 6
      vertex 17.7558 -154.004 1.5
    endloop
  endfacet
  facet normal 0.995204 -0.0978221 0
    outer loop
      vertex 17.8412 -153.723 6
      vertex 17.87 -153.43 1.5
      vertex 17.87 -153.43 6
    endloop
  endfacet
  facet normal 0.995204 -0.0978221 0
    outer loop
      vertex 17.87 -153.43 1.5
      vertex 17.8412 -153.723 6
      vertex 17.8412 -153.723 1.5
    endloop
  endfacet
  facet normal 0.995204 0.0978221 0
    outer loop
      vertex 17.87 -153.43 6
      vertex 17.8412 -153.137 1.5
      vertex 17.8412 -153.137 6
    endloop
  endfacet
  facet normal 0.995204 0.0978221 0
    outer loop
      vertex 17.8412 -153.137 1.5
      vertex 17.87 -153.43 6
      vertex 17.87 -153.43 1.5
    endloop
  endfacet
  facet normal 0.956789 0.290782 0
    outer loop
      vertex 17.8412 -153.137 6
      vertex 17.7558 -152.856 1.5
      vertex 17.7558 -152.856 6
    endloop
  endfacet
  facet normal 0.956789 0.290782 0
    outer loop
      vertex 17.7558 -152.856 1.5
      vertex 17.8412 -153.137 6
      vertex 17.8412 -153.137 1.5
    endloop
  endfacet
  facet normal 0.881692 0.471825 0
    outer loop
      vertex 17.7558 -152.856 6
      vertex 17.6172 -152.597 1.5
      vertex 17.6172 -152.597 6
    endloop
  endfacet
  facet normal 0.881692 0.471825 0
    outer loop
      vertex 17.6172 -152.597 1.5
      vertex 17.7558 -152.856 6
      vertex 17.7558 -152.856 1.5
    endloop
  endfacet
  facet normal 0.773867 0.633349 0
    outer loop
      vertex 17.6172 -152.597 6
      vertex 17.4306 -152.369 1.5
      vertex 17.4306 -152.369 6
    endloop
  endfacet
  facet normal 0.773867 0.633349 0
    outer loop
      vertex 17.4306 -152.369 1.5
      vertex 17.6172 -152.597 6
      vertex 17.6172 -152.597 1.5
    endloop
  endfacet
  facet normal 0.63346 0.773775 -0
    outer loop
      vertex 17.4306 -152.369 1.5
      vertex 17.2034 -152.183 6
      vertex 17.4306 -152.369 6
    endloop
  endfacet
  facet normal 0.63346 0.773775 0
    outer loop
      vertex 17.2034 -152.183 6
      vertex 17.4306 -152.369 1.5
      vertex 17.2034 -152.183 1.5
    endloop
  endfacet
  facet normal 0.472316 0.881429 -0
    outer loop
      vertex 17.2034 -152.183 1.5
      vertex 16.944 -152.044 6
      vertex 17.2034 -152.183 6
    endloop
  endfacet
  facet normal 0.472316 0.881429 0
    outer loop
      vertex 16.944 -152.044 6
      vertex 17.2034 -152.183 1.5
      vertex 16.944 -152.044 1.5
    endloop
  endfacet
  facet normal 0.289158 0.957282 -0
    outer loop
      vertex 16.944 -152.044 1.5
      vertex 16.6626 -151.959 6
      vertex 16.944 -152.044 6
    endloop
  endfacet
  facet normal 0.289158 0.957282 0
    outer loop
      vertex 16.6626 -151.959 6
      vertex 16.944 -152.044 1.5
      vertex 16.6626 -151.959 1.5
    endloop
  endfacet
  facet normal 0.0986282 0.995124 -0
    outer loop
      vertex 16.6626 -151.959 1.5
      vertex 16.37 -151.93 6
      vertex 16.6626 -151.959 6
    endloop
  endfacet
  facet normal 0.0986282 0.995124 0
    outer loop
      vertex 16.37 -151.93 6
      vertex 16.6626 -151.959 1.5
      vertex 16.37 -151.93 1.5
    endloop
  endfacet
  facet normal -0.0986282 0.995124 0
    outer loop
      vertex 16.37 -151.93 1.5
      vertex 16.0774 -151.959 6
      vertex 16.37 -151.93 6
    endloop
  endfacet
  facet normal -0.0986282 0.995124 0
    outer loop
      vertex 16.0774 -151.959 6
      vertex 16.37 -151.93 1.5
      vertex 16.0774 -151.959 1.5
    endloop
  endfacet
  facet normal -0.289158 0.957282 0
    outer loop
      vertex 16.0774 -151.959 1.5
      vertex 15.796 -152.044 6
      vertex 16.0774 -151.959 6
    endloop
  endfacet
  facet normal -0.289158 0.957282 0
    outer loop
      vertex 15.796 -152.044 6
      vertex 16.0774 -151.959 1.5
      vertex 15.796 -152.044 1.5
    endloop
  endfacet
  facet normal -0.472316 0.881429 0
    outer loop
      vertex 15.796 -152.044 1.5
      vertex 15.5366 -152.183 6
      vertex 15.796 -152.044 6
    endloop
  endfacet
  facet normal -0.472316 0.881429 0
    outer loop
      vertex 15.5366 -152.183 6
      vertex 15.796 -152.044 1.5
      vertex 15.5366 -152.183 1.5
    endloop
  endfacet
  facet normal -0.633293 0.773912 0
    outer loop
      vertex 15.5366 -152.183 1.5
      vertex 15.3093 -152.369 6
      vertex 15.5366 -152.183 6
    endloop
  endfacet
  facet normal -0.633293 0.773912 0
    outer loop
      vertex 15.3093 -152.369 6
      vertex 15.5366 -152.183 1.5
      vertex 15.3093 -152.369 1.5
    endloop
  endfacet
  facet normal -0.774033 0.633145 0
    outer loop
      vertex 15.1228 -152.597 1.5
      vertex 15.3093 -152.369 6
      vertex 15.3093 -152.369 1.5
    endloop
  endfacet
  facet normal -0.774033 0.633145 0
    outer loop
      vertex 15.3093 -152.369 6
      vertex 15.1228 -152.597 1.5
      vertex 15.1228 -152.597 6
    endloop
  endfacet
  facet normal -0.881692 0.471825 0
    outer loop
      vertex 14.9842 -152.856 1.5
      vertex 15.1228 -152.597 6
      vertex 15.1228 -152.597 1.5
    endloop
  endfacet
  facet normal -0.881692 0.471825 0
    outer loop
      vertex 15.1228 -152.597 6
      vertex 14.9842 -152.856 1.5
      vertex 14.9842 -152.856 6
    endloop
  endfacet
  facet normal -0.956789 0.290782 0
    outer loop
      vertex 14.8988 -153.137 1.5
      vertex 14.9842 -152.856 6
      vertex 14.9842 -152.856 1.5
    endloop
  endfacet
  facet normal -0.956789 0.290782 0
    outer loop
      vertex 14.9842 -152.856 6
      vertex 14.8988 -153.137 1.5
      vertex 14.8988 -153.137 6
    endloop
  endfacet
  facet normal -0.995204 0.0978221 0
    outer loop
      vertex 14.87 -153.43 1.5
      vertex 14.8988 -153.137 6
      vertex 14.8988 -153.137 1.5
    endloop
  endfacet
  facet normal -0.995204 0.0978221 0
    outer loop
      vertex 14.8988 -153.137 6
      vertex 14.87 -153.43 1.5
      vertex 14.87 -153.43 6
    endloop
  endfacet
  facet normal -0.995204 -0.0978221 0
    outer loop
      vertex 14.8988 -153.723 1.5
      vertex 14.87 -153.43 6
      vertex 14.87 -153.43 1.5
    endloop
  endfacet
  facet normal -0.995204 -0.0978221 0
    outer loop
      vertex 14.87 -153.43 6
      vertex 14.8988 -153.723 1.5
      vertex 14.8988 -153.723 6
    endloop
  endfacet
  facet normal -0.956789 -0.290782 0
    outer loop
      vertex 14.9842 -154.004 1.5
      vertex 14.8988 -153.723 6
      vertex 14.8988 -153.723 1.5
    endloop
  endfacet
  facet normal -0.956789 -0.290782 0
    outer loop
      vertex 14.8988 -153.723 6
      vertex 14.9842 -154.004 1.5
      vertex 14.9842 -154.004 6
    endloop
  endfacet
  facet normal -0.881692 -0.471825 0
    outer loop
      vertex 15.1228 -154.263 1.5
      vertex 14.9842 -154.004 6
      vertex 14.9842 -154.004 1.5
    endloop
  endfacet
  facet normal -0.881692 -0.471825 0
    outer loop
      vertex 14.9842 -154.004 6
      vertex 15.1228 -154.263 1.5
      vertex 15.1228 -154.263 6
    endloop
  endfacet
  facet normal -0.774033 -0.633145 0
    outer loop
      vertex 15.3093 -154.491 1.5
      vertex 15.1228 -154.263 6
      vertex 15.1228 -154.263 1.5
    endloop
  endfacet
  facet normal -0.774033 -0.633145 0
    outer loop
      vertex 15.1228 -154.263 6
      vertex 15.3093 -154.491 1.5
      vertex 15.3093 -154.491 6
    endloop
  endfacet
  facet normal -0.633293 -0.773912 0
    outer loop
      vertex 15.3093 -154.491 1.5
      vertex 15.5366 -154.677 6
      vertex 15.3093 -154.491 6
    endloop
  endfacet
  facet normal -0.633293 -0.773912 -0
    outer loop
      vertex 15.5366 -154.677 6
      vertex 15.3093 -154.491 1.5
      vertex 15.5366 -154.677 1.5
    endloop
  endfacet
  facet normal -0.472316 -0.881429 0
    outer loop
      vertex 15.5366 -154.677 1.5
      vertex 15.796 -154.816 6
      vertex 15.5366 -154.677 6
    endloop
  endfacet
  facet normal -0.472316 -0.881429 -0
    outer loop
      vertex 15.796 -154.816 6
      vertex 15.5366 -154.677 1.5
      vertex 15.796 -154.816 1.5
    endloop
  endfacet
  facet normal -0.289158 -0.957282 0
    outer loop
      vertex 15.796 -154.816 1.5
      vertex 16.0774 -154.901 6
      vertex 15.796 -154.816 6
    endloop
  endfacet
  facet normal -0.289158 -0.957282 -0
    outer loop
      vertex 16.0774 -154.901 6
      vertex 15.796 -154.816 1.5
      vertex 16.0774 -154.901 1.5
    endloop
  endfacet
  facet normal -0.0986282 -0.995124 0
    outer loop
      vertex 16.0774 -154.901 1.5
      vertex 16.37 -154.93 6
      vertex 16.0774 -154.901 6
    endloop
  endfacet
  facet normal -0.0986282 -0.995124 -0
    outer loop
      vertex 16.37 -154.93 6
      vertex 16.0774 -154.901 1.5
      vertex 16.37 -154.93 1.5
    endloop
  endfacet
  facet normal 0.0986282 -0.995124 0
    outer loop
      vertex 16.37 -154.93 1.5
      vertex 16.6626 -154.901 6
      vertex 16.37 -154.93 6
    endloop
  endfacet
  facet normal 0.0986282 -0.995124 0
    outer loop
      vertex 16.6626 -154.901 6
      vertex 16.37 -154.93 1.5
      vertex 16.6626 -154.901 1.5
    endloop
  endfacet
  facet normal 0.289158 -0.957282 0
    outer loop
      vertex 40.6626 -164.901 1.5
      vertex 40.944 -164.816 6
      vertex 40.6626 -164.901 6
    endloop
  endfacet
  facet normal 0.289158 -0.957282 0
    outer loop
      vertex 40.944 -164.816 6
      vertex 40.6626 -164.901 1.5
      vertex 40.944 -164.816 1.5
    endloop
  endfacet
  facet normal 0.472316 -0.881429 0
    outer loop
      vertex 40.944 -164.816 1.5
      vertex 41.2034 -164.677 6
      vertex 40.944 -164.816 6
    endloop
  endfacet
  facet normal 0.472316 -0.881429 0
    outer loop
      vertex 41.2034 -164.677 6
      vertex 40.944 -164.816 1.5
      vertex 41.2034 -164.677 1.5
    endloop
  endfacet
  facet normal 0.63346 -0.773775 0
    outer loop
      vertex 41.2034 -164.677 1.5
      vertex 41.4306 -164.491 6
      vertex 41.2034 -164.677 6
    endloop
  endfacet
  facet normal 0.63346 -0.773775 0
    outer loop
      vertex 41.4306 -164.491 6
      vertex 41.2034 -164.677 1.5
      vertex 41.4306 -164.491 1.5
    endloop
  endfacet
  facet normal 0.773867 -0.633349 0
    outer loop
      vertex 41.4306 -164.491 6
      vertex 41.6172 -164.263 1.5
      vertex 41.6172 -164.263 6
    endloop
  endfacet
  facet normal 0.773867 -0.633349 0
    outer loop
      vertex 41.6172 -164.263 1.5
      vertex 41.4306 -164.491 6
      vertex 41.4306 -164.491 1.5
    endloop
  endfacet
  facet normal 0.881692 -0.471825 0
    outer loop
      vertex 41.6172 -164.263 6
      vertex 41.7558 -164.004 1.5
      vertex 41.7558 -164.004 6
    endloop
  endfacet
  facet normal 0.881692 -0.471825 0
    outer loop
      vertex 41.7558 -164.004 1.5
      vertex 41.6172 -164.263 6
      vertex 41.6172 -164.263 1.5
    endloop
  endfacet
  facet normal 0.956789 -0.290782 0
    outer loop
      vertex 41.7558 -164.004 6
      vertex 41.8412 -163.723 1.5
      vertex 41.8412 -163.723 6
    endloop
  endfacet
  facet normal 0.956789 -0.290782 0
    outer loop
      vertex 41.8412 -163.723 1.5
      vertex 41.7558 -164.004 6
      vertex 41.7558 -164.004 1.5
    endloop
  endfacet
  facet normal 0.995204 -0.0978221 0
    outer loop
      vertex 41.8412 -163.723 6
      vertex 41.87 -163.43 1.5
      vertex 41.87 -163.43 6
    endloop
  endfacet
  facet normal 0.995204 -0.0978221 0
    outer loop
      vertex 41.87 -163.43 1.5
      vertex 41.8412 -163.723 6
      vertex 41.8412 -163.723 1.5
    endloop
  endfacet
  facet normal 0.995204 0.0978221 0
    outer loop
      vertex 41.87 -163.43 6
      vertex 41.8412 -163.137 1.5
      vertex 41.8412 -163.137 6
    endloop
  endfacet
  facet normal 0.995204 0.0978221 0
    outer loop
      vertex 41.8412 -163.137 1.5
      vertex 41.87 -163.43 6
      vertex 41.87 -163.43 1.5
    endloop
  endfacet
  facet normal 0.956789 0.290782 0
    outer loop
      vertex 41.8412 -163.137 6
      vertex 41.7558 -162.856 1.5
      vertex 41.7558 -162.856 6
    endloop
  endfacet
  facet normal 0.956789 0.290782 0
    outer loop
      vertex 41.7558 -162.856 1.5
      vertex 41.8412 -163.137 6
      vertex 41.8412 -163.137 1.5
    endloop
  endfacet
  facet normal 0.881692 0.471825 0
    outer loop
      vertex 41.7558 -162.856 6
      vertex 41.6172 -162.597 1.5
      vertex 41.6172 -162.597 6
    endloop
  endfacet
  facet normal 0.881692 0.471825 0
    outer loop
      vertex 41.6172 -162.597 1.5
      vertex 41.7558 -162.856 6
      vertex 41.7558 -162.856 1.5
    endloop
  endfacet
  facet normal 0.773867 0.633349 0
    outer loop
      vertex 41.6172 -162.597 6
      vertex 41.4306 -162.369 1.5
      vertex 41.4306 -162.369 6
    endloop
  endfacet
  facet normal 0.773867 0.633349 0
    outer loop
      vertex 41.4306 -162.369 1.5
      vertex 41.6172 -162.597 6
      vertex 41.6172 -162.597 1.5
    endloop
  endfacet
  facet normal 0.63346 0.773775 -0
    outer loop
      vertex 41.4306 -162.369 1.5
      vertex 41.2034 -162.183 6
      vertex 41.4306 -162.369 6
    endloop
  endfacet
  facet normal 0.63346 0.773775 0
    outer loop
      vertex 41.2034 -162.183 6
      vertex 41.4306 -162.369 1.5
      vertex 41.2034 -162.183 1.5
    endloop
  endfacet
  facet normal 0.472316 0.881429 -0
    outer loop
      vertex 41.2034 -162.183 1.5
      vertex 40.944 -162.044 6
      vertex 41.2034 -162.183 6
    endloop
  endfacet
  facet normal 0.472316 0.881429 0
    outer loop
      vertex 40.944 -162.044 6
      vertex 41.2034 -162.183 1.5
      vertex 40.944 -162.044 1.5
    endloop
  endfacet
  facet normal 0.289158 0.957282 -0
    outer loop
      vertex 40.944 -162.044 1.5
      vertex 40.6626 -161.959 6
      vertex 40.944 -162.044 6
    endloop
  endfacet
  facet normal 0.289158 0.957282 0
    outer loop
      vertex 40.6626 -161.959 6
      vertex 40.944 -162.044 1.5
      vertex 40.6626 -161.959 1.5
    endloop
  endfacet
  facet normal 0.0986282 0.995124 -0
    outer loop
      vertex 40.6626 -161.959 1.5
      vertex 40.37 -161.93 6
      vertex 40.6626 -161.959 6
    endloop
  endfacet
  facet normal 0.0986282 0.995124 0
    outer loop
      vertex 40.37 -161.93 6
      vertex 40.6626 -161.959 1.5
      vertex 40.37 -161.93 1.5
    endloop
  endfacet
  facet normal -0.0986282 0.995124 0
    outer loop
      vertex 40.37 -161.93 1.5
      vertex 40.0774 -161.959 6
      vertex 40.37 -161.93 6
    endloop
  endfacet
  facet normal -0.0986282 0.995124 0
    outer loop
      vertex 40.0774 -161.959 6
      vertex 40.37 -161.93 1.5
      vertex 40.0774 -161.959 1.5
    endloop
  endfacet
  facet normal -0.289158 0.957282 0
    outer loop
      vertex 40.0774 -161.959 1.5
      vertex 39.796 -162.044 6
      vertex 40.0774 -161.959 6
    endloop
  endfacet
  facet normal -0.289158 0.957282 0
    outer loop
      vertex 39.796 -162.044 6
      vertex 40.0774 -161.959 1.5
      vertex 39.796 -162.044 1.5
    endloop
  endfacet
  facet normal -0.472316 0.881429 0
    outer loop
      vertex 39.796 -162.044 1.5
      vertex 39.5366 -162.183 6
      vertex 39.796 -162.044 6
    endloop
  endfacet
  facet normal -0.472316 0.881429 0
    outer loop
      vertex 39.5366 -162.183 6
      vertex 39.796 -162.044 1.5
      vertex 39.5366 -162.183 1.5
    endloop
  endfacet
  facet normal -0.633293 0.773912 0
    outer loop
      vertex 39.5366 -162.183 1.5
      vertex 39.3093 -162.369 6
      vertex 39.5366 -162.183 6
    endloop
  endfacet
  facet normal -0.633293 0.773912 0
    outer loop
      vertex 39.3093 -162.369 6
      vertex 39.5366 -162.183 1.5
      vertex 39.3093 -162.369 1.5
    endloop
  endfacet
  facet normal -0.774033 0.633145 0
    outer loop
      vertex 39.1228 -162.597 1.5
      vertex 39.3093 -162.369 6
      vertex 39.3093 -162.369 1.5
    endloop
  endfacet
  facet normal -0.774033 0.633145 0
    outer loop
      vertex 39.3093 -162.369 6
      vertex 39.1228 -162.597 1.5
      vertex 39.1228 -162.597 6
    endloop
  endfacet
  facet normal -0.881692 0.471825 0
    outer loop
      vertex 38.9842 -162.856 1.5
      vertex 39.1228 -162.597 6
      vertex 39.1228 -162.597 1.5
    endloop
  endfacet
  facet normal -0.881692 0.471825 0
    outer loop
      vertex 39.1228 -162.597 6
      vertex 38.9842 -162.856 1.5
      vertex 38.9842 -162.856 6
    endloop
  endfacet
  facet normal -0.956789 0.290782 0
    outer loop
      vertex 38.8988 -163.137 1.5
      vertex 38.9842 -162.856 6
      vertex 38.9842 -162.856 1.5
    endloop
  endfacet
  facet normal -0.956789 0.290782 0
    outer loop
      vertex 38.9842 -162.856 6
      vertex 38.8988 -163.137 1.5
      vertex 38.8988 -163.137 6
    endloop
  endfacet
  facet normal -0.995204 0.0978221 0
    outer loop
      vertex 38.87 -163.43 1.5
      vertex 38.8988 -163.137 6
      vertex 38.8988 -163.137 1.5
    endloop
  endfacet
  facet normal -0.995204 0.0978221 0
    outer loop
      vertex 38.8988 -163.137 6
      vertex 38.87 -163.43 1.5
      vertex 38.87 -163.43 6
    endloop
  endfacet
  facet normal -0.995204 -0.0978221 0
    outer loop
      vertex 38.8988 -163.723 1.5
      vertex 38.87 -163.43 6
      vertex 38.87 -163.43 1.5
    endloop
  endfacet
  facet normal -0.995204 -0.0978221 0
    outer loop
      vertex 38.87 -163.43 6
      vertex 38.8988 -163.723 1.5
      vertex 38.8988 -163.723 6
    endloop
  endfacet
  facet normal -0.956789 -0.290782 0
    outer loop
      vertex 38.9842 -164.004 1.5
      vertex 38.8988 -163.723 6
      vertex 38.8988 -163.723 1.5
    endloop
  endfacet
  facet normal -0.956789 -0.290782 0
    outer loop
      vertex 38.8988 -163.723 6
      vertex 38.9842 -164.004 1.5
      vertex 38.9842 -164.004 6
    endloop
  endfacet
  facet normal -0.881692 -0.471825 0
    outer loop
      vertex 39.1228 -164.263 1.5
      vertex 38.9842 -164.004 6
      vertex 38.9842 -164.004 1.5
    endloop
  endfacet
  facet normal -0.881692 -0.471825 0
    outer loop
      vertex 38.9842 -164.004 6
      vertex 39.1228 -164.263 1.5
      vertex 39.1228 -164.263 6
    endloop
  endfacet
  facet normal -0.774033 -0.633145 0
    outer loop
      vertex 39.3093 -164.491 1.5
      vertex 39.1228 -164.263 6
      vertex 39.1228 -164.263 1.5
    endloop
  endfacet
  facet normal -0.774033 -0.633145 0
    outer loop
      vertex 39.1228 -164.263 6
      vertex 39.3093 -164.491 1.5
      vertex 39.3093 -164.491 6
    endloop
  endfacet
  facet normal -0.633293 -0.773912 0
    outer loop
      vertex 39.3093 -164.491 1.5
      vertex 39.5366 -164.677 6
      vertex 39.3093 -164.491 6
    endloop
  endfacet
  facet normal -0.633293 -0.773912 -0
    outer loop
      vertex 39.5366 -164.677 6
      vertex 39.3093 -164.491 1.5
      vertex 39.5366 -164.677 1.5
    endloop
  endfacet
  facet normal -0.472316 -0.881429 0
    outer loop
      vertex 39.5366 -164.677 1.5
      vertex 39.796 -164.816 6
      vertex 39.5366 -164.677 6
    endloop
  endfacet
  facet normal -0.472316 -0.881429 -0
    outer loop
      vertex 39.796 -164.816 6
      vertex 39.5366 -164.677 1.5
      vertex 39.796 -164.816 1.5
    endloop
  endfacet
  facet normal -0.289158 -0.957282 0
    outer loop
      vertex 39.796 -164.816 1.5
      vertex 40.0774 -164.901 6
      vertex 39.796 -164.816 6
    endloop
  endfacet
  facet normal -0.289158 -0.957282 -0
    outer loop
      vertex 40.0774 -164.901 6
      vertex 39.796 -164.816 1.5
      vertex 40.0774 -164.901 1.5
    endloop
  endfacet
  facet normal -0.0986282 -0.995124 0
    outer loop
      vertex 40.0774 -164.901 1.5
      vertex 40.37 -164.93 6
      vertex 40.0774 -164.901 6
    endloop
  endfacet
  facet normal -0.0986282 -0.995124 -0
    outer loop
      vertex 40.37 -164.93 6
      vertex 40.0774 -164.901 1.5
      vertex 40.37 -164.93 1.5
    endloop
  endfacet
  facet normal 0.0986282 -0.995124 0
    outer loop
      vertex 40.37 -164.93 1.5
      vertex 40.6626 -164.901 6
      vertex 40.37 -164.93 6
    endloop
  endfacet
  facet normal 0.0986282 -0.995124 0
    outer loop
      vertex 40.6626 -164.901 6
      vertex 40.37 -164.93 1.5
      vertex 40.6626 -164.901 1.5
    endloop
  endfacet
  facet normal 0.289158 -0.957282 0
    outer loop
      vertex 20.6626 -164.901 1.5
      vertex 20.944 -164.816 6
      vertex 20.6626 -164.901 6
    endloop
  endfacet
  facet normal 0.289158 -0.957282 0
    outer loop
      vertex 20.944 -164.816 6
      vertex 20.6626 -164.901 1.5
      vertex 20.944 -164.816 1.5
    endloop
  endfacet
  facet normal 0.472316 -0.881429 0
    outer loop
      vertex 20.944 -164.816 1.5
      vertex 21.2034 -164.677 6
      vertex 20.944 -164.816 6
    endloop
  endfacet
  facet normal 0.472316 -0.881429 0
    outer loop
      vertex 21.2034 -164.677 6
      vertex 20.944 -164.816 1.5
      vertex 21.2034 -164.677 1.5
    endloop
  endfacet
  facet normal 0.63346 -0.773775 0
    outer loop
      vertex 21.2034 -164.677 1.5
      vertex 21.4306 -164.491 6
      vertex 21.2034 -164.677 6
    endloop
  endfacet
  facet normal 0.63346 -0.773775 0
    outer loop
      vertex 21.4306 -164.491 6
      vertex 21.2034 -164.677 1.5
      vertex 21.4306 -164.491 1.5
    endloop
  endfacet
  facet normal 0.773867 -0.633349 0
    outer loop
      vertex 21.4306 -164.491 6
      vertex 21.6172 -164.263 1.5
      vertex 21.6172 -164.263 6
    endloop
  endfacet
  facet normal 0.773867 -0.633349 0
    outer loop
      vertex 21.6172 -164.263 1.5
      vertex 21.4306 -164.491 6
      vertex 21.4306 -164.491 1.5
    endloop
  endfacet
  facet normal 0.881692 -0.471825 0
    outer loop
      vertex 21.6172 -164.263 6
      vertex 21.7558 -164.004 1.5
      vertex 21.7558 -164.004 6
    endloop
  endfacet
  facet normal 0.881692 -0.471825 0
    outer loop
      vertex 21.7558 -164.004 1.5
      vertex 21.6172 -164.263 6
      vertex 21.6172 -164.263 1.5
    endloop
  endfacet
  facet normal 0.956789 -0.290782 0
    outer loop
      vertex 21.7558 -164.004 6
      vertex 21.8412 -163.723 1.5
      vertex 21.8412 -163.723 6
    endloop
  endfacet
  facet normal 0.956789 -0.290782 0
    outer loop
      vertex 21.8412 -163.723 1.5
      vertex 21.7558 -164.004 6
      vertex 21.7558 -164.004 1.5
    endloop
  endfacet
  facet normal 0.995204 -0.0978221 0
    outer loop
      vertex 21.8412 -163.723 6
      vertex 21.87 -163.43 1.5
      vertex 21.87 -163.43 6
    endloop
  endfacet
  facet normal 0.995204 -0.0978221 0
    outer loop
      vertex 21.87 -163.43 1.5
      vertex 21.8412 -163.723 6
      vertex 21.8412 -163.723 1.5
    endloop
  endfacet
  facet normal 0.995204 0.0978221 0
    outer loop
      vertex 21.87 -163.43 6
      vertex 21.8412 -163.137 1.5
      vertex 21.8412 -163.137 6
    endloop
  endfacet
  facet normal 0.995204 0.0978221 0
    outer loop
      vertex 21.8412 -163.137 1.5
      vertex 21.87 -163.43 6
      vertex 21.87 -163.43 1.5
    endloop
  endfacet
  facet normal 0.956789 0.290782 0
    outer loop
      vertex 21.8412 -163.137 6
      vertex 21.7558 -162.856 1.5
      vertex 21.7558 -162.856 6
    endloop
  endfacet
  facet normal 0.956789 0.290782 0
    outer loop
      vertex 21.7558 -162.856 1.5
      vertex 21.8412 -163.137 6
      vertex 21.8412 -163.137 1.5
    endloop
  endfacet
  facet normal 0.881692 0.471825 0
    outer loop
      vertex 21.7558 -162.856 6
      vertex 21.6172 -162.597 1.5
      vertex 21.6172 -162.597 6
    endloop
  endfacet
  facet normal 0.881692 0.471825 0
    outer loop
      vertex 21.6172 -162.597 1.5
      vertex 21.7558 -162.856 6
      vertex 21.7558 -162.856 1.5
    endloop
  endfacet
  facet normal 0.773867 0.633349 0
    outer loop
      vertex 21.6172 -162.597 6
      vertex 21.4306 -162.369 1.5
      vertex 21.4306 -162.369 6
    endloop
  endfacet
  facet normal 0.773867 0.633349 0
    outer loop
      vertex 21.4306 -162.369 1.5
      vertex 21.6172 -162.597 6
      vertex 21.6172 -162.597 1.5
    endloop
  endfacet
  facet normal 0.63346 0.773775 -0
    outer loop
      vertex 21.4306 -162.369 1.5
      vertex 21.2034 -162.183 6
      vertex 21.4306 -162.369 6
    endloop
  endfacet
  facet normal 0.63346 0.773775 0
    outer loop
      vertex 21.2034 -162.183 6
      vertex 21.4306 -162.369 1.5
      vertex 21.2034 -162.183 1.5
    endloop
  endfacet
  facet normal 0.472316 0.881429 -0
    outer loop
      vertex 21.2034 -162.183 1.5
      vertex 20.944 -162.044 6
      vertex 21.2034 -162.183 6
    endloop
  endfacet
  facet normal 0.472316 0.881429 0
    outer loop
      vertex 20.944 -162.044 6
      vertex 21.2034 -162.183 1.5
      vertex 20.944 -162.044 1.5
    endloop
  endfacet
  facet normal 0.289158 0.957282 -0
    outer loop
      vertex 20.944 -162.044 1.5
      vertex 20.6626 -161.959 6
      vertex 20.944 -162.044 6
    endloop
  endfacet
  facet normal 0.289158 0.957282 0
    outer loop
      vertex 20.6626 -161.959 6
      vertex 20.944 -162.044 1.5
      vertex 20.6626 -161.959 1.5
    endloop
  endfacet
  facet normal 0.0986282 0.995124 -0
    outer loop
      vertex 20.6626 -161.959 1.5
      vertex 20.37 -161.93 6
      vertex 20.6626 -161.959 6
    endloop
  endfacet
  facet normal 0.0986282 0.995124 0
    outer loop
      vertex 20.37 -161.93 6
      vertex 20.6626 -161.959 1.5
      vertex 20.37 -161.93 1.5
    endloop
  endfacet
  facet normal -0.0986282 0.995124 0
    outer loop
      vertex 20.37 -161.93 1.5
      vertex 20.0774 -161.959 6
      vertex 20.37 -161.93 6
    endloop
  endfacet
  facet normal -0.0986282 0.995124 0
    outer loop
      vertex 20.0774 -161.959 6
      vertex 20.37 -161.93 1.5
      vertex 20.0774 -161.959 1.5
    endloop
  endfacet
  facet normal -0.289158 0.957282 0
    outer loop
      vertex 20.0774 -161.959 1.5
      vertex 19.796 -162.044 6
      vertex 20.0774 -161.959 6
    endloop
  endfacet
  facet normal -0.289158 0.957282 0
    outer loop
      vertex 19.796 -162.044 6
      vertex 20.0774 -161.959 1.5
      vertex 19.796 -162.044 1.5
    endloop
  endfacet
  facet normal -0.472316 0.881429 0
    outer loop
      vertex 19.796 -162.044 1.5
      vertex 19.5366 -162.183 6
      vertex 19.796 -162.044 6
    endloop
  endfacet
  facet normal -0.472316 0.881429 0
    outer loop
      vertex 19.5366 -162.183 6
      vertex 19.796 -162.044 1.5
      vertex 19.5366 -162.183 1.5
    endloop
  endfacet
  facet normal -0.633293 0.773912 0
    outer loop
      vertex 19.5366 -162.183 1.5
      vertex 19.3093 -162.369 6
      vertex 19.5366 -162.183 6
    endloop
  endfacet
  facet normal -0.633293 0.773912 0
    outer loop
      vertex 19.3093 -162.369 6
      vertex 19.5366 -162.183 1.5
      vertex 19.3093 -162.369 1.5
    endloop
  endfacet
  facet normal -0.774033 0.633145 0
    outer loop
      vertex 19.1228 -162.597 1.5
      vertex 19.3093 -162.369 6
      vertex 19.3093 -162.369 1.5
    endloop
  endfacet
  facet normal -0.774033 0.633145 0
    outer loop
      vertex 19.3093 -162.369 6
      vertex 19.1228 -162.597 1.5
      vertex 19.1228 -162.597 6
    endloop
  endfacet
  facet normal -0.881692 0.471825 0
    outer loop
      vertex 18.9842 -162.856 1.5
      vertex 19.1228 -162.597 6
      vertex 19.1228 -162.597 1.5
    endloop
  endfacet
  facet normal -0.881692 0.471825 0
    outer loop
      vertex 19.1228 -162.597 6
      vertex 18.9842 -162.856 1.5
      vertex 18.9842 -162.856 6
    endloop
  endfacet
  facet normal -0.956789 0.290782 0
    outer loop
      vertex 18.8988 -163.137 1.5
      vertex 18.9842 -162.856 6
      vertex 18.9842 -162.856 1.5
    endloop
  endfacet
  facet normal -0.956789 0.290782 0
    outer loop
      vertex 18.9842 -162.856 6
      vertex 18.8988 -163.137 1.5
      vertex 18.8988 -163.137 6
    endloop
  endfacet
  facet normal -0.995204 0.0978221 0
    outer loop
      vertex 18.87 -163.43 1.5
      vertex 18.8988 -163.137 6
      vertex 18.8988 -163.137 1.5
    endloop
  endfacet
  facet normal -0.995204 0.0978221 0
    outer loop
      vertex 18.8988 -163.137 6
      vertex 18.87 -163.43 1.5
      vertex 18.87 -163.43 6
    endloop
  endfacet
  facet normal -0.995204 -0.0978221 0
    outer loop
      vertex 18.8988 -163.723 1.5
      vertex 18.87 -163.43 6
      vertex 18.87 -163.43 1.5
    endloop
  endfacet
  facet normal -0.995204 -0.0978221 0
    outer loop
      vertex 18.87 -163.43 6
      vertex 18.8988 -163.723 1.5
      vertex 18.8988 -163.723 6
    endloop
  endfacet
  facet normal -0.956789 -0.290782 0
    outer loop
      vertex 18.9842 -164.004 1.5
      vertex 18.8988 -163.723 6
      vertex 18.8988 -163.723 1.5
    endloop
  endfacet
  facet normal -0.956789 -0.290782 0
    outer loop
      vertex 18.8988 -163.723 6
      vertex 18.9842 -164.004 1.5
      vertex 18.9842 -164.004 6
    endloop
  endfacet
  facet normal -0.881692 -0.471825 0
    outer loop
      vertex 19.1228 -164.263 1.5
      vertex 18.9842 -164.004 6
      vertex 18.9842 -164.004 1.5
    endloop
  endfacet
  facet normal -0.881692 -0.471825 0
    outer loop
      vertex 18.9842 -164.004 6
      vertex 19.1228 -164.263 1.5
      vertex 19.1228 -164.263 6
    endloop
  endfacet
  facet normal -0.774033 -0.633145 0
    outer loop
      vertex 19.3093 -164.491 1.5
      vertex 19.1228 -164.263 6
      vertex 19.1228 -164.263 1.5
    endloop
  endfacet
  facet normal -0.774033 -0.633145 0
    outer loop
      vertex 19.1228 -164.263 6
      vertex 19.3093 -164.491 1.5
      vertex 19.3093 -164.491 6
    endloop
  endfacet
  facet normal -0.633293 -0.773912 0
    outer loop
      vertex 19.3093 -164.491 1.5
      vertex 19.5366 -164.677 6
      vertex 19.3093 -164.491 6
    endloop
  endfacet
  facet normal -0.633293 -0.773912 -0
    outer loop
      vertex 19.5366 -164.677 6
      vertex 19.3093 -164.491 1.5
      vertex 19.5366 -164.677 1.5
    endloop
  endfacet
  facet normal -0.472316 -0.881429 0
    outer loop
      vertex 19.5366 -164.677 1.5
      vertex 19.796 -164.816 6
      vertex 19.5366 -164.677 6
    endloop
  endfacet
  facet normal -0.472316 -0.881429 -0
    outer loop
      vertex 19.796 -164.816 6
      vertex 19.5366 -164.677 1.5
      vertex 19.796 -164.816 1.5
    endloop
  endfacet
  facet normal -0.289158 -0.957282 0
    outer loop
      vertex 19.796 -164.816 1.5
      vertex 20.0774 -164.901 6
      vertex 19.796 -164.816 6
    endloop
  endfacet
  facet normal -0.289158 -0.957282 -0
    outer loop
      vertex 20.0774 -164.901 6
      vertex 19.796 -164.816 1.5
      vertex 20.0774 -164.901 1.5
    endloop
  endfacet
  facet normal -0.0986282 -0.995124 0
    outer loop
      vertex 20.0774 -164.901 1.5
      vertex 20.37 -164.93 6
      vertex 20.0774 -164.901 6
    endloop
  endfacet
  facet normal -0.0986282 -0.995124 -0
    outer loop
      vertex 20.37 -164.93 6
      vertex 20.0774 -164.901 1.5
      vertex 20.37 -164.93 1.5
    endloop
  endfacet
  facet normal 0.0986282 -0.995124 0
    outer loop
      vertex 20.37 -164.93 1.5
      vertex 20.6626 -164.901 6
      vertex 20.37 -164.93 6
    endloop
  endfacet
  facet normal 0.0986282 -0.995124 0
    outer loop
      vertex 20.6626 -164.901 6
      vertex 20.37 -164.93 1.5
      vertex 20.6626 -164.901 1.5
    endloop
  endfacet
  facet normal 0.193762 -0.981049 0
    outer loop
      vertex 49.6316 -176.704 1.5
      vertex 50.0164 -176.628 6
      vertex 49.6316 -176.704 6
    endloop
  endfacet
  facet normal 0.193762 -0.981049 0
    outer loop
      vertex 50.0164 -176.628 6
      vertex 49.6316 -176.704 1.5
      vertex 50.0164 -176.628 1.5
    endloop
  endfacet
  facet normal 0.321117 -0.94704 0
    outer loop
      vertex 50.0164 -176.628 1.5
      vertex 50.388 -176.502 6
      vertex 50.0164 -176.628 6
    endloop
  endfacet
  facet normal 0.321117 -0.94704 0
    outer loop
      vertex 50.388 -176.502 6
      vertex 50.0164 -176.628 1.5
      vertex 50.388 -176.502 1.5
    endloop
  endfacet
  facet normal 0.443134 -0.896455 0
    outer loop
      vertex 50.388 -176.502 1.5
      vertex 50.74 -176.328 6
      vertex 50.388 -176.502 6
    endloop
  endfacet
  facet normal 0.443134 -0.896455 0
    outer loop
      vertex 50.74 -176.328 6
      vertex 50.388 -176.502 1.5
      vertex 50.74 -176.328 1.5
    endloop
  endfacet
  facet normal 0.555523 -0.831501 0
    outer loop
      vertex 50.74 -176.328 1.5
      vertex 51.0663 -176.11 6
      vertex 50.74 -176.328 6
    endloop
  endfacet
  facet normal 0.555523 -0.831501 0
    outer loop
      vertex 51.0663 -176.11 6
      vertex 50.74 -176.328 1.5
      vertex 51.0663 -176.11 1.5
    endloop
  endfacet
  facet normal 0.659766 -0.751471 0
    outer loop
      vertex 51.0663 -176.11 1.5
      vertex 51.3613 -175.851 6
      vertex 51.0663 -176.11 6
    endloop
  endfacet
  facet normal 0.659766 -0.751471 0
    outer loop
      vertex 51.3613 -175.851 6
      vertex 51.0663 -176.11 1.5
      vertex 51.3613 -175.851 1.5
    endloop
  endfacet
  facet normal 0.751724 -0.659478 0
    outer loop
      vertex 51.3613 -175.851 6
      vertex 51.6201 -175.556 1.5
      vertex 51.6201 -175.556 6
    endloop
  endfacet
  facet normal 0.751724 -0.659478 0
    outer loop
      vertex 51.6201 -175.556 1.5
      vertex 51.3613 -175.851 6
      vertex 51.3613 -175.851 1.5
    endloop
  endfacet
  facet normal 0.831265 -0.555877 0
    outer loop
      vertex 51.6201 -175.556 6
      vertex 51.8381 -175.23 1.5
      vertex 51.8381 -175.23 6
    endloop
  endfacet
  facet normal 0.831265 -0.555877 0
    outer loop
      vertex 51.8381 -175.23 1.5
      vertex 51.6201 -175.556 6
      vertex 51.6201 -175.556 1.5
    endloop
  endfacet
  facet normal 0.896961 -0.44211 0
    outer loop
      vertex 51.8381 -175.23 6
      vertex 52.0116 -174.878 1.5
      vertex 52.0116 -174.878 6
    endloop
  endfacet
  facet normal 0.896961 -0.44211 0
    outer loop
      vertex 52.0116 -174.878 1.5
      vertex 51.8381 -175.23 6
      vertex 51.8381 -175.23 1.5
    endloop
  endfacet
  facet normal 0.94699 -0.321264 0
    outer loop
      vertex 52.0116 -174.878 6
      vertex 52.1378 -174.506 1.5
      vertex 52.1378 -174.506 6
    endloop
  endfacet
  facet normal 0.94699 -0.321264 0
    outer loop
      vertex 52.1378 -174.506 1.5
      vertex 52.0116 -174.878 6
      vertex 52.0116 -174.878 1.5
    endloop
  endfacet
  facet normal 0.980728 -0.195379 0
    outer loop
      vertex 52.1378 -174.506 6
      vertex 52.2143 -174.122 1.5
      vertex 52.2143 -174.122 6
    endloop
  endfacet
  facet normal 0.980728 -0.195379 0
    outer loop
      vertex 52.2143 -174.122 1.5
      vertex 52.1378 -174.506 6
      vertex 52.1378 -174.506 1.5
    endloop
  endfacet
  facet normal 0.997858 -0.0654208 0
    outer loop
      vertex 52.2143 -174.122 6
      vertex 52.24 -173.73 1.5
      vertex 52.24 -173.73 6
    endloop
  endfacet
  facet normal 0.997858 -0.0654208 0
    outer loop
      vertex 52.24 -173.73 1.5
      vertex 52.2143 -174.122 6
      vertex 52.2143 -174.122 1.5
    endloop
  endfacet
  facet normal 0.997858 0.0654208 0
    outer loop
      vertex 52.24 -173.73 6
      vertex 52.2143 -173.338 1.5
      vertex 52.2143 -173.338 6
    endloop
  endfacet
  facet normal 0.997858 0.0654208 0
    outer loop
      vertex 52.2143 -173.338 1.5
      vertex 52.24 -173.73 6
      vertex 52.24 -173.73 1.5
    endloop
  endfacet
  facet normal 0.980728 0.195379 0
    outer loop
      vertex 52.2143 -173.338 6
      vertex 52.1378 -172.954 1.5
      vertex 52.1378 -172.954 6
    endloop
  endfacet
  facet normal 0.980728 0.195379 0
    outer loop
      vertex 52.1378 -172.954 1.5
      vertex 52.2143 -173.338 6
      vertex 52.2143 -173.338 1.5
    endloop
  endfacet
  facet normal 0.94699 0.321264 0
    outer loop
      vertex 52.1378 -172.954 6
      vertex 52.0116 -172.582 1.5
      vertex 52.0116 -172.582 6
    endloop
  endfacet
  facet normal 0.94699 0.321264 0
    outer loop
      vertex 52.0116 -172.582 1.5
      vertex 52.1378 -172.954 6
      vertex 52.1378 -172.954 1.5
    endloop
  endfacet
  facet normal 0.896961 0.44211 0
    outer loop
      vertex 52.0116 -172.582 6
      vertex 51.8381 -172.23 1.5
      vertex 51.8381 -172.23 6
    endloop
  endfacet
  facet normal 0.896961 0.44211 0
    outer loop
      vertex 51.8381 -172.23 1.5
      vertex 52.0116 -172.582 6
      vertex 52.0116 -172.582 1.5
    endloop
  endfacet
  facet normal 0.831265 0.555877 0
    outer loop
      vertex 51.8381 -172.23 6
      vertex 51.6201 -171.904 1.5
      vertex 51.6201 -171.904 6
    endloop
  endfacet
  facet normal 0.831265 0.555877 0
    outer loop
      vertex 51.6201 -171.904 1.5
      vertex 51.8381 -172.23 6
      vertex 51.8381 -172.23 1.5
    endloop
  endfacet
  facet normal 0.751724 0.659478 0
    outer loop
      vertex 51.6201 -171.904 6
      vertex 51.3613 -171.609 1.5
      vertex 51.3613 -171.609 6
    endloop
  endfacet
  facet normal 0.751724 0.659478 0
    outer loop
      vertex 51.3613 -171.609 1.5
      vertex 51.6201 -171.904 6
      vertex 51.6201 -171.904 1.5
    endloop
  endfacet
  facet normal 0.659766 0.751471 -0
    outer loop
      vertex 51.3613 -171.609 1.5
      vertex 51.0663 -171.35 6
      vertex 51.3613 -171.609 6
    endloop
  endfacet
  facet normal 0.659766 0.751471 0
    outer loop
      vertex 51.0663 -171.35 6
      vertex 51.3613 -171.609 1.5
      vertex 51.0663 -171.35 1.5
    endloop
  endfacet
  facet normal 0.555523 0.831501 -0
    outer loop
      vertex 51.0663 -171.35 1.5
      vertex 50.74 -171.132 6
      vertex 51.0663 -171.35 6
    endloop
  endfacet
  facet normal 0.555523 0.831501 0
    outer loop
      vertex 50.74 -171.132 6
      vertex 51.0663 -171.35 1.5
      vertex 50.74 -171.132 1.5
    endloop
  endfacet
  facet normal 0.443134 0.896455 -0
    outer loop
      vertex 50.74 -171.132 1.5
      vertex 50.388 -170.958 6
      vertex 50.74 -171.132 6
    endloop
  endfacet
  facet normal 0.443134 0.896455 0
    outer loop
      vertex 50.388 -170.958 6
      vertex 50.74 -171.132 1.5
      vertex 50.388 -170.958 1.5
    endloop
  endfacet
  facet normal 0.321117 0.94704 -0
    outer loop
      vertex 50.388 -170.958 1.5
      vertex 50.0164 -170.832 6
      vertex 50.388 -170.958 6
    endloop
  endfacet
  facet normal 0.321117 0.94704 0
    outer loop
      vertex 50.0164 -170.832 6
      vertex 50.388 -170.958 1.5
      vertex 50.0164 -170.832 1.5
    endloop
  endfacet
  facet normal 0.193762 0.981049 -0
    outer loop
      vertex 50.0164 -170.832 1.5
      vertex 49.6316 -170.756 6
      vertex 50.0164 -170.832 6
    endloop
  endfacet
  facet normal 0.193762 0.981049 0
    outer loop
      vertex 49.6316 -170.756 6
      vertex 50.0164 -170.832 1.5
      vertex 49.6316 -170.756 1.5
    endloop
  endfacet
  facet normal 0.0662484 0.997803 -0
    outer loop
      vertex 49.6316 -170.756 1.5
      vertex 49.24 -170.73 6
      vertex 49.6316 -170.756 6
    endloop
  endfacet
  facet normal 0.0662484 0.997803 0
    outer loop
      vertex 49.24 -170.73 6
      vertex 49.6316 -170.756 1.5
      vertex 49.24 -170.73 1.5
    endloop
  endfacet
  facet normal -0.0662484 0.997803 0
    outer loop
      vertex 49.24 -170.73 1.5
      vertex 48.8484 -170.756 6
      vertex 49.24 -170.73 6
    endloop
  endfacet
  facet normal -0.0662484 0.997803 0
    outer loop
      vertex 48.8484 -170.756 6
      vertex 49.24 -170.73 1.5
      vertex 48.8484 -170.756 1.5
    endloop
  endfacet
  facet normal -0.193714 0.981058 0
    outer loop
      vertex 48.8484 -170.756 1.5
      vertex 48.4635 -170.832 6
      vertex 48.8484 -170.756 6
    endloop
  endfacet
  facet normal -0.193714 0.981058 0
    outer loop
      vertex 48.4635 -170.832 6
      vertex 48.8484 -170.756 1.5
      vertex 48.4635 -170.832 1.5
    endloop
  endfacet
  facet normal -0.321117 0.94704 0
    outer loop
      vertex 48.4635 -170.832 1.5
      vertex 48.0919 -170.958 6
      vertex 48.4635 -170.832 6
    endloop
  endfacet
  facet normal -0.321117 0.94704 0
    outer loop
      vertex 48.0919 -170.958 6
      vertex 48.4635 -170.832 1.5
      vertex 48.0919 -170.958 1.5
    endloop
  endfacet
  facet normal -0.443235 0.896405 0
    outer loop
      vertex 48.0919 -170.958 1.5
      vertex 47.74 -171.132 6
      vertex 48.0919 -170.958 6
    endloop
  endfacet
  facet normal -0.443235 0.896405 0
    outer loop
      vertex 47.74 -171.132 6
      vertex 48.0919 -170.958 1.5
      vertex 47.74 -171.132 1.5
    endloop
  endfacet
  facet normal -0.555523 0.831501 0
    outer loop
      vertex 47.74 -171.132 1.5
      vertex 47.4137 -171.35 6
      vertex 47.74 -171.132 6
    endloop
  endfacet
  facet normal -0.555523 0.831501 0
    outer loop
      vertex 47.4137 -171.35 6
      vertex 47.74 -171.132 1.5
      vertex 47.4137 -171.35 1.5
    endloop
  endfacet
  facet normal -0.659766 0.751471 0
    outer loop
      vertex 47.4137 -171.35 1.5
      vertex 47.1187 -171.609 6
      vertex 47.4137 -171.35 6
    endloop
  endfacet
  facet normal -0.659766 0.751471 0
    outer loop
      vertex 47.1187 -171.609 6
      vertex 47.4137 -171.35 1.5
      vertex 47.1187 -171.609 1.5
    endloop
  endfacet
  facet normal -0.751724 0.659478 0
    outer loop
      vertex 46.8599 -171.904 1.5
      vertex 47.1187 -171.609 6
      vertex 47.1187 -171.609 1.5
    endloop
  endfacet
  facet normal -0.751724 0.659478 0
    outer loop
      vertex 47.1187 -171.609 6
      vertex 46.8599 -171.904 1.5
      vertex 46.8599 -171.904 6
    endloop
  endfacet
  facet normal -0.831265 0.555877 0
    outer loop
      vertex 46.6419 -172.23 1.5
      vertex 46.8599 -171.904 6
      vertex 46.8599 -171.904 1.5
    endloop
  endfacet
  facet normal -0.831265 0.555877 0
    outer loop
      vertex 46.8599 -171.904 6
      vertex 46.6419 -172.23 1.5
      vertex 46.6419 -172.23 6
    endloop
  endfacet
  facet normal -0.896961 0.44211 0
    outer loop
      vertex 46.4684 -172.582 1.5
      vertex 46.6419 -172.23 6
      vertex 46.6419 -172.23 1.5
    endloop
  endfacet
  facet normal -0.896961 0.44211 0
    outer loop
      vertex 46.6419 -172.23 6
      vertex 46.4684 -172.582 1.5
      vertex 46.4684 -172.582 6
    endloop
  endfacet
  facet normal -0.94699 0.321264 0
    outer loop
      vertex 46.3422 -172.954 1.5
      vertex 46.4684 -172.582 6
      vertex 46.4684 -172.582 1.5
    endloop
  endfacet
  facet normal -0.94699 0.321264 0
    outer loop
      vertex 46.4684 -172.582 6
      vertex 46.3422 -172.954 1.5
      vertex 46.3422 -172.954 6
    endloop
  endfacet
  facet normal -0.980728 0.195379 0
    outer loop
      vertex 46.2657 -173.338 1.5
      vertex 46.3422 -172.954 6
      vertex 46.3422 -172.954 1.5
    endloop
  endfacet
  facet normal -0.980728 0.195379 0
    outer loop
      vertex 46.3422 -172.954 6
      vertex 46.2657 -173.338 1.5
      vertex 46.2657 -173.338 6
    endloop
  endfacet
  facet normal -0.997858 0.0654208 0
    outer loop
      vertex 46.24 -173.73 1.5
      vertex 46.2657 -173.338 6
      vertex 46.2657 -173.338 1.5
    endloop
  endfacet
  facet normal -0.997858 0.0654208 0
    outer loop
      vertex 46.2657 -173.338 6
      vertex 46.24 -173.73 1.5
      vertex 46.24 -173.73 6
    endloop
  endfacet
  facet normal -0.997858 -0.0654208 0
    outer loop
      vertex 46.2657 -174.122 1.5
      vertex 46.24 -173.73 6
      vertex 46.24 -173.73 1.5
    endloop
  endfacet
  facet normal -0.997858 -0.0654208 0
    outer loop
      vertex 46.24 -173.73 6
      vertex 46.2657 -174.122 1.5
      vertex 46.2657 -174.122 6
    endloop
  endfacet
  facet normal -0.980728 -0.195379 0
    outer loop
      vertex 46.3422 -174.506 1.5
      vertex 46.2657 -174.122 6
      vertex 46.2657 -174.122 1.5
    endloop
  endfacet
  facet normal -0.980728 -0.195379 0
    outer loop
      vertex 46.2657 -174.122 6
      vertex 46.3422 -174.506 1.5
      vertex 46.3422 -174.506 6
    endloop
  endfacet
  facet normal -0.94699 -0.321264 0
    outer loop
      vertex 46.4684 -174.878 1.5
      vertex 46.3422 -174.506 6
      vertex 46.3422 -174.506 1.5
    endloop
  endfacet
  facet normal -0.94699 -0.321264 0
    outer loop
      vertex 46.3422 -174.506 6
      vertex 46.4684 -174.878 1.5
      vertex 46.4684 -174.878 6
    endloop
  endfacet
  facet normal -0.896961 -0.44211 0
    outer loop
      vertex 46.6419 -175.23 1.5
      vertex 46.4684 -174.878 6
      vertex 46.4684 -174.878 1.5
    endloop
  endfacet
  facet normal -0.896961 -0.44211 0
    outer loop
      vertex 46.4684 -174.878 6
      vertex 46.6419 -175.23 1.5
      vertex 46.6419 -175.23 6
    endloop
  endfacet
  facet normal -0.831265 -0.555877 0
    outer loop
      vertex 46.8599 -175.556 1.5
      vertex 46.6419 -175.23 6
      vertex 46.6419 -175.23 1.5
    endloop
  endfacet
  facet normal -0.831265 -0.555877 0
    outer loop
      vertex 46.6419 -175.23 6
      vertex 46.8599 -175.556 1.5
      vertex 46.8599 -175.556 6
    endloop
  endfacet
  facet normal -0.751724 -0.659478 0
    outer loop
      vertex 47.1187 -175.851 1.5
      vertex 46.8599 -175.556 6
      vertex 46.8599 -175.556 1.5
    endloop
  endfacet
  facet normal -0.751724 -0.659478 0
    outer loop
      vertex 46.8599 -175.556 6
      vertex 47.1187 -175.851 1.5
      vertex 47.1187 -175.851 6
    endloop
  endfacet
  facet normal -0.659766 -0.751471 0
    outer loop
      vertex 47.1187 -175.851 1.5
      vertex 47.4137 -176.11 6
      vertex 47.1187 -175.851 6
    endloop
  endfacet
  facet normal -0.659766 -0.751471 -0
    outer loop
      vertex 47.4137 -176.11 6
      vertex 47.1187 -175.851 1.5
      vertex 47.4137 -176.11 1.5
    endloop
  endfacet
  facet normal -0.555523 -0.831501 0
    outer loop
      vertex 47.4137 -176.11 1.5
      vertex 47.74 -176.328 6
      vertex 47.4137 -176.11 6
    endloop
  endfacet
  facet normal -0.555523 -0.831501 -0
    outer loop
      vertex 47.74 -176.328 6
      vertex 47.4137 -176.11 1.5
      vertex 47.74 -176.328 1.5
    endloop
  endfacet
  facet normal -0.443235 -0.896405 0
    outer loop
      vertex 47.74 -176.328 1.5
      vertex 48.0919 -176.502 6
      vertex 47.74 -176.328 6
    endloop
  endfacet
  facet normal -0.443235 -0.896405 -0
    outer loop
      vertex 48.0919 -176.502 6
      vertex 47.74 -176.328 1.5
      vertex 48.0919 -176.502 1.5
    endloop
  endfacet
  facet normal -0.321117 -0.94704 0
    outer loop
      vertex 48.0919 -176.502 1.5
      vertex 48.4635 -176.628 6
      vertex 48.0919 -176.502 6
    endloop
  endfacet
  facet normal -0.321117 -0.94704 -0
    outer loop
      vertex 48.4635 -176.628 6
      vertex 48.0919 -176.502 1.5
      vertex 48.4635 -176.628 1.5
    endloop
  endfacet
  facet normal -0.193714 -0.981058 0
    outer loop
      vertex 48.4635 -176.628 1.5
      vertex 48.8484 -176.704 6
      vertex 48.4635 -176.628 6
    endloop
  endfacet
  facet normal -0.193714 -0.981058 -0
    outer loop
      vertex 48.8484 -176.704 6
      vertex 48.4635 -176.628 1.5
      vertex 48.8484 -176.704 1.5
    endloop
  endfacet
  facet normal -0.0662484 -0.997803 0
    outer loop
      vertex 48.8484 -176.704 1.5
      vertex 49.24 -176.73 6
      vertex 48.8484 -176.704 6
    endloop
  endfacet
  facet normal -0.0662484 -0.997803 -0
    outer loop
      vertex 49.24 -176.73 6
      vertex 48.8484 -176.704 1.5
      vertex 49.24 -176.73 1.5
    endloop
  endfacet
  facet normal 0.0662484 -0.997803 0
    outer loop
      vertex 49.24 -176.73 1.5
      vertex 49.6316 -176.704 6
      vertex 49.24 -176.73 6
    endloop
  endfacet
  facet normal 0.0662484 -0.997803 0
    outer loop
      vertex 49.6316 -176.704 6
      vertex 49.24 -176.73 1.5
      vertex 49.6316 -176.704 1.5
    endloop
  endfacet
  facet normal 0.193762 -0.981049 0
    outer loop
      vertex 11.8916 -176.704 1.5
      vertex 12.2764 -176.628 6
      vertex 11.8916 -176.704 6
    endloop
  endfacet
  facet normal 0.193762 -0.981049 0
    outer loop
      vertex 12.2764 -176.628 6
      vertex 11.8916 -176.704 1.5
      vertex 12.2764 -176.628 1.5
    endloop
  endfacet
  facet normal 0.321117 -0.94704 0
    outer loop
      vertex 12.2764 -176.628 1.5
      vertex 12.648 -176.502 6
      vertex 12.2764 -176.628 6
    endloop
  endfacet
  facet normal 0.321117 -0.94704 0
    outer loop
      vertex 12.648 -176.502 6
      vertex 12.2764 -176.628 1.5
      vertex 12.648 -176.502 1.5
    endloop
  endfacet
  facet normal 0.443134 -0.896455 0
    outer loop
      vertex 12.648 -176.502 1.5
      vertex 13 -176.328 6
      vertex 12.648 -176.502 6
    endloop
  endfacet
  facet normal 0.443134 -0.896455 0
    outer loop
      vertex 13 -176.328 6
      vertex 12.648 -176.502 1.5
      vertex 13 -176.328 1.5
    endloop
  endfacet
  facet normal 0.555523 -0.831501 0
    outer loop
      vertex 13 -176.328 1.5
      vertex 13.3263 -176.11 6
      vertex 13 -176.328 6
    endloop
  endfacet
  facet normal 0.555523 -0.831501 0
    outer loop
      vertex 13.3263 -176.11 6
      vertex 13 -176.328 1.5
      vertex 13.3263 -176.11 1.5
    endloop
  endfacet
  facet normal 0.659766 -0.751471 0
    outer loop
      vertex 13.3263 -176.11 1.5
      vertex 13.6213 -175.851 6
      vertex 13.3263 -176.11 6
    endloop
  endfacet
  facet normal 0.659766 -0.751471 0
    outer loop
      vertex 13.6213 -175.851 6
      vertex 13.3263 -176.11 1.5
      vertex 13.6213 -175.851 1.5
    endloop
  endfacet
  facet normal 0.751724 -0.659478 0
    outer loop
      vertex 13.6213 -175.851 6
      vertex 13.8801 -175.556 1.5
      vertex 13.8801 -175.556 6
    endloop
  endfacet
  facet normal 0.751724 -0.659478 0
    outer loop
      vertex 13.8801 -175.556 1.5
      vertex 13.6213 -175.851 6
      vertex 13.6213 -175.851 1.5
    endloop
  endfacet
  facet normal 0.831265 -0.555877 0
    outer loop
      vertex 13.8801 -175.556 6
      vertex 14.0981 -175.23 1.5
      vertex 14.0981 -175.23 6
    endloop
  endfacet
  facet normal 0.831265 -0.555877 0
    outer loop
      vertex 14.0981 -175.23 1.5
      vertex 13.8801 -175.556 6
      vertex 13.8801 -175.556 1.5
    endloop
  endfacet
  facet normal 0.896961 -0.44211 0
    outer loop
      vertex 14.0981 -175.23 6
      vertex 14.2716 -174.878 1.5
      vertex 14.2716 -174.878 6
    endloop
  endfacet
  facet normal 0.896961 -0.44211 0
    outer loop
      vertex 14.2716 -174.878 1.5
      vertex 14.0981 -175.23 6
      vertex 14.0981 -175.23 1.5
    endloop
  endfacet
  facet normal 0.94699 -0.321264 0
    outer loop
      vertex 14.2716 -174.878 6
      vertex 14.3978 -174.506 1.5
      vertex 14.3978 -174.506 6
    endloop
  endfacet
  facet normal 0.94699 -0.321264 0
    outer loop
      vertex 14.3978 -174.506 1.5
      vertex 14.2716 -174.878 6
      vertex 14.2716 -174.878 1.5
    endloop
  endfacet
  facet normal 0.980728 -0.195379 0
    outer loop
      vertex 14.3978 -174.506 6
      vertex 14.4743 -174.122 1.5
      vertex 14.4743 -174.122 6
    endloop
  endfacet
  facet normal 0.980728 -0.195379 0
    outer loop
      vertex 14.4743 -174.122 1.5
      vertex 14.3978 -174.506 6
      vertex 14.3978 -174.506 1.5
    endloop
  endfacet
  facet normal 0.997858 -0.0654208 0
    outer loop
      vertex 14.4743 -174.122 6
      vertex 14.5 -173.73 1.5
      vertex 14.5 -173.73 6
    endloop
  endfacet
  facet normal 0.997858 -0.0654208 0
    outer loop
      vertex 14.5 -173.73 1.5
      vertex 14.4743 -174.122 6
      vertex 14.4743 -174.122 1.5
    endloop
  endfacet
  facet normal 0.997858 0.0654208 0
    outer loop
      vertex 14.5 -173.73 6
      vertex 14.4743 -173.338 1.5
      vertex 14.4743 -173.338 6
    endloop
  endfacet
  facet normal 0.997858 0.0654208 0
    outer loop
      vertex 14.4743 -173.338 1.5
      vertex 14.5 -173.73 6
      vertex 14.5 -173.73 1.5
    endloop
  endfacet
  facet normal 0.980728 0.195379 0
    outer loop
      vertex 14.4743 -173.338 6
      vertex 14.3978 -172.954 1.5
      vertex 14.3978 -172.954 6
    endloop
  endfacet
  facet normal 0.980728 0.195379 0
    outer loop
      vertex 14.3978 -172.954 1.5
      vertex 14.4743 -173.338 6
      vertex 14.4743 -173.338 1.5
    endloop
  endfacet
  facet normal 0.94699 0.321264 0
    outer loop
      vertex 14.3978 -172.954 6
      vertex 14.2716 -172.582 1.5
      vertex 14.2716 -172.582 6
    endloop
  endfacet
  facet normal 0.94699 0.321264 0
    outer loop
      vertex 14.2716 -172.582 1.5
      vertex 14.3978 -172.954 6
      vertex 14.3978 -172.954 1.5
    endloop
  endfacet
  facet normal 0.896961 0.44211 0
    outer loop
      vertex 14.2716 -172.582 6
      vertex 14.0981 -172.23 1.5
      vertex 14.0981 -172.23 6
    endloop
  endfacet
  facet normal 0.896961 0.44211 0
    outer loop
      vertex 14.0981 -172.23 1.5
      vertex 14.2716 -172.582 6
      vertex 14.2716 -172.582 1.5
    endloop
  endfacet
  facet normal 0.831265 0.555877 0
    outer loop
      vertex 14.0981 -172.23 6
      vertex 13.8801 -171.904 1.5
      vertex 13.8801 -171.904 6
    endloop
  endfacet
  facet normal 0.831265 0.555877 0
    outer loop
      vertex 13.8801 -171.904 1.5
      vertex 14.0981 -172.23 6
      vertex 14.0981 -172.23 1.5
    endloop
  endfacet
  facet normal 0.751724 0.659478 0
    outer loop
      vertex 13.8801 -171.904 6
      vertex 13.6213 -171.609 1.5
      vertex 13.6213 -171.609 6
    endloop
  endfacet
  facet normal 0.751724 0.659478 0
    outer loop
      vertex 13.6213 -171.609 1.5
      vertex 13.8801 -171.904 6
      vertex 13.8801 -171.904 1.5
    endloop
  endfacet
  facet normal 0.659766 0.751471 -0
    outer loop
      vertex 13.6213 -171.609 1.5
      vertex 13.3263 -171.35 6
      vertex 13.6213 -171.609 6
    endloop
  endfacet
  facet normal 0.659766 0.751471 0
    outer loop
      vertex 13.3263 -171.35 6
      vertex 13.6213 -171.609 1.5
      vertex 13.3263 -171.35 1.5
    endloop
  endfacet
  facet normal 0.555523 0.831501 -0
    outer loop
      vertex 13.3263 -171.35 1.5
      vertex 13 -171.132 6
      vertex 13.3263 -171.35 6
    endloop
  endfacet
  facet normal 0.555523 0.831501 0
    outer loop
      vertex 13 -171.132 6
      vertex 13.3263 -171.35 1.5
      vertex 13 -171.132 1.5
    endloop
  endfacet
  facet normal 0.443134 0.896455 -0
    outer loop
      vertex 13 -171.132 1.5
      vertex 12.648 -170.958 6
      vertex 13 -171.132 6
    endloop
  endfacet
  facet normal 0.443134 0.896455 0
    outer loop
      vertex 12.648 -170.958 6
      vertex 13 -171.132 1.5
      vertex 12.648 -170.958 1.5
    endloop
  endfacet
  facet normal 0.321117 0.94704 -0
    outer loop
      vertex 12.648 -170.958 1.5
      vertex 12.2764 -170.832 6
      vertex 12.648 -170.958 6
    endloop
  endfacet
  facet normal 0.321117 0.94704 0
    outer loop
      vertex 12.2764 -170.832 6
      vertex 12.648 -170.958 1.5
      vertex 12.2764 -170.832 1.5
    endloop
  endfacet
  facet normal 0.193762 0.981049 -0
    outer loop
      vertex 12.2764 -170.832 1.5
      vertex 11.8916 -170.756 6
      vertex 12.2764 -170.832 6
    endloop
  endfacet
  facet normal 0.193762 0.981049 0
    outer loop
      vertex 11.8916 -170.756 6
      vertex 12.2764 -170.832 1.5
      vertex 11.8916 -170.756 1.5
    endloop
  endfacet
  facet normal 0.0662484 0.997803 -0
    outer loop
      vertex 11.8916 -170.756 1.5
      vertex 11.5 -170.73 6
      vertex 11.8916 -170.756 6
    endloop
  endfacet
  facet normal 0.0662484 0.997803 0
    outer loop
      vertex 11.5 -170.73 6
      vertex 11.8916 -170.756 1.5
      vertex 11.5 -170.73 1.5
    endloop
  endfacet
  facet normal -0.0662484 0.997803 0
    outer loop
      vertex 11.5 -170.73 1.5
      vertex 11.1084 -170.756 6
      vertex 11.5 -170.73 6
    endloop
  endfacet
  facet normal -0.0662484 0.997803 0
    outer loop
      vertex 11.1084 -170.756 6
      vertex 11.5 -170.73 1.5
      vertex 11.1084 -170.756 1.5
    endloop
  endfacet
  facet normal -0.193714 0.981058 0
    outer loop
      vertex 11.1084 -170.756 1.5
      vertex 10.7235 -170.832 6
      vertex 11.1084 -170.756 6
    endloop
  endfacet
  facet normal -0.193714 0.981058 0
    outer loop
      vertex 10.7235 -170.832 6
      vertex 11.1084 -170.756 1.5
      vertex 10.7235 -170.832 1.5
    endloop
  endfacet
  facet normal -0.321117 0.94704 0
    outer loop
      vertex 10.7235 -170.832 1.5
      vertex 10.3519 -170.958 6
      vertex 10.7235 -170.832 6
    endloop
  endfacet
  facet normal -0.321117 0.94704 0
    outer loop
      vertex 10.3519 -170.958 6
      vertex 10.7235 -170.832 1.5
      vertex 10.3519 -170.958 1.5
    endloop
  endfacet
  facet normal -0.443235 0.896405 0
    outer loop
      vertex 10.3519 -170.958 1.5
      vertex 10 -171.132 6
      vertex 10.3519 -170.958 6
    endloop
  endfacet
  facet normal -0.443235 0.896405 0
    outer loop
      vertex 10 -171.132 6
      vertex 10.3519 -170.958 1.5
      vertex 10 -171.132 1.5
    endloop
  endfacet
  facet normal -0.555535 0.831493 0
    outer loop
      vertex 10 -171.132 1.5
      vertex 9.67371 -171.35 6
      vertex 10 -171.132 6
    endloop
  endfacet
  facet normal -0.555535 0.831493 0
    outer loop
      vertex 9.67371 -171.35 6
      vertex 10 -171.132 1.5
      vertex 9.67371 -171.35 1.5
    endloop
  endfacet
  facet normal -0.659728 0.751504 0
    outer loop
      vertex 9.67371 -171.35 1.5
      vertex 9.37868 -171.609 6
      vertex 9.67371 -171.35 6
    endloop
  endfacet
  facet normal -0.659728 0.751504 0
    outer loop
      vertex 9.37868 -171.609 6
      vertex 9.67371 -171.35 1.5
      vertex 9.37868 -171.609 1.5
    endloop
  endfacet
  facet normal -0.751787 0.659406 0
    outer loop
      vertex 9.11993 -171.904 1.5
      vertex 9.37868 -171.609 6
      vertex 9.37868 -171.609 1.5
    endloop
  endfacet
  facet normal -0.751787 0.659406 0
    outer loop
      vertex 9.37868 -171.609 6
      vertex 9.11993 -171.904 1.5
      vertex 9.11993 -171.904 6
    endloop
  endfacet
  facet normal -0.831253 0.555894 0
    outer loop
      vertex 8.90192 -172.23 1.5
      vertex 9.11993 -171.904 6
      vertex 9.11993 -171.904 1.5
    endloop
  endfacet
  facet normal -0.831253 0.555894 0
    outer loop
      vertex 9.11993 -171.904 6
      vertex 8.90192 -172.23 1.5
      vertex 8.90192 -172.23 6
    endloop
  endfacet
  facet normal -0.89689 0.442253 0
    outer loop
      vertex 8.72835 -172.582 1.5
      vertex 8.90192 -172.23 6
      vertex 8.90192 -172.23 1.5
    endloop
  endfacet
  facet normal -0.89689 0.442253 0
    outer loop
      vertex 8.90192 -172.23 6
      vertex 8.72835 -172.582 1.5
      vertex 8.72835 -172.582 6
    endloop
  endfacet
  facet normal -0.947044 0.321104 0
    outer loop
      vertex 8.60222 -172.954 1.5
      vertex 8.72835 -172.582 6
      vertex 8.72835 -172.582 1.5
    endloop
  endfacet
  facet normal -0.947044 0.321104 0
    outer loop
      vertex 8.72835 -172.582 6
      vertex 8.60222 -172.954 1.5
      vertex 8.60222 -172.954 6
    endloop
  endfacet
  facet normal -0.980703 0.195502 0
    outer loop
      vertex 8.52567 -173.338 1.5
      vertex 8.60222 -172.954 6
      vertex 8.60222 -172.954 1.5
    endloop
  endfacet
  facet normal -0.980703 0.195502 0
    outer loop
      vertex 8.60222 -172.954 6
      vertex 8.52567 -173.338 1.5
      vertex 8.52567 -173.338 6
    endloop
  endfacet
  facet normal -0.997863 0.0653447 0
    outer loop
      vertex 8.5 -173.73 1.5
      vertex 8.52567 -173.338 6
      vertex 8.52567 -173.338 1.5
    endloop
  endfacet
  facet normal -0.997863 0.0653447 0
    outer loop
      vertex 8.52567 -173.338 6
      vertex 8.5 -173.73 1.5
      vertex 8.5 -173.73 6
    endloop
  endfacet
  facet normal -0.997863 -0.0653447 0
    outer loop
      vertex 8.52567 -174.122 1.5
      vertex 8.5 -173.73 6
      vertex 8.5 -173.73 1.5
    endloop
  endfacet
  facet normal -0.997863 -0.0653447 0
    outer loop
      vertex 8.5 -173.73 6
      vertex 8.52567 -174.122 1.5
      vertex 8.52567 -174.122 6
    endloop
  endfacet
  facet normal -0.980703 -0.195502 0
    outer loop
      vertex 8.60222 -174.506 1.5
      vertex 8.52567 -174.122 6
      vertex 8.52567 -174.122 1.5
    endloop
  endfacet
  facet normal -0.980703 -0.195502 0
    outer loop
      vertex 8.52567 -174.122 6
      vertex 8.60222 -174.506 1.5
      vertex 8.60222 -174.506 6
    endloop
  endfacet
  facet normal -0.947044 -0.321104 0
    outer loop
      vertex 8.72835 -174.878 1.5
      vertex 8.60222 -174.506 6
      vertex 8.60222 -174.506 1.5
    endloop
  endfacet
  facet normal -0.947044 -0.321104 0
    outer loop
      vertex 8.60222 -174.506 6
      vertex 8.72835 -174.878 1.5
      vertex 8.72835 -174.878 6
    endloop
  endfacet
  facet normal -0.89689 -0.442253 0
    outer loop
      vertex 8.90192 -175.23 1.5
      vertex 8.72835 -174.878 6
      vertex 8.72835 -174.878 1.5
    endloop
  endfacet
  facet normal -0.89689 -0.442253 0
    outer loop
      vertex 8.72835 -174.878 6
      vertex 8.90192 -175.23 1.5
      vertex 8.90192 -175.23 6
    endloop
  endfacet
  facet normal -0.831253 -0.555894 0
    outer loop
      vertex 9.11993 -175.556 1.5
      vertex 8.90192 -175.23 6
      vertex 8.90192 -175.23 1.5
    endloop
  endfacet
  facet normal -0.831253 -0.555894 0
    outer loop
      vertex 8.90192 -175.23 6
      vertex 9.11993 -175.556 1.5
      vertex 9.11993 -175.556 6
    endloop
  endfacet
  facet normal -0.751787 -0.659406 0
    outer loop
      vertex 9.37868 -175.851 1.5
      vertex 9.11993 -175.556 6
      vertex 9.11993 -175.556 1.5
    endloop
  endfacet
  facet normal -0.751787 -0.659406 0
    outer loop
      vertex 9.11993 -175.556 6
      vertex 9.37868 -175.851 1.5
      vertex 9.37868 -175.851 6
    endloop
  endfacet
  facet normal -0.659728 -0.751504 0
    outer loop
      vertex 9.37868 -175.851 1.5
      vertex 9.67371 -176.11 6
      vertex 9.37868 -175.851 6
    endloop
  endfacet
  facet normal -0.659728 -0.751504 -0
    outer loop
      vertex 9.67371 -176.11 6
      vertex 9.37868 -175.851 1.5
      vertex 9.67371 -176.11 1.5
    endloop
  endfacet
  facet normal -0.555535 -0.831493 0
    outer loop
      vertex 9.67371 -176.11 1.5
      vertex 10 -176.328 6
      vertex 9.67371 -176.11 6
    endloop
  endfacet
  facet normal -0.555535 -0.831493 -0
    outer loop
      vertex 10 -176.328 6
      vertex 9.67371 -176.11 1.5
      vertex 10 -176.328 1.5
    endloop
  endfacet
  facet normal -0.443235 -0.896405 0
    outer loop
      vertex 10 -176.328 1.5
      vertex 10.3519 -176.502 6
      vertex 10 -176.328 6
    endloop
  endfacet
  facet normal -0.443235 -0.896405 -0
    outer loop
      vertex 10.3519 -176.502 6
      vertex 10 -176.328 1.5
      vertex 10.3519 -176.502 1.5
    endloop
  endfacet
  facet normal -0.321117 -0.94704 0
    outer loop
      vertex 10.3519 -176.502 1.5
      vertex 10.7235 -176.628 6
      vertex 10.3519 -176.502 6
    endloop
  endfacet
  facet normal -0.321117 -0.94704 -0
    outer loop
      vertex 10.7235 -176.628 6
      vertex 10.3519 -176.502 1.5
      vertex 10.7235 -176.628 1.5
    endloop
  endfacet
  facet normal -0.193714 -0.981058 0
    outer loop
      vertex 10.7235 -176.628 1.5
      vertex 11.1084 -176.704 6
      vertex 10.7235 -176.628 6
    endloop
  endfacet
  facet normal -0.193714 -0.981058 -0
    outer loop
      vertex 11.1084 -176.704 6
      vertex 10.7235 -176.628 1.5
      vertex 11.1084 -176.704 1.5
    endloop
  endfacet
  facet normal -0.0662484 -0.997803 0
    outer loop
      vertex 11.1084 -176.704 1.5
      vertex 11.5 -176.73 6
      vertex 11.1084 -176.704 6
    endloop
  endfacet
  facet normal -0.0662484 -0.997803 -0
    outer loop
      vertex 11.5 -176.73 6
      vertex 11.1084 -176.704 1.5
      vertex 11.5 -176.73 1.5
    endloop
  endfacet
  facet normal 0.0662484 -0.997803 0
    outer loop
      vertex 11.5 -176.73 1.5
      vertex 11.8916 -176.704 6
      vertex 11.5 -176.73 6
    endloop
  endfacet
  facet normal 0.0662484 -0.997803 0
    outer loop
      vertex 11.8916 -176.704 6
      vertex 11.5 -176.73 1.5
      vertex 11.8916 -176.704 1.5
    endloop
  endfacet
  facet normal -0.991463 -0.130389 0
    outer loop
      vertex 12.7 -173.73 1.2
      vertex 12.6591 -173.419 6
      vertex 12.6591 -173.419 1.2
    endloop
  endfacet
  facet normal -0.991463 -0.130389 0
    outer loop
      vertex 12.6591 -173.419 6
      vertex 12.7 -173.73 1.2
      vertex 12.7 -173.73 6
    endloop
  endfacet
  facet normal 0.991463 -0.130389 0
    outer loop
      vertex 10.3 -173.73 6
      vertex 10.3409 -173.419 1.2
      vertex 10.3409 -173.419 6
    endloop
  endfacet
  facet normal 0.991463 -0.130389 0
    outer loop
      vertex 10.3409 -173.419 1.2
      vertex 10.3 -173.73 6
      vertex 10.3 -173.73 1.2
    endloop
  endfacet
  facet normal -0.793914 -0.60803 0
    outer loop
      vertex 12.5392 -173.13 1.2
      vertex 12.3485 -172.881 6
      vertex 12.3485 -172.881 1.2
    endloop
  endfacet
  facet normal -0.793914 -0.60803 0
    outer loop
      vertex 12.3485 -172.881 6
      vertex 12.5392 -173.13 1.2
      vertex 12.5392 -173.13 6
    endloop
  endfacet
  facet normal -0.923662 -0.383208 0
    outer loop
      vertex 12.6591 -173.419 1.2
      vertex 12.5392 -173.13 6
      vertex 12.5392 -173.13 1.2
    endloop
  endfacet
  facet normal -0.923662 -0.383208 0
    outer loop
      vertex 12.5392 -173.13 6
      vertex 12.6591 -173.419 1.2
      vertex 12.6591 -173.419 6
    endloop
  endfacet
  facet normal 0.383028 -0.923737 0
    outer loop
      vertex 10.9 -172.691 1.2
      vertex 11.1894 -172.571 6
      vertex 10.9 -172.691 6
    endloop
  endfacet
  facet normal 0.383028 -0.923737 0
    outer loop
      vertex 11.1894 -172.571 6
      vertex 10.9 -172.691 1.2
      vertex 11.1894 -172.571 1.2
    endloop
  endfacet
  facet normal -0.607391 -0.794403 0
    outer loop
      vertex 12.1 -172.691 1.2
      vertex 12.3485 -172.881 6
      vertex 12.1 -172.691 6
    endloop
  endfacet
  facet normal -0.607391 -0.794403 -0
    outer loop
      vertex 12.3485 -172.881 6
      vertex 12.1 -172.691 1.2
      vertex 12.3485 -172.881 1.2
    endloop
  endfacet
  facet normal 0.130867 -0.9914 0
    outer loop
      vertex 11.1894 -172.571 1.2
      vertex 11.5 -172.53 6
      vertex 11.1894 -172.571 6
    endloop
  endfacet
  facet normal 0.130867 -0.9914 0
    outer loop
      vertex 11.5 -172.53 6
      vertex 11.1894 -172.571 1.2
      vertex 11.5 -172.53 1.2
    endloop
  endfacet
  facet normal -0.383028 -0.923737 0
    outer loop
      vertex 11.8106 -172.571 1.2
      vertex 12.1 -172.691 6
      vertex 11.8106 -172.571 6
    endloop
  endfacet
  facet normal -0.383028 -0.923737 -0
    outer loop
      vertex 12.1 -172.691 6
      vertex 11.8106 -172.571 1.2
      vertex 12.1 -172.691 1.2
    endloop
  endfacet
  facet normal 0.923662 -0.383208 0
    outer loop
      vertex 10.3409 -173.419 6
      vertex 10.4608 -173.13 1.2
      vertex 10.4608 -173.13 6
    endloop
  endfacet
  facet normal 0.923662 -0.383208 0
    outer loop
      vertex 10.4608 -173.13 1.2
      vertex 10.3409 -173.419 6
      vertex 10.3409 -173.419 1.2
    endloop
  endfacet
  facet normal 0.607391 -0.794403 0
    outer loop
      vertex 10.6515 -172.881 1.2
      vertex 10.9 -172.691 6
      vertex 10.6515 -172.881 6
    endloop
  endfacet
  facet normal 0.607391 -0.794403 0
    outer loop
      vertex 10.9 -172.691 6
      vertex 10.6515 -172.881 1.2
      vertex 10.9 -172.691 1.2
    endloop
  endfacet
  facet normal 0.793914 -0.60803 0
    outer loop
      vertex 10.4608 -173.13 6
      vertex 10.6515 -172.881 1.2
      vertex 10.6515 -172.881 6
    endloop
  endfacet
  facet normal 0.793914 -0.60803 0
    outer loop
      vertex 10.6515 -172.881 1.2
      vertex 10.4608 -173.13 6
      vertex 10.4608 -173.13 1.2
    endloop
  endfacet
  facet normal -0.923662 0.383208 0
    outer loop
      vertex 12.5392 -174.33 1.2
      vertex 12.6591 -174.041 6
      vertex 12.6591 -174.041 1.2
    endloop
  endfacet
  facet normal -0.923662 0.383208 0
    outer loop
      vertex 12.6591 -174.041 6
      vertex 12.5392 -174.33 1.2
      vertex 12.5392 -174.33 6
    endloop
  endfacet
  facet normal 0.607391 0.794403 -0
    outer loop
      vertex 10.9 -174.769 1.2
      vertex 10.6515 -174.579 6
      vertex 10.9 -174.769 6
    endloop
  endfacet
  facet normal 0.607391 0.794403 0
    outer loop
      vertex 10.6515 -174.579 6
      vertex 10.9 -174.769 1.2
      vertex 10.6515 -174.579 1.2
    endloop
  endfacet
  facet normal 0.793914 0.60803 0
    outer loop
      vertex 10.6515 -174.579 6
      vertex 10.4608 -174.33 1.2
      vertex 10.4608 -174.33 6
    endloop
  endfacet
  facet normal 0.793914 0.60803 0
    outer loop
      vertex 10.4608 -174.33 1.2
      vertex 10.6515 -174.579 6
      vertex 10.6515 -174.579 1.2
    endloop
  endfacet
  facet normal -0.383028 0.923737 0
    outer loop
      vertex 12.1 -174.769 1.2
      vertex 11.8106 -174.889 6
      vertex 12.1 -174.769 6
    endloop
  endfacet
  facet normal -0.383028 0.923737 0
    outer loop
      vertex 11.8106 -174.889 6
      vertex 12.1 -174.769 1.2
      vertex 11.8106 -174.889 1.2
    endloop
  endfacet
  facet normal -0.607391 0.794403 0
    outer loop
      vertex 12.3485 -174.579 1.2
      vertex 12.1 -174.769 6
      vertex 12.3485 -174.579 6
    endloop
  endfacet
  facet normal -0.607391 0.794403 0
    outer loop
      vertex 12.1 -174.769 6
      vertex 12.3485 -174.579 1.2
      vertex 12.1 -174.769 1.2
    endloop
  endfacet
  facet normal -0.991463 0.130389 0
    outer loop
      vertex 12.6591 -174.041 1.2
      vertex 12.7 -173.73 6
      vertex 12.7 -173.73 1.2
    endloop
  endfacet
  facet normal -0.991463 0.130389 0
    outer loop
      vertex 12.7 -173.73 6
      vertex 12.6591 -174.041 1.2
      vertex 12.6591 -174.041 6
    endloop
  endfacet
  facet normal -0.130867 -0.9914 0
    outer loop
      vertex 11.5 -172.53 1.2
      vertex 11.8106 -172.571 6
      vertex 11.5 -172.53 6
    endloop
  endfacet
  facet normal -0.130867 -0.9914 -0
    outer loop
      vertex 11.8106 -172.571 6
      vertex 11.5 -172.53 1.2
      vertex 11.8106 -172.571 1.2
    endloop
  endfacet
  facet normal 0.991463 0.130389 0
    outer loop
      vertex 10.3409 -174.041 6
      vertex 10.3 -173.73 1.2
      vertex 10.3 -173.73 6
    endloop
  endfacet
  facet normal 0.991463 0.130389 0
    outer loop
      vertex 10.3 -173.73 1.2
      vertex 10.3409 -174.041 6
      vertex 10.3409 -174.041 1.2
    endloop
  endfacet
  facet normal -0.130867 0.9914 0
    outer loop
      vertex 11.8106 -174.889 1.2
      vertex 11.5 -174.93 6
      vertex 11.8106 -174.889 6
    endloop
  endfacet
  facet normal -0.130867 0.9914 0
    outer loop
      vertex 11.5 -174.93 6
      vertex 11.8106 -174.889 1.2
      vertex 11.5 -174.93 1.2
    endloop
  endfacet
  facet normal 0.130867 0.9914 -0
    outer loop
      vertex 11.5 -174.93 1.2
      vertex 11.1894 -174.889 6
      vertex 11.5 -174.93 6
    endloop
  endfacet
  facet normal 0.130867 0.9914 0
    outer loop
      vertex 11.1894 -174.889 6
      vertex 11.5 -174.93 1.2
      vertex 11.1894 -174.889 1.2
    endloop
  endfacet
  facet normal 0.923662 0.383208 0
    outer loop
      vertex 10.4608 -174.33 6
      vertex 10.3409 -174.041 1.2
      vertex 10.3409 -174.041 6
    endloop
  endfacet
  facet normal 0.923662 0.383208 0
    outer loop
      vertex 10.3409 -174.041 1.2
      vertex 10.4608 -174.33 6
      vertex 10.4608 -174.33 1.2
    endloop
  endfacet
  facet normal -0.793914 0.60803 0
    outer loop
      vertex 12.3485 -174.579 1.2
      vertex 12.5392 -174.33 6
      vertex 12.5392 -174.33 1.2
    endloop
  endfacet
  facet normal -0.793914 0.60803 0
    outer loop
      vertex 12.5392 -174.33 6
      vertex 12.3485 -174.579 1.2
      vertex 12.3485 -174.579 6
    endloop
  endfacet
  facet normal 0.383028 0.923737 -0
    outer loop
      vertex 11.1894 -174.889 1.2
      vertex 10.9 -174.769 6
      vertex 11.1894 -174.889 6
    endloop
  endfacet
  facet normal 0.383028 0.923737 0
    outer loop
      vertex 10.9 -174.769 6
      vertex 11.1894 -174.889 1.2
      vertex 10.9 -174.769 1.2
    endloop
  endfacet
  facet normal 0.995192 -0.0979415 0
    outer loop
      vertex 9.4 -173.73 1.2
      vertex 9.44035 -173.32 0
      vertex 9.44035 -173.32 1.2
    endloop
  endfacet
  facet normal 0.995192 -0.0979415 0
    outer loop
      vertex 9.44035 -173.32 0
      vertex 9.4 -173.73 1.2
      vertex 9.4 -173.73 0
    endloop
  endfacet
  facet normal -0.471244 -0.882003 0
    outer loop
      vertex 12.3036 -171.79 0
      vertex 12.6667 -171.984 1.2
      vertex 12.3036 -171.79 1.2
    endloop
  endfacet
  facet normal -0.471244 -0.882003 -0
    outer loop
      vertex 12.6667 -171.984 1.2
      vertex 12.3036 -171.79 0
      vertex 12.6667 -171.984 0
    endloop
  endfacet
  facet normal -0.99518 0.0980617 0
    outer loop
      vertex 13.5596 -174.14 0
      vertex 13.6 -173.73 1.2
      vertex 13.6 -173.73 0
    endloop
  endfacet
  facet normal -0.99518 0.0980617 0
    outer loop
      vertex 13.6 -173.73 1.2
      vertex 13.5596 -174.14 0
      vertex 13.5596 -174.14 1.2
    endloop
  endfacet
  facet normal 0.291423 0.956594 -0
    outer loop
      vertex 11.0903 -175.79 0
      vertex 10.6964 -175.67 1.2
      vertex 11.0903 -175.79 1.2
    endloop
  endfacet
  facet normal 0.291423 0.956594 0
    outer loop
      vertex 10.6964 -175.67 1.2
      vertex 11.0903 -175.79 0
      vertex 10.6964 -175.67 0
    endloop
  endfacet
  facet normal 0.471244 -0.882003 0
    outer loop
      vertex 10.3333 -171.984 0
      vertex 10.6964 -171.79 1.2
      vertex 10.3333 -171.984 1.2
    endloop
  endfacet
  facet normal 0.471244 -0.882003 0
    outer loop
      vertex 10.6964 -171.79 1.2
      vertex 10.3333 -171.984 0
      vertex 10.6964 -171.79 0
    endloop
  endfacet
  facet normal 0.956953 -0.290243 0
    outer loop
      vertex 9.44035 -173.32 1.2
      vertex 9.55985 -172.926 0
      vertex 9.55985 -172.926 1.2
    endloop
  endfacet
  facet normal 0.956953 -0.290243 0
    outer loop
      vertex 9.55985 -172.926 0
      vertex 9.44035 -173.32 1.2
      vertex 9.44035 -173.32 0
    endloop
  endfacet
  facet normal -0.956953 -0.290243 0
    outer loop
      vertex 13.5596 -173.32 0
      vertex 13.4401 -172.926 1.2
      vertex 13.4401 -172.926 0
    endloop
  endfacet
  facet normal -0.956953 -0.290243 0
    outer loop
      vertex 13.4401 -172.926 1.2
      vertex 13.5596 -173.32 0
      vertex 13.5596 -173.32 1.2
    endloop
  endfacet
  facet normal -0.881949 -0.471345 0
    outer loop
      vertex 13.4401 -172.926 0
      vertex 13.2461 -172.563 1.2
      vertex 13.2461 -172.563 0
    endloop
  endfacet
  facet normal -0.881949 -0.471345 0
    outer loop
      vertex 13.2461 -172.563 1.2
      vertex 13.4401 -172.926 0
      vertex 13.4401 -172.926 1.2
    endloop
  endfacet
  facet normal -0.772743 -0.634719 0
    outer loop
      vertex 13.2461 -172.563 0
      vertex 12.9849 -172.245 1.2
      vertex 12.9849 -172.245 0
    endloop
  endfacet
  facet normal -0.772743 -0.634719 0
    outer loop
      vertex 12.9849 -172.245 1.2
      vertex 13.2461 -172.563 0
      vertex 13.2461 -172.563 1.2
    endloop
  endfacet
  facet normal -0.63419 -0.773177 0
    outer loop
      vertex 12.6667 -171.984 0
      vertex 12.9849 -172.245 1.2
      vertex 12.6667 -171.984 1.2
    endloop
  endfacet
  facet normal -0.63419 -0.773177 -0
    outer loop
      vertex 12.9849 -172.245 1.2
      vertex 12.6667 -171.984 0
      vertex 12.9849 -172.245 0
    endloop
  endfacet
  facet normal -0.291423 -0.956594 0
    outer loop
      vertex 11.9097 -171.67 0
      vertex 12.3036 -171.79 1.2
      vertex 11.9097 -171.67 1.2
    endloop
  endfacet
  facet normal -0.291423 -0.956594 -0
    outer loop
      vertex 12.3036 -171.79 1.2
      vertex 11.9097 -171.67 0
      vertex 12.3036 -171.79 0
    endloop
  endfacet
  facet normal 0.0971704 -0.995268 0
    outer loop
      vertex 11.0903 -171.67 0
      vertex 11.5 -171.63 1.2
      vertex 11.0903 -171.67 1.2
    endloop
  endfacet
  facet normal 0.0971704 -0.995268 0
    outer loop
      vertex 11.5 -171.63 1.2
      vertex 11.0903 -171.67 0
      vertex 11.5 -171.63 0
    endloop
  endfacet
  facet normal 0 0 -1
    outer loop
      vertex 12.7 -173.73 1.2
      vertex 13.6 -173.73 1.2
      vertex 13.5596 -174.14 1.2
    endloop
  endfacet
  facet normal 0 0 -1
    outer loop
      vertex 12.6591 -174.041 1.2
      vertex 13.5596 -174.14 1.2
      vertex 13.4401 -174.534 1.2
    endloop
  endfacet
  facet normal 0 0 -1
    outer loop
      vertex 13.6 -173.73 1.2
      vertex 12.7 -173.73 1.2
      vertex 13.5596 -173.32 1.2
    endloop
  endfacet
  facet normal 0 0 -1
    outer loop
      vertex 12.5392 -174.33 1.2
      vertex 13.4401 -174.534 1.2
      vertex 13.2461 -174.897 1.2
    endloop
  endfacet
  facet normal 0 0 -1
    outer loop
      vertex 12.6591 -173.419 1.2
      vertex 13.5596 -173.32 1.2
      vertex 12.7 -173.73 1.2
    endloop
  endfacet
  facet normal 0 0 -1
    outer loop
      vertex 12.3485 -174.579 1.2
      vertex 13.2461 -174.897 1.2
      vertex 12.9849 -175.215 1.2
    endloop
  endfacet
  facet normal -0 0 -1
    outer loop
      vertex 13.5596 -173.32 1.2
      vertex 12.6591 -173.419 1.2
      vertex 13.4401 -172.926 1.2
    endloop
  endfacet
  facet normal 0 0 -1
    outer loop
      vertex 12.5392 -173.13 1.2
      vertex 13.4401 -172.926 1.2
      vertex 12.6591 -173.419 1.2
    endloop
  endfacet
  facet normal 0 0 -1
    outer loop
      vertex 12.3485 -174.579 1.2
      vertex 12.9849 -175.215 1.2
      vertex 12.6667 -175.476 1.2
    endloop
  endfacet
  facet normal 0 0 -1
    outer loop
      vertex 13.5596 -174.14 1.2
      vertex 12.6591 -174.041 1.2
      vertex 12.7 -173.73 1.2
    endloop
  endfacet
  facet normal 0 0 -1
    outer loop
      vertex 13.4401 -174.534 1.2
      vertex 12.5392 -174.33 1.2
      vertex 12.6591 -174.041 1.2
    endloop
  endfacet
  facet normal 0 0 -1
    outer loop
      vertex 13.2461 -174.897 1.2
      vertex 12.3485 -174.579 1.2
      vertex 12.5392 -174.33 1.2
    endloop
  endfacet
  facet normal 0 0 -1
    outer loop
      vertex 12.1 -174.769 1.2
      vertex 12.6667 -175.476 1.2
      vertex 12.3036 -175.67 1.2
    endloop
  endfacet
  facet normal 0 0 -1
    outer loop
      vertex 12.6667 -175.476 1.2
      vertex 12.1 -174.769 1.2
      vertex 12.3485 -174.579 1.2
    endloop
  endfacet
  facet normal 0 0 -1
    outer loop
      vertex 11.8106 -174.889 1.2
      vertex 12.3036 -175.67 1.2
      vertex 11.9097 -175.79 1.2
    endloop
  endfacet
  facet normal 0 0 -1
    outer loop
      vertex 12.3036 -175.67 1.2
      vertex 11.8106 -174.889 1.2
      vertex 12.1 -174.769 1.2
    endloop
  endfacet
  facet normal 0 0 -1
    outer loop
      vertex 11.5 -174.93 1.2
      vertex 11.9097 -175.79 1.2
      vertex 11.5 -175.83 1.2
    endloop
  endfacet
  facet normal 0 0 -1
    outer loop
      vertex 11.9097 -175.79 1.2
      vertex 11.5 -174.93 1.2
      vertex 11.8106 -174.889 1.2
    endloop
  endfacet
  facet normal 0 0 -1
    outer loop
      vertex 11.0903 -175.79 1.2
      vertex 11.5 -174.93 1.2
      vertex 11.5 -175.83 1.2
    endloop
  endfacet
  facet normal -0 0 -1
    outer loop
      vertex 11.5 -174.93 1.2
      vertex 11.0903 -175.79 1.2
      vertex 11.1894 -174.889 1.2
    endloop
  endfacet
  facet normal 0 0 -1
    outer loop
      vertex 10.6964 -175.67 1.2
      vertex 11.1894 -174.889 1.2
      vertex 11.0903 -175.79 1.2
    endloop
  endfacet
  facet normal -0 0 -1
    outer loop
      vertex 11.1894 -174.889 1.2
      vertex 10.6964 -175.67 1.2
      vertex 10.9 -174.769 1.2
    endloop
  endfacet
  facet normal 0 0 -1
    outer loop
      vertex 10.3333 -175.476 1.2
      vertex 10.9 -174.769 1.2
      vertex 10.6964 -175.67 1.2
    endloop
  endfacet
  facet normal -0 0 -1
    outer loop
      vertex 10.9 -174.769 1.2
      vertex 10.3333 -175.476 1.2
      vertex 10.6515 -174.579 1.2
    endloop
  endfacet
  facet normal 0 0 -1
    outer loop
      vertex 10.0151 -175.215 1.2
      vertex 10.6515 -174.579 1.2
      vertex 10.3333 -175.476 1.2
    endloop
  endfacet
  facet normal 0 0 -1
    outer loop
      vertex 9.75391 -174.897 1.2
      vertex 10.6515 -174.579 1.2
      vertex 10.0151 -175.215 1.2
    endloop
  endfacet
  facet normal -0 0 -1
    outer loop
      vertex 10.6515 -174.579 1.2
      vertex 9.75391 -174.897 1.2
      vertex 10.4608 -174.33 1.2
    endloop
  endfacet
  facet normal 0 0 -1
    outer loop
      vertex 9.55985 -174.534 1.2
      vertex 10.4608 -174.33 1.2
      vertex 9.75391 -174.897 1.2
    endloop
  endfacet
  facet normal -0 0 -1
    outer loop
      vertex 13.4401 -172.926 1.2
      vertex 12.5392 -173.13 1.2
      vertex 13.2461 -172.563 1.2
    endloop
  endfacet
  facet normal 0 0 -1
    outer loop
      vertex 12.3485 -172.881 1.2
      vertex 13.2461 -172.563 1.2
      vertex 12.5392 -173.13 1.2
    endloop
  endfacet
  facet normal -0 0 -1
    outer loop
      vertex 13.2461 -172.563 1.2
      vertex 12.3485 -172.881 1.2
      vertex 12.9849 -172.245 1.2
    endloop
  endfacet
  facet normal -0 0 -1
    outer loop
      vertex 12.9849 -172.245 1.2
      vertex 12.3485 -172.881 1.2
      vertex 12.6667 -171.984 1.2
    endloop
  endfacet
  facet normal 0 0 -1
    outer loop
      vertex 12.1 -172.691 1.2
      vertex 12.6667 -171.984 1.2
      vertex 12.3485 -172.881 1.2
    endloop
  endfacet
  facet normal -0 0 -1
    outer loop
      vertex 12.6667 -171.984 1.2
      vertex 12.1 -172.691 1.2
      vertex 12.3036 -171.79 1.2
    endloop
  endfacet
  facet normal 0 0 -1
    outer loop
      vertex 11.8106 -172.571 1.2
      vertex 12.3036 -171.79 1.2
      vertex 12.1 -172.691 1.2
    endloop
  endfacet
  facet normal -0 0 -1
    outer loop
      vertex 12.3036 -171.79 1.2
      vertex 11.8106 -172.571 1.2
      vertex 11.9097 -171.67 1.2
    endloop
  endfacet
  facet normal 0 0 -1
    outer loop
      vertex 11.5 -172.53 1.2
      vertex 11.9097 -171.67 1.2
      vertex 11.8106 -172.571 1.2
    endloop
  endfacet
  facet normal 0 0 -1
    outer loop
      vertex 11.5 -172.53 1.2
      vertex 11.5 -171.63 1.2
      vertex 11.9097 -171.67 1.2
    endloop
  endfacet
  facet normal 0 0 -1
    outer loop
      vertex 11.0903 -171.67 1.2
      vertex 11.5 -172.53 1.2
      vertex 11.1894 -172.571 1.2
    endloop
  endfacet
  facet normal 0 0 -1
    outer loop
      vertex 11.5 -172.53 1.2
      vertex 11.0903 -171.67 1.2
      vertex 11.5 -171.63 1.2
    endloop
  endfacet
  facet normal 0 0 -1
    outer loop
      vertex 10.6964 -171.79 1.2
      vertex 11.1894 -172.571 1.2
      vertex 10.9 -172.691 1.2
    endloop
  endfacet
  facet normal 0 0 -1
    outer loop
      vertex 11.1894 -172.571 1.2
      vertex 10.6964 -171.79 1.2
      vertex 11.0903 -171.67 1.2
    endloop
  endfacet
  facet normal 0 0 -1
    outer loop
      vertex 10.3333 -171.984 1.2
      vertex 10.9 -172.691 1.2
      vertex 10.6515 -172.881 1.2
    endloop
  endfacet
  facet normal 0 0 -1
    outer loop
      vertex 9.75391 -172.563 1.2
      vertex 10.6515 -172.881 1.2
      vertex 10.4608 -173.13 1.2
    endloop
  endfacet
  facet normal 0 0 -1
    outer loop
      vertex 9.55985 -172.926 1.2
      vertex 10.4608 -173.13 1.2
      vertex 10.3409 -173.419 1.2
    endloop
  endfacet
  facet normal 0 0 -1
    outer loop
      vertex 10.9 -172.691 1.2
      vertex 10.3333 -171.984 1.2
      vertex 10.6964 -171.79 1.2
    endloop
  endfacet
  facet normal 0 0 -1
    outer loop
      vertex 9.44035 -173.32 1.2
      vertex 10.3409 -173.419 1.2
      vertex 10.3 -173.73 1.2
    endloop
  endfacet
  facet normal -0 0 -1
    outer loop
      vertex 10.4608 -174.33 1.2
      vertex 9.55985 -174.534 1.2
      vertex 10.3409 -174.041 1.2
    endloop
  endfacet
  facet normal 0 0 -1
    outer loop
      vertex 10.6515 -172.881 1.2
      vertex 10.0151 -172.245 1.2
      vertex 10.3333 -171.984 1.2
    endloop
  endfacet
  facet normal 0 0 -1
    outer loop
      vertex 9.44035 -174.14 1.2
      vertex 10.3409 -174.041 1.2
      vertex 9.55985 -174.534 1.2
    endloop
  endfacet
  facet normal 0 0 -1
    outer loop
      vertex 10.6515 -172.881 1.2
      vertex 9.75391 -172.563 1.2
      vertex 10.0151 -172.245 1.2
    endloop
  endfacet
  facet normal -0 0 -1
    outer loop
      vertex 10.3409 -174.041 1.2
      vertex 9.44035 -174.14 1.2
      vertex 10.3 -173.73 1.2
    endloop
  endfacet
  facet normal 0 0 -1
    outer loop
      vertex 10.4608 -173.13 1.2
      vertex 9.55985 -172.926 1.2
      vertex 9.75391 -172.563 1.2
    endloop
  endfacet
  facet normal 0 0 -1
    outer loop
      vertex 9.4 -173.73 1.2
      vertex 10.3 -173.73 1.2
      vertex 9.44035 -174.14 1.2
    endloop
  endfacet
  facet normal 0 0 -1
    outer loop
      vertex 10.3409 -173.419 1.2
      vertex 9.44035 -173.32 1.2
      vertex 9.55985 -172.926 1.2
    endloop
  endfacet
  facet normal 0 0 -1
    outer loop
      vertex 10.3 -173.73 1.2
      vertex 9.4 -173.73 1.2
      vertex 9.44035 -173.32 1.2
    endloop
  endfacet
  facet normal 0.881888 -0.471458 0
    outer loop
      vertex 9.55985 -172.926 1.2
      vertex 9.75391 -172.563 0
      vertex 9.75391 -172.563 1.2
    endloop
  endfacet
  facet normal 0.881888 -0.471458 0
    outer loop
      vertex 9.75391 -172.563 0
      vertex 9.55985 -172.926 1.2
      vertex 9.55985 -172.926 0
    endloop
  endfacet
  facet normal 0.63419 -0.773177 0
    outer loop
      vertex 10.0151 -172.245 0
      vertex 10.3333 -171.984 1.2
      vertex 10.0151 -172.245 1.2
    endloop
  endfacet
  facet normal 0.63419 -0.773177 0
    outer loop
      vertex 10.3333 -171.984 1.2
      vertex 10.0151 -172.245 0
      vertex 10.3333 -171.984 0
    endloop
  endfacet
  facet normal 0.291423 -0.956594 0
    outer loop
      vertex 10.6964 -171.79 0
      vertex 11.0903 -171.67 1.2
      vertex 10.6964 -171.79 1.2
    endloop
  endfacet
  facet normal 0.291423 -0.956594 0
    outer loop
      vertex 11.0903 -171.67 1.2
      vertex 10.6964 -171.79 0
      vertex 11.0903 -171.67 0
    endloop
  endfacet
  facet normal 0.772755 -0.634704 0
    outer loop
      vertex 9.75391 -172.563 1.2
      vertex 10.0151 -172.245 0
      vertex 10.0151 -172.245 1.2
    endloop
  endfacet
  facet normal 0.772755 -0.634704 0
    outer loop
      vertex 10.0151 -172.245 0
      vertex 9.75391 -172.563 1.2
      vertex 9.75391 -172.563 0
    endloop
  endfacet
  facet normal -0.99518 -0.0980617 0
    outer loop
      vertex 13.6 -173.73 0
      vertex 13.5596 -173.32 1.2
      vertex 13.5596 -173.32 0
    endloop
  endfacet
  facet normal -0.99518 -0.0980617 0
    outer loop
      vertex 13.5596 -173.32 1.2
      vertex 13.6 -173.73 0
      vertex 13.6 -173.73 1.2
    endloop
  endfacet
  facet normal -0.0971704 0.995268 0
    outer loop
      vertex 11.9097 -175.79 0
      vertex 11.5 -175.83 1.2
      vertex 11.9097 -175.79 1.2
    endloop
  endfacet
  facet normal -0.0971704 0.995268 0
    outer loop
      vertex 11.5 -175.83 1.2
      vertex 11.9097 -175.79 0
      vertex 11.5 -175.83 0
    endloop
  endfacet
  facet normal -0.291423 0.956594 0
    outer loop
      vertex 12.3036 -175.67 0
      vertex 11.9097 -175.79 1.2
      vertex 12.3036 -175.67 1.2
    endloop
  endfacet
  facet normal -0.291423 0.956594 0
    outer loop
      vertex 11.9097 -175.79 1.2
      vertex 12.3036 -175.67 0
      vertex 11.9097 -175.79 0
    endloop
  endfacet
  facet normal -0.881949 0.471345 0
    outer loop
      vertex 13.2461 -174.897 0
      vertex 13.4401 -174.534 1.2
      vertex 13.4401 -174.534 0
    endloop
  endfacet
  facet normal -0.881949 0.471345 0
    outer loop
      vertex 13.4401 -174.534 1.2
      vertex 13.2461 -174.897 0
      vertex 13.2461 -174.897 1.2
    endloop
  endfacet
  facet normal 0.0971704 0.995268 -0
    outer loop
      vertex 11.5 -175.83 0
      vertex 11.0903 -175.79 1.2
      vertex 11.5 -175.83 1.2
    endloop
  endfacet
  facet normal 0.0971704 0.995268 0
    outer loop
      vertex 11.0903 -175.79 1.2
      vertex 11.5 -175.83 0
      vertex 11.0903 -175.79 0
    endloop
  endfacet
  facet normal 0.63419 0.773177 -0
    outer loop
      vertex 10.3333 -175.476 0
      vertex 10.0151 -175.215 1.2
      vertex 10.3333 -175.476 1.2
    endloop
  endfacet
  facet normal 0.63419 0.773177 0
    outer loop
      vertex 10.0151 -175.215 1.2
      vertex 10.3333 -175.476 0
      vertex 10.0151 -175.215 0
    endloop
  endfacet
  facet normal 0.881888 0.471458 0
    outer loop
      vertex 9.75391 -174.897 1.2
      vertex 9.55985 -174.534 0
      vertex 9.55985 -174.534 1.2
    endloop
  endfacet
  facet normal 0.881888 0.471458 0
    outer loop
      vertex 9.55985 -174.534 0
      vertex 9.75391 -174.897 1.2
      vertex 9.75391 -174.897 0
    endloop
  endfacet
  facet normal 0.995192 0.0979415 0
    outer loop
      vertex 9.44035 -174.14 1.2
      vertex 9.4 -173.73 0
      vertex 9.4 -173.73 1.2
    endloop
  endfacet
  facet normal 0.995192 0.0979415 0
    outer loop
      vertex 9.4 -173.73 0
      vertex 9.44035 -174.14 1.2
      vertex 9.44035 -174.14 0
    endloop
  endfacet
  facet normal 0.772755 0.634704 0
    outer loop
      vertex 10.0151 -175.215 1.2
      vertex 9.75391 -174.897 0
      vertex 9.75391 -174.897 1.2
    endloop
  endfacet
  facet normal 0.772755 0.634704 0
    outer loop
      vertex 9.75391 -174.897 0
      vertex 10.0151 -175.215 1.2
      vertex 10.0151 -175.215 0
    endloop
  endfacet
  facet normal -0.0971704 -0.995268 0
    outer loop
      vertex 11.5 -171.63 0
      vertex 11.9097 -171.67 1.2
      vertex 11.5 -171.63 1.2
    endloop
  endfacet
  facet normal -0.0971704 -0.995268 -0
    outer loop
      vertex 11.9097 -171.67 1.2
      vertex 11.5 -171.63 0
      vertex 11.9097 -171.67 0
    endloop
  endfacet
  facet normal -0.772743 0.634719 0
    outer loop
      vertex 12.9849 -175.215 0
      vertex 13.2461 -174.897 1.2
      vertex 13.2461 -174.897 0
    endloop
  endfacet
  facet normal -0.772743 0.634719 0
    outer loop
      vertex 13.2461 -174.897 1.2
      vertex 12.9849 -175.215 0
      vertex 12.9849 -175.215 1.2
    endloop
  endfacet
  facet normal -0.471244 0.882003 0
    outer loop
      vertex 12.6667 -175.476 0
      vertex 12.3036 -175.67 1.2
      vertex 12.6667 -175.476 1.2
    endloop
  endfacet
  facet normal -0.471244 0.882003 0
    outer loop
      vertex 12.3036 -175.67 1.2
      vertex 12.6667 -175.476 0
      vertex 12.3036 -175.67 0
    endloop
  endfacet
  facet normal -0.956953 0.290243 0
    outer loop
      vertex 13.4401 -174.534 0
      vertex 13.5596 -174.14 1.2
      vertex 13.5596 -174.14 0
    endloop
  endfacet
  facet normal -0.956953 0.290243 0
    outer loop
      vertex 13.5596 -174.14 1.2
      vertex 13.4401 -174.534 0
      vertex 13.4401 -174.534 1.2
    endloop
  endfacet
  facet normal 0.471244 0.882003 -0
    outer loop
      vertex 10.6964 -175.67 0
      vertex 10.3333 -175.476 1.2
      vertex 10.6964 -175.67 1.2
    endloop
  endfacet
  facet normal 0.471244 0.882003 0
    outer loop
      vertex 10.3333 -175.476 1.2
      vertex 10.6964 -175.67 0
      vertex 10.3333 -175.476 0
    endloop
  endfacet
  facet normal 0.956953 0.290243 0
    outer loop
      vertex 9.55985 -174.534 1.2
      vertex 9.44035 -174.14 0
      vertex 9.44035 -174.14 1.2
    endloop
  endfacet
  facet normal 0.956953 0.290243 0
    outer loop
      vertex 9.44035 -174.14 0
      vertex 9.55985 -174.534 1.2
      vertex 9.55985 -174.534 0
    endloop
  endfacet
  facet normal -0.63419 0.773177 0
    outer loop
      vertex 12.9849 -175.215 0
      vertex 12.6667 -175.476 1.2
      vertex 12.9849 -175.215 1.2
    endloop
  endfacet
  facet normal -0.63419 0.773177 0
    outer loop
      vertex 12.6667 -175.476 1.2
      vertex 12.9849 -175.215 0
      vertex 12.6667 -175.476 0
    endloop
  endfacet
  facet normal 0.991463 -0.130389 0
    outer loop
      vertex 48.04 -173.73 6
      vertex 48.0809 -173.419 1.2
      vertex 48.0809 -173.419 6
    endloop
  endfacet
  facet normal 0.991463 -0.130389 0
    outer loop
      vertex 48.0809 -173.419 1.2
      vertex 48.04 -173.73 6
      vertex 48.04 -173.73 1.2
    endloop
  endfacet
  facet normal 0.991463 0.130389 0
    outer loop
      vertex 48.0809 -174.041 6
      vertex 48.04 -173.73 1.2
      vertex 48.04 -173.73 6
    endloop
  endfacet
  facet normal 0.991463 0.130389 0
    outer loop
      vertex 48.04 -173.73 1.2
      vertex 48.0809 -174.041 6
      vertex 48.0809 -174.041 1.2
    endloop
  endfacet
  facet normal -0.793914 -0.60803 0
    outer loop
      vertex 50.2792 -173.13 1.2
      vertex 50.0885 -172.881 6
      vertex 50.0885 -172.881 1.2
    endloop
  endfacet
  facet normal -0.793914 -0.60803 0
    outer loop
      vertex 50.0885 -172.881 6
      vertex 50.2792 -173.13 1.2
      vertex 50.2792 -173.13 6
    endloop
  endfacet
  facet normal -0.923662 -0.383208 0
    outer loop
      vertex 50.3991 -173.419 1.2
      vertex 50.2792 -173.13 6
      vertex 50.2792 -173.13 1.2
    endloop
  endfacet
  facet normal -0.923662 -0.383208 0
    outer loop
      vertex 50.2792 -173.13 6
      vertex 50.3991 -173.419 1.2
      vertex 50.3991 -173.419 6
    endloop
  endfacet
  facet normal -0.130867 -0.9914 0
    outer loop
      vertex 49.24 -172.53 1.2
      vertex 49.5506 -172.571 6
      vertex 49.24 -172.53 6
    endloop
  endfacet
  facet normal -0.130867 -0.9914 -0
    outer loop
      vertex 49.5506 -172.571 6
      vertex 49.24 -172.53 1.2
      vertex 49.5506 -172.571 1.2
    endloop
  endfacet
  facet normal 0.383028 -0.923737 0
    outer loop
      vertex 48.64 -172.691 1.2
      vertex 48.9294 -172.571 6
      vertex 48.64 -172.691 6
    endloop
  endfacet
  facet normal 0.383028 -0.923737 0
    outer loop
      vertex 48.9294 -172.571 6
      vertex 48.64 -172.691 1.2
      vertex 48.9294 -172.571 1.2
    endloop
  endfacet
  facet normal 0.923662 -0.383208 0
    outer loop
      vertex 48.0809 -173.419 6
      vertex 48.2008 -173.13 1.2
      vertex 48.2008 -173.13 6
    endloop
  endfacet
  facet normal 0.923662 -0.383208 0
    outer loop
      vertex 48.2008 -173.13 1.2
      vertex 48.0809 -173.419 6
      vertex 48.0809 -173.419 1.2
    endloop
  endfacet
  facet normal 0.607391 -0.794403 0
    outer loop
      vertex 48.3915 -172.881 1.2
      vertex 48.64 -172.691 6
      vertex 48.3915 -172.881 6
    endloop
  endfacet
  facet normal 0.607391 -0.794403 0
    outer loop
      vertex 48.64 -172.691 6
      vertex 48.3915 -172.881 1.2
      vertex 48.64 -172.691 1.2
    endloop
  endfacet
  facet normal -0.991463 0.130389 0
    outer loop
      vertex 50.3991 -174.041 1.2
      vertex 50.44 -173.73 6
      vertex 50.44 -173.73 1.2
    endloop
  endfacet
  facet normal -0.991463 0.130389 0
    outer loop
      vertex 50.44 -173.73 6
      vertex 50.3991 -174.041 1.2
      vertex 50.3991 -174.041 6
    endloop
  endfacet
  facet normal -0.607391 -0.794403 0
    outer loop
      vertex 49.84 -172.691 1.2
      vertex 50.0885 -172.881 6
      vertex 49.84 -172.691 6
    endloop
  endfacet
  facet normal -0.607391 -0.794403 -0
    outer loop
      vertex 50.0885 -172.881 6
      vertex 49.84 -172.691 1.2
      vertex 50.0885 -172.881 1.2
    endloop
  endfacet
  facet normal 0.130867 -0.9914 0
    outer loop
      vertex 48.9294 -172.571 1.2
      vertex 49.24 -172.53 6
      vertex 48.9294 -172.571 6
    endloop
  endfacet
  facet normal 0.130867 -0.9914 0
    outer loop
      vertex 49.24 -172.53 6
      vertex 48.9294 -172.571 1.2
      vertex 49.24 -172.53 1.2
    endloop
  endfacet
  facet normal -0.383028 -0.923737 0
    outer loop
      vertex 49.5506 -172.571 1.2
      vertex 49.84 -172.691 6
      vertex 49.5506 -172.571 6
    endloop
  endfacet
  facet normal -0.383028 -0.923737 -0
    outer loop
      vertex 49.84 -172.691 6
      vertex 49.5506 -172.571 1.2
      vertex 49.84 -172.691 1.2
    endloop
  endfacet
  facet normal 0.793914 -0.60803 0
    outer loop
      vertex 48.2008 -173.13 6
      vertex 48.3915 -172.881 1.2
      vertex 48.3915 -172.881 6
    endloop
  endfacet
  facet normal 0.793914 -0.60803 0
    outer loop
      vertex 48.3915 -172.881 1.2
      vertex 48.2008 -173.13 6
      vertex 48.2008 -173.13 1.2
    endloop
  endfacet
  facet normal -0.991463 -0.130389 0
    outer loop
      vertex 50.44 -173.73 1.2
      vertex 50.3991 -173.419 6
      vertex 50.3991 -173.419 1.2
    endloop
  endfacet
  facet normal -0.991463 -0.130389 0
    outer loop
      vertex 50.3991 -173.419 6
      vertex 50.44 -173.73 1.2
      vertex 50.44 -173.73 6
    endloop
  endfacet
  facet normal 0.607391 0.794403 -0
    outer loop
      vertex 48.64 -174.769 1.2
      vertex 48.3915 -174.579 6
      vertex 48.64 -174.769 6
    endloop
  endfacet
  facet normal 0.607391 0.794403 0
    outer loop
      vertex 48.3915 -174.579 6
      vertex 48.64 -174.769 1.2
      vertex 48.3915 -174.579 1.2
    endloop
  endfacet
  facet normal 0.923662 0.383208 0
    outer loop
      vertex 48.2008 -174.33 6
      vertex 48.0809 -174.041 1.2
      vertex 48.0809 -174.041 6
    endloop
  endfacet
  facet normal 0.923662 0.383208 0
    outer loop
      vertex 48.0809 -174.041 1.2
      vertex 48.2008 -174.33 6
      vertex 48.2008 -174.33 1.2
    endloop
  endfacet
  facet normal -0.383028 0.923737 0
    outer loop
      vertex 49.84 -174.769 1.2
      vertex 49.5506 -174.889 6
      vertex 49.84 -174.769 6
    endloop
  endfacet
  facet normal -0.383028 0.923737 0
    outer loop
      vertex 49.5506 -174.889 6
      vertex 49.84 -174.769 1.2
      vertex 49.5506 -174.889 1.2
    endloop
  endfacet
  facet normal -0.607391 0.794403 0
    outer loop
      vertex 50.0885 -174.579 1.2
      vertex 49.84 -174.769 6
      vertex 50.0885 -174.579 6
    endloop
  endfacet
  facet normal -0.607391 0.794403 0
    outer loop
      vertex 49.84 -174.769 6
      vertex 50.0885 -174.579 1.2
      vertex 49.84 -174.769 1.2
    endloop
  endfacet
  facet normal -0.923662 0.383208 0
    outer loop
      vertex 50.2792 -174.33 1.2
      vertex 50.3991 -174.041 6
      vertex 50.3991 -174.041 1.2
    endloop
  endfacet
  facet normal -0.923662 0.383208 0
    outer loop
      vertex 50.3991 -174.041 6
      vertex 50.2792 -174.33 1.2
      vertex 50.2792 -174.33 6
    endloop
  endfacet
  facet normal 0.793914 0.60803 0
    outer loop
      vertex 48.3915 -174.579 6
      vertex 48.2008 -174.33 1.2
      vertex 48.2008 -174.33 6
    endloop
  endfacet
  facet normal 0.793914 0.60803 0
    outer loop
      vertex 48.2008 -174.33 1.2
      vertex 48.3915 -174.579 6
      vertex 48.3915 -174.579 1.2
    endloop
  endfacet
  facet normal -0.130867 0.9914 0
    outer loop
      vertex 49.5506 -174.889 1.2
      vertex 49.24 -174.93 6
      vertex 49.5506 -174.889 6
    endloop
  endfacet
  facet normal -0.130867 0.9914 0
    outer loop
      vertex 49.24 -174.93 6
      vertex 49.5506 -174.889 1.2
      vertex 49.24 -174.93 1.2
    endloop
  endfacet
  facet normal 0.130867 0.9914 -0
    outer loop
      vertex 49.24 -174.93 1.2
      vertex 48.9294 -174.889 6
      vertex 49.24 -174.93 6
    endloop
  endfacet
  facet normal 0.130867 0.9914 0
    outer loop
      vertex 48.9294 -174.889 6
      vertex 49.24 -174.93 1.2
      vertex 48.9294 -174.889 1.2
    endloop
  endfacet
  facet normal -0.793914 0.60803 0
    outer loop
      vertex 50.0885 -174.579 1.2
      vertex 50.2792 -174.33 6
      vertex 50.2792 -174.33 1.2
    endloop
  endfacet
  facet normal -0.793914 0.60803 0
    outer loop
      vertex 50.2792 -174.33 6
      vertex 50.0885 -174.579 1.2
      vertex 50.0885 -174.579 6
    endloop
  endfacet
  facet normal 0.383028 0.923737 -0
    outer loop
      vertex 48.9294 -174.889 1.2
      vertex 48.64 -174.769 6
      vertex 48.9294 -174.889 6
    endloop
  endfacet
  facet normal 0.383028 0.923737 0
    outer loop
      vertex 48.64 -174.769 6
      vertex 48.9294 -174.889 1.2
      vertex 48.64 -174.769 1.2
    endloop
  endfacet
  facet normal -0.881949 -0.471345 0
    outer loop
      vertex 51.1801 -172.926 0
      vertex 50.9861 -172.563 1.2
      vertex 50.9861 -172.563 0
    endloop
  endfacet
  facet normal -0.881949 -0.471345 0
    outer loop
      vertex 50.9861 -172.563 1.2
      vertex 51.1801 -172.926 0
      vertex 51.1801 -172.926 1.2
    endloop
  endfacet
  facet normal -0.772743 -0.634719 0
    outer loop
      vertex 50.9861 -172.563 0
      vertex 50.7249 -172.245 1.2
      vertex 50.7249 -172.245 0
    endloop
  endfacet
  facet normal -0.772743 -0.634719 0
    outer loop
      vertex 50.7249 -172.245 1.2
      vertex 50.9861 -172.563 0
      vertex 50.9861 -172.563 1.2
    endloop
  endfacet
  facet normal -0.291423 -0.956594 0
    outer loop
      vertex 49.6497 -171.67 0
      vertex 50.0436 -171.79 1.2
      vertex 49.6497 -171.67 1.2
    endloop
  endfacet
  facet normal -0.291423 -0.956594 -0
    outer loop
      vertex 50.0436 -171.79 1.2
      vertex 49.6497 -171.67 0
      vertex 50.0436 -171.79 0
    endloop
  endfacet
  facet normal 0.291423 -0.956594 0
    outer loop
      vertex 48.4364 -171.79 0
      vertex 48.8303 -171.67 1.2
      vertex 48.4364 -171.79 1.2
    endloop
  endfacet
  facet normal 0.291423 -0.956594 0
    outer loop
      vertex 48.8303 -171.67 1.2
      vertex 48.4364 -171.79 0
      vertex 48.8303 -171.67 0
    endloop
  endfacet
  facet normal 0.881949 -0.471345 0
    outer loop
      vertex 47.2999 -172.926 1.2
      vertex 47.4939 -172.563 0
      vertex 47.4939 -172.563 1.2
    endloop
  endfacet
  facet normal 0.881949 -0.471345 0
    outer loop
      vertex 47.4939 -172.563 0
      vertex 47.2999 -172.926 1.2
      vertex 47.2999 -172.926 0
    endloop
  endfacet
  facet normal -0.99518 0.0980617 0
    outer loop
      vertex 51.2996 -174.14 0
      vertex 51.34 -173.73 1.2
      vertex 51.34 -173.73 0
    endloop
  endfacet
  facet normal -0.99518 0.0980617 0
    outer loop
      vertex 51.34 -173.73 1.2
      vertex 51.2996 -174.14 0
      vertex 51.2996 -174.14 1.2
    endloop
  endfacet
  facet normal -0.291423 0.956594 0
    outer loop
      vertex 50.0436 -175.67 0
      vertex 49.6497 -175.79 1.2
      vertex 50.0436 -175.67 1.2
    endloop
  endfacet
  facet normal -0.291423 0.956594 0
    outer loop
      vertex 49.6497 -175.79 1.2
      vertex 50.0436 -175.67 0
      vertex 49.6497 -175.79 0
    endloop
  endfacet
  facet normal -0.63419 -0.773177 0
    outer loop
      vertex 50.4067 -171.984 0
      vertex 50.7249 -172.245 1.2
      vertex 50.4067 -171.984 1.2
    endloop
  endfacet
  facet normal -0.63419 -0.773177 -0
    outer loop
      vertex 50.7249 -172.245 1.2
      vertex 50.4067 -171.984 0
      vertex 50.7249 -172.245 0
    endloop
  endfacet
  facet normal 0.0971704 -0.995268 0
    outer loop
      vertex 48.8303 -171.67 0
      vertex 49.24 -171.63 1.2
      vertex 48.8303 -171.67 1.2
    endloop
  endfacet
  facet normal 0.0971704 -0.995268 0
    outer loop
      vertex 49.24 -171.63 1.2
      vertex 48.8303 -171.67 0
      vertex 49.24 -171.63 0
    endloop
  endfacet
  facet normal -0.471244 -0.882003 0
    outer loop
      vertex 50.0436 -171.79 0
      vertex 50.4067 -171.984 1.2
      vertex 50.0436 -171.79 1.2
    endloop
  endfacet
  facet normal -0.471244 -0.882003 -0
    outer loop
      vertex 50.4067 -171.984 1.2
      vertex 50.0436 -171.79 0
      vertex 50.4067 -171.984 0
    endloop
  endfacet
  facet normal 0.99518 -0.0980617 0
    outer loop
      vertex 47.14 -173.73 1.2
      vertex 47.1804 -173.32 0
      vertex 47.1804 -173.32 1.2
    endloop
  endfacet
  facet normal 0.99518 -0.0980617 0
    outer loop
      vertex 47.1804 -173.32 0
      vertex 47.14 -173.73 1.2
      vertex 47.14 -173.73 0
    endloop
  endfacet
  facet normal 0.772743 -0.634719 0
    outer loop
      vertex 47.4939 -172.563 1.2
      vertex 47.7551 -172.245 0
      vertex 47.7551 -172.245 1.2
    endloop
  endfacet
  facet normal 0.772743 -0.634719 0
    outer loop
      vertex 47.7551 -172.245 0
      vertex 47.4939 -172.563 1.2
      vertex 47.4939 -172.563 0
    endloop
  endfacet
  facet normal 0.471244 -0.882003 0
    outer loop
      vertex 48.0733 -171.984 0
      vertex 48.4364 -171.79 1.2
      vertex 48.0733 -171.984 1.2
    endloop
  endfacet
  facet normal 0.471244 -0.882003 0
    outer loop
      vertex 48.4364 -171.79 1.2
      vertex 48.0733 -171.984 0
      vertex 48.4364 -171.79 0
    endloop
  endfacet
  facet normal 0.63419 -0.773177 0
    outer loop
      vertex 47.7551 -172.245 0
      vertex 48.0733 -171.984 1.2
      vertex 47.7551 -172.245 1.2
    endloop
  endfacet
  facet normal 0.63419 -0.773177 0
    outer loop
      vertex 48.0733 -171.984 1.2
      vertex 47.7551 -172.245 0
      vertex 48.0733 -171.984 0
    endloop
  endfacet
  facet normal -0.99518 -0.0980617 0
    outer loop
      vertex 51.34 -173.73 0
      vertex 51.2996 -173.32 1.2
      vertex 51.2996 -173.32 0
    endloop
  endfacet
  facet normal -0.99518 -0.0980617 0
    outer loop
      vertex 51.2996 -173.32 1.2
      vertex 51.34 -173.73 0
      vertex 51.34 -173.73 1.2
    endloop
  endfacet
  facet normal -0.956953 0.290243 0
    outer loop
      vertex 51.1801 -174.534 0
      vertex 51.2996 -174.14 1.2
      vertex 51.2996 -174.14 0
    endloop
  endfacet
  facet normal -0.956953 0.290243 0
    outer loop
      vertex 51.2996 -174.14 1.2
      vertex 51.1801 -174.534 0
      vertex 51.1801 -174.534 1.2
    endloop
  endfacet
  facet normal 0.63419 0.773177 -0
    outer loop
      vertex 48.0733 -175.476 0
      vertex 47.7551 -175.215 1.2
      vertex 48.0733 -175.476 1.2
    endloop
  endfacet
  facet normal 0.63419 0.773177 0
    outer loop
      vertex 47.7551 -175.215 1.2
      vertex 48.0733 -175.476 0
      vertex 47.7551 -175.215 0
    endloop
  endfacet
  facet normal 0.881949 0.471345 0
    outer loop
      vertex 47.4939 -174.897 1.2
      vertex 47.2999 -174.534 0
      vertex 47.2999 -174.534 1.2
    endloop
  endfacet
  facet normal 0.881949 0.471345 0
    outer loop
      vertex 47.2999 -174.534 0
      vertex 47.4939 -174.897 1.2
      vertex 47.4939 -174.897 0
    endloop
  endfacet
  facet normal -0.63419 0.773177 0
    outer loop
      vertex 50.7249 -175.215 0
      vertex 50.4067 -175.476 1.2
      vertex 50.7249 -175.215 1.2
    endloop
  endfacet
  facet normal -0.63419 0.773177 0
    outer loop
      vertex 50.4067 -175.476 1.2
      vertex 50.7249 -175.215 0
      vertex 50.4067 -175.476 0
    endloop
  endfacet
  facet normal -0.956953 -0.290243 0
    outer loop
      vertex 51.2996 -173.32 0
      vertex 51.1801 -172.926 1.2
      vertex 51.1801 -172.926 0
    endloop
  endfacet
  facet normal -0.956953 -0.290243 0
    outer loop
      vertex 51.1801 -172.926 1.2
      vertex 51.2996 -173.32 0
      vertex 51.2996 -173.32 1.2
    endloop
  endfacet
  facet normal -0.0971704 -0.995268 0
    outer loop
      vertex 49.24 -171.63 0
      vertex 49.6497 -171.67 1.2
      vertex 49.24 -171.63 1.2
    endloop
  endfacet
  facet normal -0.0971704 -0.995268 -0
    outer loop
      vertex 49.6497 -171.67 1.2
      vertex 49.24 -171.63 0
      vertex 49.6497 -171.67 0
    endloop
  endfacet
  facet normal 0 0 -1
    outer loop
      vertex 50.44 -173.73 1.2
      vertex 51.34 -173.73 1.2
      vertex 51.2996 -174.14 1.2
    endloop
  endfacet
  facet normal 0 0 -1
    outer loop
      vertex 50.3991 -174.041 1.2
      vertex 51.2996 -174.14 1.2
      vertex 51.1801 -174.534 1.2
    endloop
  endfacet
  facet normal 0 0 -1
    outer loop
      vertex 51.34 -173.73 1.2
      vertex 50.44 -173.73 1.2
      vertex 51.2996 -173.32 1.2
    endloop
  endfacet
  facet normal 0 0 -1
    outer loop
      vertex 50.2792 -174.33 1.2
      vertex 51.1801 -174.534 1.2
      vertex 50.9861 -174.897 1.2
    endloop
  endfacet
  facet normal 0 0 -1
    outer loop
      vertex 50.3991 -173.419 1.2
      vertex 51.2996 -173.32 1.2
      vertex 50.44 -173.73 1.2
    endloop
  endfacet
  facet normal 0 0 -1
    outer loop
      vertex 50.0885 -174.579 1.2
      vertex 50.9861 -174.897 1.2
      vertex 50.7249 -175.215 1.2
    endloop
  endfacet
  facet normal -0 0 -1
    outer loop
      vertex 51.2996 -173.32 1.2
      vertex 50.3991 -173.419 1.2
      vertex 51.1801 -172.926 1.2
    endloop
  endfacet
  facet normal 0 0 -1
    outer loop
      vertex 50.2792 -173.13 1.2
      vertex 51.1801 -172.926 1.2
      vertex 50.3991 -173.419 1.2
    endloop
  endfacet
  facet normal 0 0 -1
    outer loop
      vertex 50.0885 -174.579 1.2
      vertex 50.7249 -175.215 1.2
      vertex 50.4067 -175.476 1.2
    endloop
  endfacet
  facet normal 0 0 -1
    outer loop
      vertex 51.2996 -174.14 1.2
      vertex 50.3991 -174.041 1.2
      vertex 50.44 -173.73 1.2
    endloop
  endfacet
  facet normal 0 0 -1
    outer loop
      vertex 51.1801 -174.534 1.2
      vertex 50.2792 -174.33 1.2
      vertex 50.3991 -174.041 1.2
    endloop
  endfacet
  facet normal 0 0 -1
    outer loop
      vertex 50.9861 -174.897 1.2
      vertex 50.0885 -174.579 1.2
      vertex 50.2792 -174.33 1.2
    endloop
  endfacet
  facet normal 0 0 -1
    outer loop
      vertex 49.84 -174.769 1.2
      vertex 50.4067 -175.476 1.2
      vertex 50.0436 -175.67 1.2
    endloop
  endfacet
  facet normal 0 0 -1
    outer loop
      vertex 50.4067 -175.476 1.2
      vertex 49.84 -174.769 1.2
      vertex 50.0885 -174.579 1.2
    endloop
  endfacet
  facet normal 0 0 -1
    outer loop
      vertex 49.5506 -174.889 1.2
      vertex 50.0436 -175.67 1.2
      vertex 49.6497 -175.79 1.2
    endloop
  endfacet
  facet normal 0 0 -1
    outer loop
      vertex 50.0436 -175.67 1.2
      vertex 49.5506 -174.889 1.2
      vertex 49.84 -174.769 1.2
    endloop
  endfacet
  facet normal 0 0 -1
    outer loop
      vertex 49.24 -174.93 1.2
      vertex 49.6497 -175.79 1.2
      vertex 49.24 -175.83 1.2
    endloop
  endfacet
  facet normal 0 0 -1
    outer loop
      vertex 49.6497 -175.79 1.2
      vertex 49.24 -174.93 1.2
      vertex 49.5506 -174.889 1.2
    endloop
  endfacet
  facet normal 0 0 -1
    outer loop
      vertex 48.8303 -175.79 1.2
      vertex 49.24 -174.93 1.2
      vertex 49.24 -175.83 1.2
    endloop
  endfacet
  facet normal -0 0 -1
    outer loop
      vertex 49.24 -174.93 1.2
      vertex 48.8303 -175.79 1.2
      vertex 48.9294 -174.889 1.2
    endloop
  endfacet
  facet normal 0 0 -1
    outer loop
      vertex 48.4364 -175.67 1.2
      vertex 48.9294 -174.889 1.2
      vertex 48.8303 -175.79 1.2
    endloop
  endfacet
  facet normal -0 0 -1
    outer loop
      vertex 48.9294 -174.889 1.2
      vertex 48.4364 -175.67 1.2
      vertex 48.64 -174.769 1.2
    endloop
  endfacet
  facet normal 0 0 -1
    outer loop
      vertex 48.0733 -175.476 1.2
      vertex 48.64 -174.769 1.2
      vertex 48.4364 -175.67 1.2
    endloop
  endfacet
  facet normal -0 0 -1
    outer loop
      vertex 48.64 -174.769 1.2
      vertex 48.0733 -175.476 1.2
      vertex 48.3915 -174.579 1.2
    endloop
  endfacet
  facet normal 0 0 -1
    outer loop
      vertex 47.7551 -175.215 1.2
      vertex 48.3915 -174.579 1.2
      vertex 48.0733 -175.476 1.2
    endloop
  endfacet
  facet normal 0 0 -1
    outer loop
      vertex 47.4939 -174.897 1.2
      vertex 48.3915 -174.579 1.2
      vertex 47.7551 -175.215 1.2
    endloop
  endfacet
  facet normal -0 0 -1
    outer loop
      vertex 48.3915 -174.579 1.2
      vertex 47.4939 -174.897 1.2
      vertex 48.2008 -174.33 1.2
    endloop
  endfacet
  facet normal 0 0 -1
    outer loop
      vertex 47.2999 -174.534 1.2
      vertex 48.2008 -174.33 1.2
      vertex 47.4939 -174.897 1.2
    endloop
  endfacet
  facet normal -0 0 -1
    outer loop
      vertex 51.1801 -172.926 1.2
      vertex 50.2792 -173.13 1.2
      vertex 50.9861 -172.563 1.2
    endloop
  endfacet
  facet normal 0 0 -1
    outer loop
      vertex 50.0885 -172.881 1.2
      vertex 50.9861 -172.563 1.2
      vertex 50.2792 -173.13 1.2
    endloop
  endfacet
  facet normal -0 0 -1
    outer loop
      vertex 50.9861 -172.563 1.2
      vertex 50.0885 -172.881 1.2
      vertex 50.7249 -172.245 1.2
    endloop
  endfacet
  facet normal -0 0 -1
    outer loop
      vertex 50.7249 -172.245 1.2
      vertex 50.0885 -172.881 1.2
      vertex 50.4067 -171.984 1.2
    endloop
  endfacet
  facet normal 0 0 -1
    outer loop
      vertex 49.84 -172.691 1.2
      vertex 50.4067 -171.984 1.2
      vertex 50.0885 -172.881 1.2
    endloop
  endfacet
  facet normal -0 0 -1
    outer loop
      vertex 50.4067 -171.984 1.2
      vertex 49.84 -172.691 1.2
      vertex 50.0436 -171.79 1.2
    endloop
  endfacet
  facet normal 0 0 -1
    outer loop
      vertex 49.5506 -172.571 1.2
      vertex 50.0436 -171.79 1.2
      vertex 49.84 -172.691 1.2
    endloop
  endfacet
  facet normal -0 0 -1
    outer loop
      vertex 50.0436 -171.79 1.2
      vertex 49.5506 -172.571 1.2
      vertex 49.6497 -171.67 1.2
    endloop
  endfacet
  facet normal 0 0 -1
    outer loop
      vertex 49.24 -172.53 1.2
      vertex 49.6497 -171.67 1.2
      vertex 49.5506 -172.571 1.2
    endloop
  endfacet
  facet normal 0 0 -1
    outer loop
      vertex 49.24 -172.53 1.2
      vertex 49.24 -171.63 1.2
      vertex 49.6497 -171.67 1.2
    endloop
  endfacet
  facet normal 0 0 -1
    outer loop
      vertex 48.8303 -171.67 1.2
      vertex 49.24 -172.53 1.2
      vertex 48.9294 -172.571 1.2
    endloop
  endfacet
  facet normal 0 0 -1
    outer loop
      vertex 49.24 -172.53 1.2
      vertex 48.8303 -171.67 1.2
      vertex 49.24 -171.63 1.2
    endloop
  endfacet
  facet normal 0 0 -1
    outer loop
      vertex 48.4364 -171.79 1.2
      vertex 48.9294 -172.571 1.2
      vertex 48.64 -172.691 1.2
    endloop
  endfacet
  facet normal 0 0 -1
    outer loop
      vertex 48.9294 -172.571 1.2
      vertex 48.4364 -171.79 1.2
      vertex 48.8303 -171.67 1.2
    endloop
  endfacet
  facet normal 0 0 -1
    outer loop
      vertex 48.0733 -171.984 1.2
      vertex 48.64 -172.691 1.2
      vertex 48.3915 -172.881 1.2
    endloop
  endfacet
  facet normal 0 0 -1
    outer loop
      vertex 47.4939 -172.563 1.2
      vertex 48.3915 -172.881 1.2
      vertex 48.2008 -173.13 1.2
    endloop
  endfacet
  facet normal 0 0 -1
    outer loop
      vertex 47.2999 -172.926 1.2
      vertex 48.2008 -173.13 1.2
      vertex 48.0809 -173.419 1.2
    endloop
  endfacet
  facet normal 0 0 -1
    outer loop
      vertex 48.64 -172.691 1.2
      vertex 48.0733 -171.984 1.2
      vertex 48.4364 -171.79 1.2
    endloop
  endfacet
  facet normal 0 0 -1
    outer loop
      vertex 47.1804 -173.32 1.2
      vertex 48.0809 -173.419 1.2
      vertex 48.04 -173.73 1.2
    endloop
  endfacet
  facet normal -0 0 -1
    outer loop
      vertex 48.2008 -174.33 1.2
      vertex 47.2999 -174.534 1.2
      vertex 48.0809 -174.041 1.2
    endloop
  endfacet
  facet normal 0 0 -1
    outer loop
      vertex 48.3915 -172.881 1.2
      vertex 47.7551 -172.245 1.2
      vertex 48.0733 -171.984 1.2
    endloop
  endfacet
  facet normal 0 0 -1
    outer loop
      vertex 47.1804 -174.14 1.2
      vertex 48.0809 -174.041 1.2
      vertex 47.2999 -174.534 1.2
    endloop
  endfacet
  facet normal 0 0 -1
    outer loop
      vertex 48.3915 -172.881 1.2
      vertex 47.4939 -172.563 1.2
      vertex 47.7551 -172.245 1.2
    endloop
  endfacet
  facet normal -0 0 -1
    outer loop
      vertex 48.0809 -174.041 1.2
      vertex 47.1804 -174.14 1.2
      vertex 48.04 -173.73 1.2
    endloop
  endfacet
  facet normal 0 0 -1
    outer loop
      vertex 48.2008 -173.13 1.2
      vertex 47.2999 -172.926 1.2
      vertex 47.4939 -172.563 1.2
    endloop
  endfacet
  facet normal 0 0 -1
    outer loop
      vertex 47.14 -173.73 1.2
      vertex 48.04 -173.73 1.2
      vertex 47.1804 -174.14 1.2
    endloop
  endfacet
  facet normal 0 0 -1
    outer loop
      vertex 48.0809 -173.419 1.2
      vertex 47.1804 -173.32 1.2
      vertex 47.2999 -172.926 1.2
    endloop
  endfacet
  facet normal 0 0 -1
    outer loop
      vertex 48.04 -173.73 1.2
      vertex 47.14 -173.73 1.2
      vertex 47.1804 -173.32 1.2
    endloop
  endfacet
  facet normal 0.956953 -0.290243 0
    outer loop
      vertex 47.1804 -173.32 1.2
      vertex 47.2999 -172.926 0
      vertex 47.2999 -172.926 1.2
    endloop
  endfacet
  facet normal 0.956953 -0.290243 0
    outer loop
      vertex 47.2999 -172.926 0
      vertex 47.1804 -173.32 1.2
      vertex 47.1804 -173.32 0
    endloop
  endfacet
  facet normal -0.881949 0.471345 0
    outer loop
      vertex 50.9861 -174.897 0
      vertex 51.1801 -174.534 1.2
      vertex 51.1801 -174.534 0
    endloop
  endfacet
  facet normal -0.881949 0.471345 0
    outer loop
      vertex 51.1801 -174.534 1.2
      vertex 50.9861 -174.897 0
      vertex 50.9861 -174.897 1.2
    endloop
  endfacet
  facet normal 0.99518 0.0980617 0
    outer loop
      vertex 47.1804 -174.14 1.2
      vertex 47.14 -173.73 0
      vertex 47.14 -173.73 1.2
    endloop
  endfacet
  facet normal 0.99518 0.0980617 0
    outer loop
      vertex 47.14 -173.73 0
      vertex 47.1804 -174.14 1.2
      vertex 47.1804 -174.14 0
    endloop
  endfacet
  facet normal 0.772743 0.634719 0
    outer loop
      vertex 47.7551 -175.215 1.2
      vertex 47.4939 -174.897 0
      vertex 47.4939 -174.897 1.2
    endloop
  endfacet
  facet normal 0.772743 0.634719 0
    outer loop
      vertex 47.4939 -174.897 0
      vertex 47.7551 -175.215 1.2
      vertex 47.7551 -175.215 0
    endloop
  endfacet
  facet normal -0.471244 0.882003 0
    outer loop
      vertex 50.4067 -175.476 0
      vertex 50.0436 -175.67 1.2
      vertex 50.4067 -175.476 1.2
    endloop
  endfacet
  facet normal -0.471244 0.882003 0
    outer loop
      vertex 50.0436 -175.67 1.2
      vertex 50.4067 -175.476 0
      vertex 50.0436 -175.67 0
    endloop
  endfacet
  facet normal -0.0971704 0.995268 0
    outer loop
      vertex 49.6497 -175.79 0
      vertex 49.24 -175.83 1.2
      vertex 49.6497 -175.79 1.2
    endloop
  endfacet
  facet normal -0.0971704 0.995268 0
    outer loop
      vertex 49.24 -175.83 1.2
      vertex 49.6497 -175.79 0
      vertex 49.24 -175.83 0
    endloop
  endfacet
  facet normal 0.956953 0.290243 0
    outer loop
      vertex 47.2999 -174.534 1.2
      vertex 47.1804 -174.14 0
      vertex 47.1804 -174.14 1.2
    endloop
  endfacet
  facet normal 0.956953 0.290243 0
    outer loop
      vertex 47.1804 -174.14 0
      vertex 47.2999 -174.534 1.2
      vertex 47.2999 -174.534 0
    endloop
  endfacet
  facet normal -0.772743 0.634719 0
    outer loop
      vertex 50.7249 -175.215 0
      vertex 50.9861 -174.897 1.2
      vertex 50.9861 -174.897 0
    endloop
  endfacet
  facet normal -0.772743 0.634719 0
    outer loop
      vertex 50.9861 -174.897 1.2
      vertex 50.7249 -175.215 0
      vertex 50.7249 -175.215 1.2
    endloop
  endfacet
  facet normal 0.291423 0.956594 -0
    outer loop
      vertex 48.8303 -175.79 0
      vertex 48.4364 -175.67 1.2
      vertex 48.8303 -175.79 1.2
    endloop
  endfacet
  facet normal 0.291423 0.956594 0
    outer loop
      vertex 48.4364 -175.67 1.2
      vertex 48.8303 -175.79 0
      vertex 48.4364 -175.67 0
    endloop
  endfacet
  facet normal 0.471244 0.882003 -0
    outer loop
      vertex 48.4364 -175.67 0
      vertex 48.0733 -175.476 1.2
      vertex 48.4364 -175.67 1.2
    endloop
  endfacet
  facet normal 0.471244 0.882003 0
    outer loop
      vertex 48.0733 -175.476 1.2
      vertex 48.4364 -175.67 0
      vertex 48.0733 -175.476 0
    endloop
  endfacet
  facet normal 0.0971704 0.995268 -0
    outer loop
      vertex 49.24 -175.83 0
      vertex 48.8303 -175.79 1.2
      vertex 49.24 -175.83 1.2
    endloop
  endfacet
  facet normal 0.0971704 0.995268 0
    outer loop
      vertex 48.8303 -175.79 1.2
      vertex 49.24 -175.83 0
      vertex 48.8303 -175.79 0
    endloop
  endfacet
  facet normal 0.923868 0.382711 0
    outer loop
      vertex 42.4544 -117.88 1.5
      vertex 42.2945 -117.494 0
      vertex 42.2945 -117.494 1.5
    endloop
  endfacet
  facet normal 0.923868 0.382711 0
    outer loop
      vertex 42.2945 -117.494 0
      vertex 42.4544 -117.88 1.5
      vertex 42.4544 -117.88 0
    endloop
  endfacet
  facet normal 0.991446 -0.130516 0
    outer loop
      vertex 42.24 -117.08 1.5
      vertex 42.2945 -116.666 0
      vertex 42.2945 -116.666 1.5
    endloop
  endfacet
  facet normal 0.991446 -0.130516 0
    outer loop
      vertex 42.2945 -116.666 0
      vertex 42.24 -117.08 1.5
      vertex 42.24 -117.08 0
    endloop
  endfacet
  facet normal -0.991446 -0.130516 0
    outer loop
      vertex 48.74 -117.08 0
      vertex 48.6855 -116.666 1.5
      vertex 48.6855 -116.666 0
    endloop
  endfacet
  facet normal -0.991446 -0.130516 0
    outer loop
      vertex 48.6855 -116.666 1.5
      vertex 48.74 -117.08 0
      vertex 48.74 -117.08 1.5
    endloop
  endfacet
  facet normal 0.991446 0.130516 0
    outer loop
      vertex 42.2945 -117.494 1.5
      vertex 42.24 -117.08 0
      vertex 42.24 -117.08 1.5
    endloop
  endfacet
  facet normal 0.991446 0.130516 0
    outer loop
      vertex 42.24 -117.08 0
      vertex 42.2945 -117.494 1.5
      vertex 42.2945 -117.494 0
    endloop
  endfacet
  facet normal 0 -1 0
    outer loop
      vertex 43.84 -115.48 0
      vertex 47.14 -115.48 1.5
      vertex 43.84 -115.48 1.5
    endloop
  endfacet
  facet normal 0 -1 -0
    outer loop
      vertex 47.14 -115.48 1.5
      vertex 43.84 -115.48 0
      vertex 47.14 -115.48 0
    endloop
  endfacet
  facet normal 0.609826 -0.792535 0
    outer loop
      vertex 42.7086 -115.949 0
      vertex 43.04 -115.694 1.5
      vertex 42.7086 -115.949 1.5
    endloop
  endfacet
  facet normal 0.609826 -0.792535 0
    outer loop
      vertex 43.04 -115.694 1.5
      vertex 42.7086 -115.949 0
      vertex 43.04 -115.694 0
    endloop
  endfacet
  facet normal -0.380955 -0.924594 0
    outer loop
      vertex 47.5541 -115.535 0
      vertex 47.94 -115.694 1.5
      vertex 47.5541 -115.535 1.5
    endloop
  endfacet
  facet normal -0.380955 -0.924594 -0
    outer loop
      vertex 47.94 -115.694 1.5
      vertex 47.5541 -115.535 0
      vertex 47.94 -115.694 0
    endloop
  endfacet
  facet normal -0.131662 -0.991295 0
    outer loop
      vertex 47.14 -115.48 0
      vertex 47.5541 -115.535 1.5
      vertex 47.14 -115.48 1.5
    endloop
  endfacet
  facet normal -0.131662 -0.991295 -0
    outer loop
      vertex 47.5541 -115.535 1.5
      vertex 47.14 -115.48 0
      vertex 47.5541 -115.535 0
    endloop
  endfacet
  facet normal -0.793105 0.609085 0
    outer loop
      vertex 48.2714 -118.211 0
      vertex 48.5256 -117.88 1.5
      vertex 48.5256 -117.88 0
    endloop
  endfacet
  facet normal -0.793105 0.609085 0
    outer loop
      vertex 48.5256 -117.88 1.5
      vertex 48.2714 -118.211 0
      vertex 48.2714 -118.211 1.5
    endloop
  endfacet
  facet normal -0.380955 0.924594 0
    outer loop
      vertex 47.94 -118.466 0
      vertex 47.5541 -118.625 1.5
      vertex 47.94 -118.466 1.5
    endloop
  endfacet
  facet normal -0.380955 0.924594 0
    outer loop
      vertex 47.5541 -118.625 1.5
      vertex 47.94 -118.466 0
      vertex 47.5541 -118.625 0
    endloop
  endfacet
  facet normal -0.923868 0.382711 0
    outer loop
      vertex 48.5256 -117.88 0
      vertex 48.6855 -117.494 1.5
      vertex 48.6855 -117.494 0
    endloop
  endfacet
  facet normal -0.923868 0.382711 0
    outer loop
      vertex 48.6855 -117.494 1.5
      vertex 48.5256 -117.88 0
      vertex 48.5256 -117.88 1.5
    endloop
  endfacet
  facet normal 0.131662 0.991295 -0
    outer loop
      vertex 43.84 -118.68 0
      vertex 43.4259 -118.625 1.5
      vertex 43.84 -118.68 1.5
    endloop
  endfacet
  facet normal 0.131662 0.991295 0
    outer loop
      vertex 43.4259 -118.625 1.5
      vertex 43.84 -118.68 0
      vertex 43.4259 -118.625 0
    endloop
  endfacet
  facet normal -0.793105 -0.609085 0
    outer loop
      vertex 48.5256 -116.28 0
      vertex 48.2714 -115.949 1.5
      vertex 48.2714 -115.949 0
    endloop
  endfacet
  facet normal -0.793105 -0.609085 0
    outer loop
      vertex 48.2714 -115.949 1.5
      vertex 48.5256 -116.28 0
      vertex 48.5256 -116.28 1.5
    endloop
  endfacet
  facet normal -0.923868 -0.382711 0
    outer loop
      vertex 48.6855 -116.666 0
      vertex 48.5256 -116.28 1.5
      vertex 48.5256 -116.28 0
    endloop
  endfacet
  facet normal -0.923868 -0.382711 0
    outer loop
      vertex 48.5256 -116.28 1.5
      vertex 48.6855 -116.666 0
      vertex 48.6855 -116.666 1.5
    endloop
  endfacet
  facet normal -0.609826 -0.792535 0
    outer loop
      vertex 47.94 -115.694 0
      vertex 48.2714 -115.949 1.5
      vertex 47.94 -115.694 1.5
    endloop
  endfacet
  facet normal -0.609826 -0.792535 -0
    outer loop
      vertex 48.2714 -115.949 1.5
      vertex 47.94 -115.694 0
      vertex 48.2714 -115.949 0
    endloop
  endfacet
  facet normal 0.380955 -0.924594 0
    outer loop
      vertex 43.04 -115.694 0
      vertex 43.4259 -115.535 1.5
      vertex 43.04 -115.694 1.5
    endloop
  endfacet
  facet normal 0.380955 -0.924594 0
    outer loop
      vertex 43.4259 -115.535 1.5
      vertex 43.04 -115.694 0
      vertex 43.4259 -115.535 0
    endloop
  endfacet
  facet normal 0.131662 -0.991295 0
    outer loop
      vertex 43.4259 -115.535 0
      vertex 43.84 -115.48 1.5
      vertex 43.4259 -115.535 1.5
    endloop
  endfacet
  facet normal 0.131662 -0.991295 0
    outer loop
      vertex 43.84 -115.48 1.5
      vertex 43.4259 -115.535 0
      vertex 43.84 -115.48 0
    endloop
  endfacet
  facet normal 0.793105 -0.609085 0
    outer loop
      vertex 42.4544 -116.28 1.5
      vertex 42.7086 -115.949 0
      vertex 42.7086 -115.949 1.5
    endloop
  endfacet
  facet normal 0.793105 -0.609085 0
    outer loop
      vertex 42.7086 -115.949 0
      vertex 42.4544 -116.28 1.5
      vertex 42.4544 -116.28 0
    endloop
  endfacet
  facet normal 0.923868 -0.382711 0
    outer loop
      vertex 42.2945 -116.666 1.5
      vertex 42.4544 -116.28 0
      vertex 42.4544 -116.28 1.5
    endloop
  endfacet
  facet normal 0.923868 -0.382711 0
    outer loop
      vertex 42.4544 -116.28 0
      vertex 42.2945 -116.666 1.5
      vertex 42.2945 -116.666 0
    endloop
  endfacet
  facet normal -0.609826 0.792535 0
    outer loop
      vertex 48.2714 -118.211 0
      vertex 47.94 -118.466 1.5
      vertex 48.2714 -118.211 1.5
    endloop
  endfacet
  facet normal -0.609826 0.792535 0
    outer loop
      vertex 47.94 -118.466 1.5
      vertex 48.2714 -118.211 0
      vertex 47.94 -118.466 0
    endloop
  endfacet
  facet normal -0.991446 0.130516 0
    outer loop
      vertex 48.6855 -117.494 0
      vertex 48.74 -117.08 1.5
      vertex 48.74 -117.08 0
    endloop
  endfacet
  facet normal -0.991446 0.130516 0
    outer loop
      vertex 48.74 -117.08 1.5
      vertex 48.6855 -117.494 0
      vertex 48.6855 -117.494 1.5
    endloop
  endfacet
  facet normal 0 1 -0
    outer loop
      vertex 47.14 -118.68 0
      vertex 43.84 -118.68 1.5
      vertex 47.14 -118.68 1.5
    endloop
  endfacet
  facet normal 0 1 0
    outer loop
      vertex 43.84 -118.68 1.5
      vertex 47.14 -118.68 0
      vertex 43.84 -118.68 0
    endloop
  endfacet
  facet normal 0.380955 0.924594 -0
    outer loop
      vertex 43.4259 -118.625 0
      vertex 43.04 -118.466 1.5
      vertex 43.4259 -118.625 1.5
    endloop
  endfacet
  facet normal 0.380955 0.924594 0
    outer loop
      vertex 43.04 -118.466 1.5
      vertex 43.4259 -118.625 0
      vertex 43.04 -118.466 0
    endloop
  endfacet
  facet normal 0.793105 0.609085 0
    outer loop
      vertex 42.7086 -118.211 1.5
      vertex 42.4544 -117.88 0
      vertex 42.4544 -117.88 1.5
    endloop
  endfacet
  facet normal 0.793105 0.609085 0
    outer loop
      vertex 42.4544 -117.88 0
      vertex 42.7086 -118.211 1.5
      vertex 42.7086 -118.211 0
    endloop
  endfacet
  facet normal -0.131662 0.991295 0
    outer loop
      vertex 47.5541 -118.625 0
      vertex 47.14 -118.68 1.5
      vertex 47.5541 -118.625 1.5
    endloop
  endfacet
  facet normal -0.131662 0.991295 0
    outer loop
      vertex 47.14 -118.68 1.5
      vertex 47.5541 -118.625 0
      vertex 47.14 -118.68 0
    endloop
  endfacet
  facet normal 0.609826 0.792535 -0
    outer loop
      vertex 43.04 -118.466 0
      vertex 42.7086 -118.211 1.5
      vertex 43.04 -118.466 1.5
    endloop
  endfacet
  facet normal 0.609826 0.792535 0
    outer loop
      vertex 42.7086 -118.211 1.5
      vertex 43.04 -118.466 0
      vertex 42.7086 -118.211 0
    endloop
  endfacet
endsolid OpenSCAD_Model
