solid OpenSCAD_Model
  facet normal 0 0 1
    outer loop
      vertex 0.724436 -11.8559 0.599999
      vertex 0.724436 -12.2441 0.599999
      vertex 0.749994 -12.05 0.599999
    endloop
  endfacet
  facet normal 0 0 1
    outer loop
      vertex 0.6495 -11.675 0.599999
      vertex 0.724436 -12.2441 0.599999
      vertex 0.724436 -11.8559 0.599999
    endloop
  endfacet
  facet normal 0 0 1
    outer loop
      vertex 0.6495 -11.675 0.599999
      vertex 0.6495 -12.425 0.599999
      vertex 0.724436 -12.2441 0.599999
    endloop
  endfacet
  facet normal 0 0 1
    outer loop
      vertex 0.530313 -11.5197 0.599999
      vertex 0.6495 -12.425 0.599999
      vertex 0.6495 -11.675 0.599999
    endloop
  endfacet
  facet normal 0 0 1
    outer loop
      vertex 0.530313 -11.5197 0.599999
      vertex 0.530313 -12.5803 0.599999
      vertex 0.6495 -12.425 0.599999
    endloop
  endfacet
  facet normal 0 0 1
    outer loop
      vertex 0.374994 -11.4005 0.599999
      vertex 0.530313 -12.5803 0.599999
      vertex 0.530313 -11.5197 0.599999
    endloop
  endfacet
  facet normal 0 0 1
    outer loop
      vertex 0.374994 -11.4005 0.599999
      vertex 0.374994 -12.6995 0.599999
      vertex 0.530313 -12.5803 0.599999
    endloop
  endfacet
  facet normal 0 0 1
    outer loop
      vertex 0.194101 -11.3256 0.599999
      vertex 0.374994 -12.6995 0.599999
      vertex 0.374994 -11.4005 0.599999
    endloop
  endfacet
  facet normal 0 0 1
    outer loop
      vertex 0.194101 -11.3256 0.599999
      vertex 0.194101 -12.7744 0.599999
      vertex 0.374994 -12.6995 0.599999
    endloop
  endfacet
  facet normal 0 0 1
    outer loop
      vertex -4.76837e-06 -11.3 0.599999
      vertex 0.194101 -12.7744 0.599999
      vertex 0.194101 -11.3256 0.599999
    endloop
  endfacet
  facet normal 0 0 1
    outer loop
      vertex -4.76837e-06 -11.3 0.599999
      vertex -4.76837e-06 -12.8 0.599999
      vertex 0.194101 -12.7744 0.599999
    endloop
  endfacet
  facet normal -0 0 1
    outer loop
      vertex -0.194112 -11.3256 0.599999
      vertex -4.76837e-06 -12.8 0.599999
      vertex -4.76837e-06 -11.3 0.599999
    endloop
  endfacet
  facet normal 0 0 1
    outer loop
      vertex -0.194112 -11.3256 0.599999
      vertex -0.194112 -12.7744 0.599999
      vertex -4.76837e-06 -12.8 0.599999
    endloop
  endfacet
  facet normal -0 0 1
    outer loop
      vertex -0.375005 -11.4005 0.599999
      vertex -0.194112 -12.7744 0.599999
      vertex -0.194112 -11.3256 0.599999
    endloop
  endfacet
  facet normal 0 0 1
    outer loop
      vertex -0.375005 -11.4005 0.599999
      vertex -0.375005 -12.6995 0.599999
      vertex -0.194112 -12.7744 0.599999
    endloop
  endfacet
  facet normal -0 0 1
    outer loop
      vertex -0.530324 -11.5197 0.599999
      vertex -0.375005 -12.6995 0.599999
      vertex -0.375005 -11.4005 0.599999
    endloop
  endfacet
  facet normal 0 0 1
    outer loop
      vertex -0.530324 -11.5197 0.599999
      vertex -0.530324 -12.5803 0.599999
      vertex -0.375005 -12.6995 0.599999
    endloop
  endfacet
  facet normal -0 0 1
    outer loop
      vertex -0.64951 -11.675 0.599999
      vertex -0.530324 -12.5803 0.599999
      vertex -0.530324 -11.5197 0.599999
    endloop
  endfacet
  facet normal 0 0 1
    outer loop
      vertex -0.64951 -11.675 0.599999
      vertex -0.64951 -12.425 0.599999
      vertex -0.530324 -12.5803 0.599999
    endloop
  endfacet
  facet normal -0 0 1
    outer loop
      vertex -0.724446 -11.8559 0.599999
      vertex -0.64951 -12.425 0.599999
      vertex -0.64951 -11.675 0.599999
    endloop
  endfacet
  facet normal 0 0 1
    outer loop
      vertex -0.724446 -11.8559 0.599999
      vertex -0.724446 -12.2441 0.599999
      vertex -0.64951 -12.425 0.599999
    endloop
  endfacet
  facet normal 0 -0 1
    outer loop
      vertex -0.724446 -12.2441 0.599999
      vertex -0.724446 -11.8559 0.599999
      vertex -0.750005 -12.05 0.599999
    endloop
  endfacet
  facet normal 0 0 1
    outer loop
      vertex 12.7744 0.194099 0.599999
      vertex 12.7744 -0.194114 0.599999
      vertex 12.8 -6.67572e-06 0.599999
    endloop
  endfacet
  facet normal 0 0 1
    outer loop
      vertex 12.6995 0.374992 0.599999
      vertex 12.7744 -0.194114 0.599999
      vertex 12.7744 0.194099 0.599999
    endloop
  endfacet
  facet normal 0 0 1
    outer loop
      vertex 12.6995 0.374992 0.599999
      vertex 12.6995 -0.375007 0.599999
      vertex 12.7744 -0.194114 0.599999
    endloop
  endfacet
  facet normal 0 0 1
    outer loop
      vertex 12.5803 0.530312 0.599999
      vertex 12.6995 -0.375007 0.599999
      vertex 12.6995 0.374992 0.599999
    endloop
  endfacet
  facet normal 0 0 1
    outer loop
      vertex 12.5803 0.530312 0.599999
      vertex 12.5803 -0.530326 0.599999
      vertex 12.6995 -0.375007 0.599999
    endloop
  endfacet
  facet normal 0 0 1
    outer loop
      vertex 12.425 0.649498 0.599999
      vertex 12.5803 -0.530326 0.599999
      vertex 12.5803 0.530312 0.599999
    endloop
  endfacet
  facet normal 0 0 1
    outer loop
      vertex 12.425 0.649498 0.599999
      vertex 12.425 -0.649512 0.599999
      vertex 12.5803 -0.530326 0.599999
    endloop
  endfacet
  facet normal 0 0 1
    outer loop
      vertex 12.2441 0.724434 0.599999
      vertex 12.425 -0.649512 0.599999
      vertex 12.425 0.649498 0.599999
    endloop
  endfacet
  facet normal 0 0 1
    outer loop
      vertex 12.2441 0.724434 0.599999
      vertex 12.2441 -0.724448 0.599999
      vertex 12.425 -0.649512 0.599999
    endloop
  endfacet
  facet normal 0 0 1
    outer loop
      vertex 12.05 0.749992 0.599999
      vertex 12.2441 -0.724448 0.599999
      vertex 12.2441 0.724434 0.599999
    endloop
  endfacet
  facet normal 0 0 1
    outer loop
      vertex 12.05 0.749992 0.599999
      vertex 12.05 -0.750007 0.599999
      vertex 12.2441 -0.724448 0.599999
    endloop
  endfacet
  facet normal -0 0 1
    outer loop
      vertex 11.8559 0.724434 0.599999
      vertex 12.05 -0.750007 0.599999
      vertex 12.05 0.749992 0.599999
    endloop
  endfacet
  facet normal 0 0 1
    outer loop
      vertex 11.8559 0.724434 0.599999
      vertex 11.8559 -0.724448 0.599999
      vertex 12.05 -0.750007 0.599999
    endloop
  endfacet
  facet normal -0 0 1
    outer loop
      vertex 11.675 0.649498 0.599999
      vertex 11.8559 -0.724448 0.599999
      vertex 11.8559 0.724434 0.599999
    endloop
  endfacet
  facet normal 0 0 1
    outer loop
      vertex 11.675 0.649498 0.599999
      vertex 11.675 -0.649512 0.599999
      vertex 11.8559 -0.724448 0.599999
    endloop
  endfacet
  facet normal -0 0 1
    outer loop
      vertex 11.5197 0.530312 0.599999
      vertex 11.675 -0.649512 0.599999
      vertex 11.675 0.649498 0.599999
    endloop
  endfacet
  facet normal 0 0 1
    outer loop
      vertex 11.5197 0.530312 0.599999
      vertex 11.5197 -0.530326 0.599999
      vertex 11.675 -0.649512 0.599999
    endloop
  endfacet
  facet normal -0 0 1
    outer loop
      vertex 11.4005 0.374992 0.599999
      vertex 11.5197 -0.530326 0.599999
      vertex 11.5197 0.530312 0.599999
    endloop
  endfacet
  facet normal 0 0 1
    outer loop
      vertex 11.4005 0.374992 0.599999
      vertex 11.4005 -0.375007 0.599999
      vertex 11.5197 -0.530326 0.599999
    endloop
  endfacet
  facet normal -0 0 1
    outer loop
      vertex 11.3255 0.194099 0.599999
      vertex 11.4005 -0.375007 0.599999
      vertex 11.4005 0.374992 0.599999
    endloop
  endfacet
  facet normal 0 0 1
    outer loop
      vertex 11.3255 0.194099 0.599999
      vertex 11.3255 -0.194114 0.599999
      vertex 11.4005 -0.375007 0.599999
    endloop
  endfacet
  facet normal 0 -0 1
    outer loop
      vertex 11.3255 -0.194114 0.599999
      vertex 11.3255 0.194099 0.599999
      vertex 11.3 -6.67572e-06 0.599999
    endloop
  endfacet
  facet normal 0 0 1
    outer loop
      vertex -11.3256 0.194099 0.599999
      vertex -11.3256 -0.194114 0.599999
      vertex -11.3 -6.67572e-06 0.599999
    endloop
  endfacet
  facet normal 0 0 1
    outer loop
      vertex -11.4005 0.374992 0.599999
      vertex -11.3256 -0.194114 0.599999
      vertex -11.3256 0.194099 0.599999
    endloop
  endfacet
  facet normal 0 0 1
    outer loop
      vertex -11.4005 0.374992 0.599999
      vertex -11.4005 -0.375007 0.599999
      vertex -11.3256 -0.194114 0.599999
    endloop
  endfacet
  facet normal 0 0 1
    outer loop
      vertex -11.5197 0.530312 0.599999
      vertex -11.4005 -0.375007 0.599999
      vertex -11.4005 0.374992 0.599999
    endloop
  endfacet
  facet normal 0 0 1
    outer loop
      vertex -11.5197 0.530312 0.599999
      vertex -11.5197 -0.530326 0.599999
      vertex -11.4005 -0.375007 0.599999
    endloop
  endfacet
  facet normal 0 0 1
    outer loop
      vertex -11.675 0.649498 0.599999
      vertex -11.5197 -0.530326 0.599999
      vertex -11.5197 0.530312 0.599999
    endloop
  endfacet
  facet normal 0 0 1
    outer loop
      vertex -11.675 0.649498 0.599999
      vertex -11.675 -0.649512 0.599999
      vertex -11.5197 -0.530326 0.599999
    endloop
  endfacet
  facet normal 0 0 1
    outer loop
      vertex -11.8559 0.724434 0.599999
      vertex -11.675 -0.649512 0.599999
      vertex -11.675 0.649498 0.599999
    endloop
  endfacet
  facet normal 0 0 1
    outer loop
      vertex -11.8559 0.724434 0.599999
      vertex -11.8559 -0.724448 0.599999
      vertex -11.675 -0.649512 0.599999
    endloop
  endfacet
  facet normal 0 0 1
    outer loop
      vertex -12.05 0.749992 0.599999
      vertex -11.8559 -0.724448 0.599999
      vertex -11.8559 0.724434 0.599999
    endloop
  endfacet
  facet normal 0 0 1
    outer loop
      vertex -12.05 0.749992 0.599999
      vertex -12.05 -0.750007 0.599999
      vertex -11.8559 -0.724448 0.599999
    endloop
  endfacet
  facet normal -0 0 1
    outer loop
      vertex -12.2441 0.724434 0.599999
      vertex -12.05 -0.750007 0.599999
      vertex -12.05 0.749992 0.599999
    endloop
  endfacet
  facet normal 0 0 1
    outer loop
      vertex -12.2441 0.724434 0.599999
      vertex -12.2441 -0.724448 0.599999
      vertex -12.05 -0.750007 0.599999
    endloop
  endfacet
  facet normal -0 0 1
    outer loop
      vertex -12.425 0.649498 0.599999
      vertex -12.2441 -0.724448 0.599999
      vertex -12.2441 0.724434 0.599999
    endloop
  endfacet
  facet normal 0 0 1
    outer loop
      vertex -12.425 0.649498 0.599999
      vertex -12.425 -0.649512 0.599999
      vertex -12.2441 -0.724448 0.599999
    endloop
  endfacet
  facet normal -0 0 1
    outer loop
      vertex -12.5803 0.530312 0.599999
      vertex -12.425 -0.649512 0.599999
      vertex -12.425 0.649498 0.599999
    endloop
  endfacet
  facet normal 0 0 1
    outer loop
      vertex -12.5803 0.530312 0.599999
      vertex -12.5803 -0.530326 0.599999
      vertex -12.425 -0.649512 0.599999
    endloop
  endfacet
  facet normal -0 0 1
    outer loop
      vertex -12.6995 0.374992 0.599999
      vertex -12.5803 -0.530326 0.599999
      vertex -12.5803 0.530312 0.599999
    endloop
  endfacet
  facet normal 0 0 1
    outer loop
      vertex -12.6995 0.374992 0.599999
      vertex -12.6995 -0.375007 0.599999
      vertex -12.5803 -0.530326 0.599999
    endloop
  endfacet
  facet normal -0 0 1
    outer loop
      vertex -12.7744 0.194099 0.599999
      vertex -12.6995 -0.375007 0.599999
      vertex -12.6995 0.374992 0.599999
    endloop
  endfacet
  facet normal 0 0 1
    outer loop
      vertex -12.7744 0.194099 0.599999
      vertex -12.7744 -0.194114 0.599999
      vertex -12.6995 -0.375007 0.599999
    endloop
  endfacet
  facet normal 0 -0 1
    outer loop
      vertex -12.7744 -0.194114 0.599999
      vertex -12.7744 0.194099 0.599999
      vertex -12.8 -6.67572e-06 0.599999
    endloop
  endfacet
  facet normal 0 0 1
    outer loop
      vertex 0.724436 12.2441 0.599999
      vertex 0.724436 11.8559 0.599999
      vertex 0.749994 12.05 0.599999
    endloop
  endfacet
  facet normal 0 0 1
    outer loop
      vertex 0.6495 12.425 0.599999
      vertex 0.724436 11.8559 0.599999
      vertex 0.724436 12.2441 0.599999
    endloop
  endfacet
  facet normal 0 0 1
    outer loop
      vertex 0.6495 12.425 0.599999
      vertex 0.6495 11.675 0.599999
      vertex 0.724436 11.8559 0.599999
    endloop
  endfacet
  facet normal 0 0 1
    outer loop
      vertex 0.530313 12.5803 0.599999
      vertex 0.6495 11.675 0.599999
      vertex 0.6495 12.425 0.599999
    endloop
  endfacet
  facet normal 0 0 1
    outer loop
      vertex 0.530313 12.5803 0.599999
      vertex 0.530313 11.5197 0.599999
      vertex 0.6495 11.675 0.599999
    endloop
  endfacet
  facet normal 0 0 1
    outer loop
      vertex 0.374994 12.6995 0.599999
      vertex 0.530313 11.5197 0.599999
      vertex 0.530313 12.5803 0.599999
    endloop
  endfacet
  facet normal 0 0 1
    outer loop
      vertex 0.374994 12.6995 0.599999
      vertex 0.374994 11.4005 0.599999
      vertex 0.530313 11.5197 0.599999
    endloop
  endfacet
  facet normal 0 0 1
    outer loop
      vertex 0.194101 12.7744 0.599999
      vertex 0.374994 11.4005 0.599999
      vertex 0.374994 12.6995 0.599999
    endloop
  endfacet
  facet normal 0 0 1
    outer loop
      vertex 0.194101 12.7744 0.599999
      vertex 0.194101 11.3255 0.599999
      vertex 0.374994 11.4005 0.599999
    endloop
  endfacet
  facet normal 0 0 1
    outer loop
      vertex -4.76837e-06 12.8 0.599999
      vertex 0.194101 11.3255 0.599999
      vertex 0.194101 12.7744 0.599999
    endloop
  endfacet
  facet normal 0 0 1
    outer loop
      vertex -4.76837e-06 12.8 0.599999
      vertex -4.76837e-06 11.3 0.599999
      vertex 0.194101 11.3255 0.599999
    endloop
  endfacet
  facet normal -0 0 1
    outer loop
      vertex -0.194112 12.7744 0.599999
      vertex -4.76837e-06 11.3 0.599999
      vertex -4.76837e-06 12.8 0.599999
    endloop
  endfacet
  facet normal 0 0 1
    outer loop
      vertex -0.194112 12.7744 0.599999
      vertex -0.194112 11.3255 0.599999
      vertex -4.76837e-06 11.3 0.599999
    endloop
  endfacet
  facet normal -0 0 1
    outer loop
      vertex -0.375005 12.6995 0.599999
      vertex -0.194112 11.3255 0.599999
      vertex -0.194112 12.7744 0.599999
    endloop
  endfacet
  facet normal 0 0 1
    outer loop
      vertex -0.375005 12.6995 0.599999
      vertex -0.375005 11.4005 0.599999
      vertex -0.194112 11.3255 0.599999
    endloop
  endfacet
  facet normal -0 0 1
    outer loop
      vertex -0.530324 12.5803 0.599999
      vertex -0.375005 11.4005 0.599999
      vertex -0.375005 12.6995 0.599999
    endloop
  endfacet
  facet normal 0 0 1
    outer loop
      vertex -0.530324 12.5803 0.599999
      vertex -0.530324 11.5197 0.599999
      vertex -0.375005 11.4005 0.599999
    endloop
  endfacet
  facet normal -0 0 1
    outer loop
      vertex -0.64951 12.425 0.599999
      vertex -0.530324 11.5197 0.599999
      vertex -0.530324 12.5803 0.599999
    endloop
  endfacet
  facet normal 0 0 1
    outer loop
      vertex -0.64951 12.425 0.599999
      vertex -0.64951 11.675 0.599999
      vertex -0.530324 11.5197 0.599999
    endloop
  endfacet
  facet normal -0 0 1
    outer loop
      vertex -0.724446 12.2441 0.599999
      vertex -0.64951 11.675 0.599999
      vertex -0.64951 12.425 0.599999
    endloop
  endfacet
  facet normal 0 0 1
    outer loop
      vertex -0.724446 12.2441 0.599999
      vertex -0.724446 11.8559 0.599999
      vertex -0.64951 11.675 0.599999
    endloop
  endfacet
  facet normal 0 -0 1
    outer loop
      vertex -0.724446 11.8559 0.599999
      vertex -0.724446 12.2441 0.599999
      vertex -0.750005 12.05 0.599999
    endloop
  endfacet
  facet normal 0 0 -1
    outer loop
      vertex 0.724436 -12.2441 0
      vertex 0.724436 -11.8559 0
      vertex 0.749994 -12.05 0
    endloop
  endfacet
  facet normal 0 0 -1
    outer loop
      vertex 0.6495 -12.425 0
      vertex 0.724436 -11.8559 0
      vertex 0.724436 -12.2441 0
    endloop
  endfacet
  facet normal 0 0 -1
    outer loop
      vertex 0.6495 -12.425 0
      vertex 0.6495 -11.675 0
      vertex 0.724436 -11.8559 0
    endloop
  endfacet
  facet normal 0 0 -1
    outer loop
      vertex 0.530313 -12.5803 0
      vertex 0.6495 -11.675 0
      vertex 0.6495 -12.425 0
    endloop
  endfacet
  facet normal 0 0 -1
    outer loop
      vertex 0.530313 -12.5803 0
      vertex 0.530313 -11.5197 0
      vertex 0.6495 -11.675 0
    endloop
  endfacet
  facet normal 0 0 -1
    outer loop
      vertex 0.374994 -12.6995 0
      vertex 0.530313 -11.5197 0
      vertex 0.530313 -12.5803 0
    endloop
  endfacet
  facet normal 0 0 -1
    outer loop
      vertex 0.374994 -12.6995 0
      vertex 0.374994 -11.4005 0
      vertex 0.530313 -11.5197 0
    endloop
  endfacet
  facet normal 0 0 -1
    outer loop
      vertex 0.194101 -12.7744 0
      vertex 0.374994 -11.4005 0
      vertex 0.374994 -12.6995 0
    endloop
  endfacet
  facet normal 0 0 -1
    outer loop
      vertex 0.194101 -12.7744 0
      vertex 0.194101 -11.3256 0
      vertex 0.374994 -11.4005 0
    endloop
  endfacet
  facet normal 0 0 -1
    outer loop
      vertex -4.76837e-06 -12.8 0
      vertex 0.194101 -11.3256 0
      vertex 0.194101 -12.7744 0
    endloop
  endfacet
  facet normal 0 0 -1
    outer loop
      vertex -4.76837e-06 -12.8 0
      vertex -4.76837e-06 -11.3 0
      vertex 0.194101 -11.3256 0
    endloop
  endfacet
  facet normal 0 0 -1
    outer loop
      vertex -0.194112 -12.7744 0
      vertex -4.76837e-06 -11.3 0
      vertex -4.76837e-06 -12.8 0
    endloop
  endfacet
  facet normal 0 0 -1
    outer loop
      vertex -0.194112 -12.7744 0
      vertex -0.194112 -11.3256 0
      vertex -4.76837e-06 -11.3 0
    endloop
  endfacet
  facet normal 0 0 -1
    outer loop
      vertex -0.375005 -12.6995 0
      vertex -0.194112 -11.3256 0
      vertex -0.194112 -12.7744 0
    endloop
  endfacet
  facet normal 0 0 -1
    outer loop
      vertex -0.375005 -12.6995 0
      vertex -0.375005 -11.4005 0
      vertex -0.194112 -11.3256 0
    endloop
  endfacet
  facet normal 0 0 -1
    outer loop
      vertex -0.530324 -12.5803 0
      vertex -0.375005 -11.4005 0
      vertex -0.375005 -12.6995 0
    endloop
  endfacet
  facet normal 0 0 -1
    outer loop
      vertex -0.530324 -12.5803 0
      vertex -0.530324 -11.5197 0
      vertex -0.375005 -11.4005 0
    endloop
  endfacet
  facet normal 0 0 -1
    outer loop
      vertex -0.64951 -12.425 0
      vertex -0.530324 -11.5197 0
      vertex -0.530324 -12.5803 0
    endloop
  endfacet
  facet normal 0 0 -1
    outer loop
      vertex -0.64951 -12.425 0
      vertex -0.64951 -11.675 0
      vertex -0.530324 -11.5197 0
    endloop
  endfacet
  facet normal 0 0 -1
    outer loop
      vertex -0.724446 -12.2441 0
      vertex -0.64951 -11.675 0
      vertex -0.64951 -12.425 0
    endloop
  endfacet
  facet normal 0 0 -1
    outer loop
      vertex -0.724446 -12.2441 0
      vertex -0.724446 -11.8559 0
      vertex -0.64951 -11.675 0
    endloop
  endfacet
  facet normal 0 -0 -1
    outer loop
      vertex -0.724446 -11.8559 0
      vertex -0.724446 -12.2441 0
      vertex -0.750005 -12.05 0
    endloop
  endfacet
  facet normal 0 0 -1
    outer loop
      vertex 12.7744 -0.194114 0
      vertex 12.7744 0.194099 0
      vertex 12.8 -6.67572e-06 0
    endloop
  endfacet
  facet normal 0 0 -1
    outer loop
      vertex 12.6995 -0.375007 0
      vertex 12.7744 0.194099 0
      vertex 12.7744 -0.194114 0
    endloop
  endfacet
  facet normal 0 0 -1
    outer loop
      vertex 12.6995 -0.375007 0
      vertex 12.6995 0.374992 0
      vertex 12.7744 0.194099 0
    endloop
  endfacet
  facet normal 0 0 -1
    outer loop
      vertex 12.5803 -0.530326 0
      vertex 12.6995 0.374992 0
      vertex 12.6995 -0.375007 0
    endloop
  endfacet
  facet normal 0 0 -1
    outer loop
      vertex 12.5803 -0.530326 0
      vertex 12.5803 0.530312 0
      vertex 12.6995 0.374992 0
    endloop
  endfacet
  facet normal 0 0 -1
    outer loop
      vertex 12.425 -0.649512 0
      vertex 12.5803 0.530312 0
      vertex 12.5803 -0.530326 0
    endloop
  endfacet
  facet normal 0 0 -1
    outer loop
      vertex 12.425 -0.649512 0
      vertex 12.425 0.649498 0
      vertex 12.5803 0.530312 0
    endloop
  endfacet
  facet normal 0 0 -1
    outer loop
      vertex 12.2441 -0.724448 0
      vertex 12.425 0.649498 0
      vertex 12.425 -0.649512 0
    endloop
  endfacet
  facet normal 0 0 -1
    outer loop
      vertex 12.2441 -0.724448 0
      vertex 12.2441 0.724434 0
      vertex 12.425 0.649498 0
    endloop
  endfacet
  facet normal 0 0 -1
    outer loop
      vertex 12.05 -0.750007 0
      vertex 12.2441 0.724434 0
      vertex 12.2441 -0.724448 0
    endloop
  endfacet
  facet normal 0 0 -1
    outer loop
      vertex 12.05 -0.750007 0
      vertex 12.05 0.749992 0
      vertex 12.2441 0.724434 0
    endloop
  endfacet
  facet normal 0 0 -1
    outer loop
      vertex 11.8559 -0.724448 0
      vertex 12.05 0.749992 0
      vertex 12.05 -0.750007 0
    endloop
  endfacet
  facet normal 0 0 -1
    outer loop
      vertex 11.8559 -0.724448 0
      vertex 11.8559 0.724434 0
      vertex 12.05 0.749992 0
    endloop
  endfacet
  facet normal 0 0 -1
    outer loop
      vertex 11.675 -0.649512 0
      vertex 11.8559 0.724434 0
      vertex 11.8559 -0.724448 0
    endloop
  endfacet
  facet normal 0 0 -1
    outer loop
      vertex 11.675 -0.649512 0
      vertex 11.675 0.649498 0
      vertex 11.8559 0.724434 0
    endloop
  endfacet
  facet normal 0 0 -1
    outer loop
      vertex 11.5197 -0.530326 0
      vertex 11.675 0.649498 0
      vertex 11.675 -0.649512 0
    endloop
  endfacet
  facet normal 0 0 -1
    outer loop
      vertex 11.5197 -0.530326 0
      vertex 11.5197 0.530312 0
      vertex 11.675 0.649498 0
    endloop
  endfacet
  facet normal 0 0 -1
    outer loop
      vertex 11.4005 -0.375007 0
      vertex 11.5197 0.530312 0
      vertex 11.5197 -0.530326 0
    endloop
  endfacet
  facet normal 0 0 -1
    outer loop
      vertex 11.4005 -0.375007 0
      vertex 11.4005 0.374992 0
      vertex 11.5197 0.530312 0
    endloop
  endfacet
  facet normal 0 0 -1
    outer loop
      vertex 11.3255 -0.194114 0
      vertex 11.4005 0.374992 0
      vertex 11.4005 -0.375007 0
    endloop
  endfacet
  facet normal 0 0 -1
    outer loop
      vertex 11.3255 -0.194114 0
      vertex 11.3255 0.194099 0
      vertex 11.4005 0.374992 0
    endloop
  endfacet
  facet normal 0 -0 -1
    outer loop
      vertex 11.3255 0.194099 0
      vertex 11.3255 -0.194114 0
      vertex 11.3 -6.67572e-06 0
    endloop
  endfacet
  facet normal 0 0 -1
    outer loop
      vertex -11.3256 -0.194114 0
      vertex -11.3256 0.194099 0
      vertex -11.3 -6.67572e-06 0
    endloop
  endfacet
  facet normal 0 0 -1
    outer loop
      vertex -11.4005 -0.375007 0
      vertex -11.3256 0.194099 0
      vertex -11.3256 -0.194114 0
    endloop
  endfacet
  facet normal 0 0 -1
    outer loop
      vertex -11.4005 -0.375007 0
      vertex -11.4005 0.374992 0
      vertex -11.3256 0.194099 0
    endloop
  endfacet
  facet normal 0 0 -1
    outer loop
      vertex -11.5197 -0.530326 0
      vertex -11.4005 0.374992 0
      vertex -11.4005 -0.375007 0
    endloop
  endfacet
  facet normal 0 0 -1
    outer loop
      vertex -11.5197 -0.530326 0
      vertex -11.5197 0.530312 0
      vertex -11.4005 0.374992 0
    endloop
  endfacet
  facet normal 0 0 -1
    outer loop
      vertex -11.675 -0.649512 0
      vertex -11.5197 0.530312 0
      vertex -11.5197 -0.530326 0
    endloop
  endfacet
  facet normal 0 0 -1
    outer loop
      vertex -11.675 -0.649512 0
      vertex -11.675 0.649498 0
      vertex -11.5197 0.530312 0
    endloop
  endfacet
  facet normal 0 0 -1
    outer loop
      vertex -11.8559 -0.724448 0
      vertex -11.675 0.649498 0
      vertex -11.675 -0.649512 0
    endloop
  endfacet
  facet normal 0 0 -1
    outer loop
      vertex -11.8559 -0.724448 0
      vertex -11.8559 0.724434 0
      vertex -11.675 0.649498 0
    endloop
  endfacet
  facet normal 0 0 -1
    outer loop
      vertex -12.05 -0.750007 0
      vertex -11.8559 0.724434 0
      vertex -11.8559 -0.724448 0
    endloop
  endfacet
  facet normal 0 0 -1
    outer loop
      vertex -12.05 -0.750007 0
      vertex -12.05 0.749992 0
      vertex -11.8559 0.724434 0
    endloop
  endfacet
  facet normal 0 0 -1
    outer loop
      vertex -12.2441 -0.724448 0
      vertex -12.05 0.749992 0
      vertex -12.05 -0.750007 0
    endloop
  endfacet
  facet normal 0 0 -1
    outer loop
      vertex -12.2441 -0.724448 0
      vertex -12.2441 0.724434 0
      vertex -12.05 0.749992 0
    endloop
  endfacet
  facet normal 0 0 -1
    outer loop
      vertex -12.425 -0.649512 0
      vertex -12.2441 0.724434 0
      vertex -12.2441 -0.724448 0
    endloop
  endfacet
  facet normal 0 0 -1
    outer loop
      vertex -12.425 -0.649512 0
      vertex -12.425 0.649498 0
      vertex -12.2441 0.724434 0
    endloop
  endfacet
  facet normal 0 0 -1
    outer loop
      vertex -12.5803 -0.530326 0
      vertex -12.425 0.649498 0
      vertex -12.425 -0.649512 0
    endloop
  endfacet
  facet normal 0 0 -1
    outer loop
      vertex -12.5803 -0.530326 0
      vertex -12.5803 0.530312 0
      vertex -12.425 0.649498 0
    endloop
  endfacet
  facet normal 0 0 -1
    outer loop
      vertex -12.6995 -0.375007 0
      vertex -12.5803 0.530312 0
      vertex -12.5803 -0.530326 0
    endloop
  endfacet
  facet normal 0 0 -1
    outer loop
      vertex -12.6995 -0.375007 0
      vertex -12.6995 0.374992 0
      vertex -12.5803 0.530312 0
    endloop
  endfacet
  facet normal 0 0 -1
    outer loop
      vertex -12.7744 -0.194114 0
      vertex -12.6995 0.374992 0
      vertex -12.6995 -0.375007 0
    endloop
  endfacet
  facet normal 0 0 -1
    outer loop
      vertex -12.7744 -0.194114 0
      vertex -12.7744 0.194099 0
      vertex -12.6995 0.374992 0
    endloop
  endfacet
  facet normal 0 -0 -1
    outer loop
      vertex -12.7744 0.194099 0
      vertex -12.7744 -0.194114 0
      vertex -12.8 -6.67572e-06 0
    endloop
  endfacet
  facet normal 0 0 -1
    outer loop
      vertex 0.724436 11.8559 0
      vertex 0.724436 12.2441 0
      vertex 0.749994 12.05 0
    endloop
  endfacet
  facet normal 0 0 -1
    outer loop
      vertex 0.6495 11.675 0
      vertex 0.724436 12.2441 0
      vertex 0.724436 11.8559 0
    endloop
  endfacet
  facet normal 0 0 -1
    outer loop
      vertex 0.6495 11.675 0
      vertex 0.6495 12.425 0
      vertex 0.724436 12.2441 0
    endloop
  endfacet
  facet normal 0 0 -1
    outer loop
      vertex 0.530313 11.5197 0
      vertex 0.6495 12.425 0
      vertex 0.6495 11.675 0
    endloop
  endfacet
  facet normal 0 0 -1
    outer loop
      vertex 0.530313 11.5197 0
      vertex 0.530313 12.5803 0
      vertex 0.6495 12.425 0
    endloop
  endfacet
  facet normal 0 0 -1
    outer loop
      vertex 0.374994 11.4005 0
      vertex 0.530313 12.5803 0
      vertex 0.530313 11.5197 0
    endloop
  endfacet
  facet normal 0 0 -1
    outer loop
      vertex 0.374994 11.4005 0
      vertex 0.374994 12.6995 0
      vertex 0.530313 12.5803 0
    endloop
  endfacet
  facet normal 0 0 -1
    outer loop
      vertex 0.194101 11.3255 0
      vertex 0.374994 12.6995 0
      vertex 0.374994 11.4005 0
    endloop
  endfacet
  facet normal 0 0 -1
    outer loop
      vertex 0.194101 11.3255 0
      vertex 0.194101 12.7744 0
      vertex 0.374994 12.6995 0
    endloop
  endfacet
  facet normal 0 0 -1
    outer loop
      vertex -4.76837e-06 11.3 0
      vertex 0.194101 12.7744 0
      vertex 0.194101 11.3255 0
    endloop
  endfacet
  facet normal 0 0 -1
    outer loop
      vertex -4.76837e-06 11.3 0
      vertex -4.76837e-06 12.8 0
      vertex 0.194101 12.7744 0
    endloop
  endfacet
  facet normal 0 0 -1
    outer loop
      vertex -0.194112 11.3255 0
      vertex -4.76837e-06 12.8 0
      vertex -4.76837e-06 11.3 0
    endloop
  endfacet
  facet normal 0 0 -1
    outer loop
      vertex -0.194112 11.3255 0
      vertex -0.194112 12.7744 0
      vertex -4.76837e-06 12.8 0
    endloop
  endfacet
  facet normal 0 0 -1
    outer loop
      vertex -0.375005 11.4005 0
      vertex -0.194112 12.7744 0
      vertex -0.194112 11.3255 0
    endloop
  endfacet
  facet normal 0 0 -1
    outer loop
      vertex -0.375005 11.4005 0
      vertex -0.375005 12.6995 0
      vertex -0.194112 12.7744 0
    endloop
  endfacet
  facet normal 0 0 -1
    outer loop
      vertex -0.530324 11.5197 0
      vertex -0.375005 12.6995 0
      vertex -0.375005 11.4005 0
    endloop
  endfacet
  facet normal 0 0 -1
    outer loop
      vertex -0.530324 11.5197 0
      vertex -0.530324 12.5803 0
      vertex -0.375005 12.6995 0
    endloop
  endfacet
  facet normal 0 0 -1
    outer loop
      vertex -0.64951 11.675 0
      vertex -0.530324 12.5803 0
      vertex -0.530324 11.5197 0
    endloop
  endfacet
  facet normal 0 0 -1
    outer loop
      vertex -0.64951 11.675 0
      vertex -0.64951 12.425 0
      vertex -0.530324 12.5803 0
    endloop
  endfacet
  facet normal 0 0 -1
    outer loop
      vertex -0.724446 11.8559 0
      vertex -0.64951 12.425 0
      vertex -0.64951 11.675 0
    endloop
  endfacet
  facet normal 0 0 -1
    outer loop
      vertex -0.724446 11.8559 0
      vertex -0.724446 12.2441 0
      vertex -0.64951 12.425 0
    endloop
  endfacet
  facet normal 0 -0 -1
    outer loop
      vertex -0.724446 12.2441 0
      vertex -0.724446 11.8559 0
      vertex -0.750005 12.05 0
    endloop
  endfacet
  facet normal 0.38256 0.923931 -0
    outer loop
      vertex 0.374994 -11.4005 0
      vertex 0.194101 -11.3256 0.599999
      vertex 0.374994 -11.4005 0.599999
    endloop
  endfacet
  facet normal 0.38256 0.923931 0
    outer loop
      vertex 0.194101 -11.3256 0.599999
      vertex 0.374994 -11.4005 0
      vertex 0.194101 -11.3256 0
    endloop
  endfacet
  facet normal 0.608824 0.793305 -0
    outer loop
      vertex 0.530313 -11.5197 0
      vertex 0.374994 -11.4005 0.599999
      vertex 0.530313 -11.5197 0.599999
    endloop
  endfacet
  facet normal 0.608824 0.793305 0
    outer loop
      vertex 0.374994 -11.4005 0.599999
      vertex 0.530313 -11.5197 0
      vertex 0.374994 -11.4005 0
    endloop
  endfacet
  facet normal 0.793301 0.608829 0
    outer loop
      vertex 0.6495 -11.675 0.599999
      vertex 0.530313 -11.5197 0
      vertex 0.530313 -11.5197 0.599999
    endloop
  endfacet
  facet normal 0.793301 0.608829 0
    outer loop
      vertex 0.530313 -11.5197 0
      vertex 0.6495 -11.675 0.599999
      vertex 0.6495 -11.675 0
    endloop
  endfacet
  facet normal 0.923871 0.382704 0
    outer loop
      vertex 0.724436 -11.8559 0.599999
      vertex 0.6495 -11.675 0
      vertex 0.6495 -11.675 0.599999
    endloop
  endfacet
  facet normal 0.923871 0.382704 0
    outer loop
      vertex 0.6495 -11.675 0
      vertex 0.724436 -11.8559 0.599999
      vertex 0.724436 -11.8559 0
    endloop
  endfacet
  facet normal 0.991442 0.130548 0
    outer loop
      vertex 0.749994 -12.05 0.599999
      vertex 0.724436 -11.8559 0
      vertex 0.724436 -11.8559 0.599999
    endloop
  endfacet
  facet normal 0.991442 0.130548 0
    outer loop
      vertex 0.724436 -11.8559 0
      vertex 0.749994 -12.05 0.599999
      vertex 0.749994 -12.05 0
    endloop
  endfacet
  facet normal 0.991442 -0.130548 0
    outer loop
      vertex 0.724436 -12.2441 0.599999
      vertex 0.749994 -12.05 0
      vertex 0.749994 -12.05 0.599999
    endloop
  endfacet
  facet normal 0.991442 -0.130548 0
    outer loop
      vertex 0.749994 -12.05 0
      vertex 0.724436 -12.2441 0.599999
      vertex 0.724436 -12.2441 0
    endloop
  endfacet
  facet normal 0.923871 -0.382704 0
    outer loop
      vertex 0.6495 -12.425 0.599999
      vertex 0.724436 -12.2441 0
      vertex 0.724436 -12.2441 0.599999
    endloop
  endfacet
  facet normal 0.923871 -0.382704 0
    outer loop
      vertex 0.724436 -12.2441 0
      vertex 0.6495 -12.425 0.599999
      vertex 0.6495 -12.425 0
    endloop
  endfacet
  facet normal 0.793301 -0.608829 0
    outer loop
      vertex 0.530313 -12.5803 0.599999
      vertex 0.6495 -12.425 0
      vertex 0.6495 -12.425 0.599999
    endloop
  endfacet
  facet normal 0.793301 -0.608829 0
    outer loop
      vertex 0.6495 -12.425 0
      vertex 0.530313 -12.5803 0.599999
      vertex 0.530313 -12.5803 0
    endloop
  endfacet
  facet normal 0.608824 -0.793305 0
    outer loop
      vertex 0.374994 -12.6995 0
      vertex 0.530313 -12.5803 0.599999
      vertex 0.374994 -12.6995 0.599999
    endloop
  endfacet
  facet normal 0.608824 -0.793305 0
    outer loop
      vertex 0.530313 -12.5803 0.599999
      vertex 0.374994 -12.6995 0
      vertex 0.530313 -12.5803 0
    endloop
  endfacet
  facet normal 0.38256 -0.923931 0
    outer loop
      vertex 0.194101 -12.7744 0
      vertex 0.374994 -12.6995 0.599999
      vertex 0.194101 -12.7744 0.599999
    endloop
  endfacet
  facet normal 0.38256 -0.923931 0
    outer loop
      vertex 0.374994 -12.6995 0.599999
      vertex 0.194101 -12.7744 0
      vertex 0.374994 -12.6995 0
    endloop
  endfacet
  facet normal 0.130755 -0.991415 0
    outer loop
      vertex -4.76837e-06 -12.8 0
      vertex 0.194101 -12.7744 0.599999
      vertex -4.76837e-06 -12.8 0.599999
    endloop
  endfacet
  facet normal 0.130755 -0.991415 0
    outer loop
      vertex 0.194101 -12.7744 0.599999
      vertex -4.76837e-06 -12.8 0
      vertex 0.194101 -12.7744 0
    endloop
  endfacet
  facet normal -0.130754 -0.991415 0
    outer loop
      vertex -0.194112 -12.7744 0
      vertex -4.76837e-06 -12.8 0.599999
      vertex -0.194112 -12.7744 0.599999
    endloop
  endfacet
  facet normal -0.130754 -0.991415 -0
    outer loop
      vertex -4.76837e-06 -12.8 0.599999
      vertex -0.194112 -12.7744 0
      vertex -4.76837e-06 -12.8 0
    endloop
  endfacet
  facet normal -0.38256 -0.923931 0
    outer loop
      vertex -0.375005 -12.6995 0
      vertex -0.194112 -12.7744 0.599999
      vertex -0.375005 -12.6995 0.599999
    endloop
  endfacet
  facet normal -0.38256 -0.923931 -0
    outer loop
      vertex -0.194112 -12.7744 0.599999
      vertex -0.375005 -12.6995 0
      vertex -0.194112 -12.7744 0
    endloop
  endfacet
  facet normal -0.608824 -0.793305 0
    outer loop
      vertex -0.530324 -12.5803 0
      vertex -0.375005 -12.6995 0.599999
      vertex -0.530324 -12.5803 0.599999
    endloop
  endfacet
  facet normal -0.608824 -0.793305 -0
    outer loop
      vertex -0.375005 -12.6995 0.599999
      vertex -0.530324 -12.5803 0
      vertex -0.375005 -12.6995 0
    endloop
  endfacet
  facet normal -0.793304 -0.608826 0
    outer loop
      vertex -0.530324 -12.5803 0
      vertex -0.64951 -12.425 0.599999
      vertex -0.64951 -12.425 0
    endloop
  endfacet
  facet normal -0.793304 -0.608826 0
    outer loop
      vertex -0.64951 -12.425 0.599999
      vertex -0.530324 -12.5803 0
      vertex -0.530324 -12.5803 0.599999
    endloop
  endfacet
  facet normal -0.923871 -0.382704 0
    outer loop
      vertex -0.64951 -12.425 0
      vertex -0.724446 -12.2441 0.599999
      vertex -0.724446 -12.2441 0
    endloop
  endfacet
  facet normal -0.923871 -0.382704 0
    outer loop
      vertex -0.724446 -12.2441 0.599999
      vertex -0.64951 -12.425 0
      vertex -0.64951 -12.425 0.599999
    endloop
  endfacet
  facet normal -0.991441 -0.130553 0
    outer loop
      vertex -0.724446 -12.2441 0
      vertex -0.750005 -12.05 0.599999
      vertex -0.750005 -12.05 0
    endloop
  endfacet
  facet normal -0.991441 -0.130553 0
    outer loop
      vertex -0.750005 -12.05 0.599999
      vertex -0.724446 -12.2441 0
      vertex -0.724446 -12.2441 0.599999
    endloop
  endfacet
  facet normal -0.991441 0.130553 0
    outer loop
      vertex -0.750005 -12.05 0
      vertex -0.724446 -11.8559 0.599999
      vertex -0.724446 -11.8559 0
    endloop
  endfacet
  facet normal -0.991441 0.130553 0
    outer loop
      vertex -0.724446 -11.8559 0.599999
      vertex -0.750005 -12.05 0
      vertex -0.750005 -12.05 0.599999
    endloop
  endfacet
  facet normal -0.923871 0.382704 0
    outer loop
      vertex -0.724446 -11.8559 0
      vertex -0.64951 -11.675 0.599999
      vertex -0.64951 -11.675 0
    endloop
  endfacet
  facet normal -0.923871 0.382704 0
    outer loop
      vertex -0.64951 -11.675 0.599999
      vertex -0.724446 -11.8559 0
      vertex -0.724446 -11.8559 0.599999
    endloop
  endfacet
  facet normal -0.793304 0.608826 0
    outer loop
      vertex -0.64951 -11.675 0
      vertex -0.530324 -11.5197 0.599999
      vertex -0.530324 -11.5197 0
    endloop
  endfacet
  facet normal -0.793304 0.608826 0
    outer loop
      vertex -0.530324 -11.5197 0.599999
      vertex -0.64951 -11.675 0
      vertex -0.64951 -11.675 0.599999
    endloop
  endfacet
  facet normal -0.608824 0.793305 0
    outer loop
      vertex -0.375005 -11.4005 0
      vertex -0.530324 -11.5197 0.599999
      vertex -0.375005 -11.4005 0.599999
    endloop
  endfacet
  facet normal -0.608824 0.793305 0
    outer loop
      vertex -0.530324 -11.5197 0.599999
      vertex -0.375005 -11.4005 0
      vertex -0.530324 -11.5197 0
    endloop
  endfacet
  facet normal -0.38256 0.923931 0
    outer loop
      vertex -0.194112 -11.3256 0
      vertex -0.375005 -11.4005 0.599999
      vertex -0.194112 -11.3256 0.599999
    endloop
  endfacet
  facet normal -0.38256 0.923931 0
    outer loop
      vertex -0.375005 -11.4005 0.599999
      vertex -0.194112 -11.3256 0
      vertex -0.375005 -11.4005 0
    endloop
  endfacet
  facet normal -0.130754 0.991415 0
    outer loop
      vertex -4.76837e-06 -11.3 0
      vertex -0.194112 -11.3256 0.599999
      vertex -4.76837e-06 -11.3 0.599999
    endloop
  endfacet
  facet normal -0.130754 0.991415 0
    outer loop
      vertex -0.194112 -11.3256 0.599999
      vertex -4.76837e-06 -11.3 0
      vertex -0.194112 -11.3256 0
    endloop
  endfacet
  facet normal 0.130755 0.991415 -0
    outer loop
      vertex 0.194101 -11.3256 0
      vertex -4.76837e-06 -11.3 0.599999
      vertex 0.194101 -11.3256 0.599999
    endloop
  endfacet
  facet normal 0.130755 0.991415 0
    outer loop
      vertex -4.76837e-06 -11.3 0.599999
      vertex 0.194101 -11.3256 0
      vertex -4.76837e-06 -11.3 0
    endloop
  endfacet
  facet normal 0.382704 0.923871 -0
    outer loop
      vertex 12.425 0.649498 0
      vertex 12.2441 0.724434 0.599999
      vertex 12.425 0.649498 0.599999
    endloop
  endfacet
  facet normal 0.382704 0.923871 0
    outer loop
      vertex 12.2441 0.724434 0.599999
      vertex 12.425 0.649498 0
      vertex 12.2441 0.724434 0
    endloop
  endfacet
  facet normal 0.608826 0.793304 -0
    outer loop
      vertex 12.5803 0.530312 0
      vertex 12.425 0.649498 0.599999
      vertex 12.5803 0.530312 0.599999
    endloop
  endfacet
  facet normal 0.608826 0.793304 0
    outer loop
      vertex 12.425 0.649498 0.599999
      vertex 12.5803 0.530312 0
      vertex 12.425 0.649498 0
    endloop
  endfacet
  facet normal 0.793307 0.608822 0
    outer loop
      vertex 12.6995 0.374992 0.599999
      vertex 12.5803 0.530312 0
      vertex 12.5803 0.530312 0.599999
    endloop
  endfacet
  facet normal 0.793307 0.608822 0
    outer loop
      vertex 12.5803 0.530312 0
      vertex 12.6995 0.374992 0.599999
      vertex 12.6995 0.374992 0
    endloop
  endfacet
  facet normal 0.923931 0.38256 0
    outer loop
      vertex 12.7744 0.194099 0.599999
      vertex 12.6995 0.374992 0
      vertex 12.6995 0.374992 0.599999
    endloop
  endfacet
  facet normal 0.923931 0.38256 0
    outer loop
      vertex 12.6995 0.374992 0
      vertex 12.7744 0.194099 0.599999
      vertex 12.7744 0.194099 0
    endloop
  endfacet
  facet normal 0.991415 0.130755 0
    outer loop
      vertex 12.8 -6.67572e-06 0.599999
      vertex 12.7744 0.194099 0
      vertex 12.7744 0.194099 0.599999
    endloop
  endfacet
  facet normal 0.991415 0.130755 0
    outer loop
      vertex 12.7744 0.194099 0
      vertex 12.8 -6.67572e-06 0.599999
      vertex 12.8 -6.67572e-06 0
    endloop
  endfacet
  facet normal 0.991415 -0.130754 0
    outer loop
      vertex 12.7744 -0.194114 0.599999
      vertex 12.8 -6.67572e-06 0
      vertex 12.8 -6.67572e-06 0.599999
    endloop
  endfacet
  facet normal 0.991415 -0.130754 0
    outer loop
      vertex 12.8 -6.67572e-06 0
      vertex 12.7744 -0.194114 0.599999
      vertex 12.7744 -0.194114 0
    endloop
  endfacet
  facet normal 0.923931 -0.38256 0
    outer loop
      vertex 12.6995 -0.375007 0.599999
      vertex 12.7744 -0.194114 0
      vertex 12.7744 -0.194114 0.599999
    endloop
  endfacet
  facet normal 0.923931 -0.38256 0
    outer loop
      vertex 12.7744 -0.194114 0
      vertex 12.6995 -0.375007 0.599999
      vertex 12.6995 -0.375007 0
    endloop
  endfacet
  facet normal 0.793305 -0.608824 0
    outer loop
      vertex 12.5803 -0.530326 0.599999
      vertex 12.6995 -0.375007 0
      vertex 12.6995 -0.375007 0.599999
    endloop
  endfacet
  facet normal 0.793305 -0.608824 0
    outer loop
      vertex 12.6995 -0.375007 0
      vertex 12.5803 -0.530326 0.599999
      vertex 12.5803 -0.530326 0
    endloop
  endfacet
  facet normal 0.608826 -0.793304 0
    outer loop
      vertex 12.425 -0.649512 0
      vertex 12.5803 -0.530326 0.599999
      vertex 12.425 -0.649512 0.599999
    endloop
  endfacet
  facet normal 0.608826 -0.793304 0
    outer loop
      vertex 12.5803 -0.530326 0.599999
      vertex 12.425 -0.649512 0
      vertex 12.5803 -0.530326 0
    endloop
  endfacet
  facet normal 0.382704 -0.923871 0
    outer loop
      vertex 12.2441 -0.724448 0
      vertex 12.425 -0.649512 0.599999
      vertex 12.2441 -0.724448 0.599999
    endloop
  endfacet
  facet normal 0.382704 -0.923871 0
    outer loop
      vertex 12.425 -0.649512 0.599999
      vertex 12.2441 -0.724448 0
      vertex 12.425 -0.649512 0
    endloop
  endfacet
  facet normal 0.130553 -0.991441 0
    outer loop
      vertex 12.05 -0.750007 0
      vertex 12.2441 -0.724448 0.599999
      vertex 12.05 -0.750007 0.599999
    endloop
  endfacet
  facet normal 0.130553 -0.991441 0
    outer loop
      vertex 12.2441 -0.724448 0.599999
      vertex 12.05 -0.750007 0
      vertex 12.2441 -0.724448 0
    endloop
  endfacet
  facet normal -0.130553 -0.991441 0
    outer loop
      vertex 11.8559 -0.724448 0
      vertex 12.05 -0.750007 0.599999
      vertex 11.8559 -0.724448 0.599999
    endloop
  endfacet
  facet normal -0.130553 -0.991441 -0
    outer loop
      vertex 12.05 -0.750007 0.599999
      vertex 11.8559 -0.724448 0
      vertex 12.05 -0.750007 0
    endloop
  endfacet
  facet normal -0.382704 -0.923871 0
    outer loop
      vertex 11.675 -0.649512 0
      vertex 11.8559 -0.724448 0.599999
      vertex 11.675 -0.649512 0.599999
    endloop
  endfacet
  facet normal -0.382704 -0.923871 -0
    outer loop
      vertex 11.8559 -0.724448 0.599999
      vertex 11.675 -0.649512 0
      vertex 11.8559 -0.724448 0
    endloop
  endfacet
  facet normal -0.608826 -0.793304 0
    outer loop
      vertex 11.5197 -0.530326 0
      vertex 11.675 -0.649512 0.599999
      vertex 11.5197 -0.530326 0.599999
    endloop
  endfacet
  facet normal -0.608826 -0.793304 -0
    outer loop
      vertex 11.675 -0.649512 0.599999
      vertex 11.5197 -0.530326 0
      vertex 11.675 -0.649512 0
    endloop
  endfacet
  facet normal -0.793305 -0.608824 0
    outer loop
      vertex 11.5197 -0.530326 0
      vertex 11.4005 -0.375007 0.599999
      vertex 11.4005 -0.375007 0
    endloop
  endfacet
  facet normal -0.793305 -0.608824 0
    outer loop
      vertex 11.4005 -0.375007 0.599999
      vertex 11.5197 -0.530326 0
      vertex 11.5197 -0.530326 0.599999
    endloop
  endfacet
  facet normal -0.92375 -0.382996 0
    outer loop
      vertex 11.4005 -0.375007 0
      vertex 11.3255 -0.194114 0.599999
      vertex 11.3255 -0.194114 0
    endloop
  endfacet
  facet normal -0.92375 -0.382996 0
    outer loop
      vertex 11.3255 -0.194114 0.599999
      vertex 11.4005 -0.375007 0
      vertex 11.4005 -0.375007 0.599999
    endloop
  endfacet
  facet normal -0.991481 -0.130251 0
    outer loop
      vertex 11.3255 -0.194114 0
      vertex 11.3 -6.67572e-06 0.599999
      vertex 11.3 -6.67572e-06 0
    endloop
  endfacet
  facet normal -0.991481 -0.130251 0
    outer loop
      vertex 11.3 -6.67572e-06 0.599999
      vertex 11.3255 -0.194114 0
      vertex 11.3255 -0.194114 0.599999
    endloop
  endfacet
  facet normal -0.991481 0.130253 0
    outer loop
      vertex 11.3 -6.67572e-06 0
      vertex 11.3255 0.194099 0.599999
      vertex 11.3255 0.194099 0
    endloop
  endfacet
  facet normal -0.991481 0.130253 0
    outer loop
      vertex 11.3255 0.194099 0.599999
      vertex 11.3 -6.67572e-06 0
      vertex 11.3 -6.67572e-06 0.599999
    endloop
  endfacet
  facet normal -0.92375 0.382996 0
    outer loop
      vertex 11.3255 0.194099 0
      vertex 11.4005 0.374992 0.599999
      vertex 11.4005 0.374992 0
    endloop
  endfacet
  facet normal -0.92375 0.382996 0
    outer loop
      vertex 11.4005 0.374992 0.599999
      vertex 11.3255 0.194099 0
      vertex 11.3255 0.194099 0.599999
    endloop
  endfacet
  facet normal -0.793307 0.608822 0
    outer loop
      vertex 11.4005 0.374992 0
      vertex 11.5197 0.530312 0.599999
      vertex 11.5197 0.530312 0
    endloop
  endfacet
  facet normal -0.793307 0.608822 0
    outer loop
      vertex 11.5197 0.530312 0.599999
      vertex 11.4005 0.374992 0
      vertex 11.4005 0.374992 0.599999
    endloop
  endfacet
  facet normal -0.608826 0.793304 0
    outer loop
      vertex 11.675 0.649498 0
      vertex 11.5197 0.530312 0.599999
      vertex 11.675 0.649498 0.599999
    endloop
  endfacet
  facet normal -0.608826 0.793304 0
    outer loop
      vertex 11.5197 0.530312 0.599999
      vertex 11.675 0.649498 0
      vertex 11.5197 0.530312 0
    endloop
  endfacet
  facet normal -0.382704 0.923871 0
    outer loop
      vertex 11.8559 0.724434 0
      vertex 11.675 0.649498 0.599999
      vertex 11.8559 0.724434 0.599999
    endloop
  endfacet
  facet normal -0.382704 0.923871 0
    outer loop
      vertex 11.675 0.649498 0.599999
      vertex 11.8559 0.724434 0
      vertex 11.675 0.649498 0
    endloop
  endfacet
  facet normal -0.130548 0.991442 0
    outer loop
      vertex 12.05 0.749992 0
      vertex 11.8559 0.724434 0.599999
      vertex 12.05 0.749992 0.599999
    endloop
  endfacet
  facet normal -0.130548 0.991442 0
    outer loop
      vertex 11.8559 0.724434 0.599999
      vertex 12.05 0.749992 0
      vertex 11.8559 0.724434 0
    endloop
  endfacet
  facet normal 0.130548 0.991442 -0
    outer loop
      vertex 12.2441 0.724434 0
      vertex 12.05 0.749992 0.599999
      vertex 12.2441 0.724434 0.599999
    endloop
  endfacet
  facet normal 0.130548 0.991442 0
    outer loop
      vertex 12.05 0.749992 0.599999
      vertex 12.2441 0.724434 0
      vertex 12.05 0.749992 0
    endloop
  endfacet
  facet normal 0.382704 0.923871 -0
    outer loop
      vertex -11.675 0.649498 0
      vertex -11.8559 0.724434 0.599999
      vertex -11.675 0.649498 0.599999
    endloop
  endfacet
  facet normal 0.382704 0.923871 0
    outer loop
      vertex -11.8559 0.724434 0.599999
      vertex -11.675 0.649498 0
      vertex -11.8559 0.724434 0
    endloop
  endfacet
  facet normal 0.608826 0.793304 -0
    outer loop
      vertex -11.5197 0.530312 0
      vertex -11.675 0.649498 0.599999
      vertex -11.5197 0.530312 0.599999
    endloop
  endfacet
  facet normal 0.608826 0.793304 0
    outer loop
      vertex -11.675 0.649498 0.599999
      vertex -11.5197 0.530312 0
      vertex -11.675 0.649498 0
    endloop
  endfacet
  facet normal 0.793307 0.608822 0
    outer loop
      vertex -11.4005 0.374992 0.599999
      vertex -11.5197 0.530312 0
      vertex -11.5197 0.530312 0.599999
    endloop
  endfacet
  facet normal 0.793307 0.608822 0
    outer loop
      vertex -11.5197 0.530312 0
      vertex -11.4005 0.374992 0.599999
      vertex -11.4005 0.374992 0
    endloop
  endfacet
  facet normal 0.923931 0.38256 0
    outer loop
      vertex -11.3256 0.194099 0.599999
      vertex -11.4005 0.374992 0
      vertex -11.4005 0.374992 0.599999
    endloop
  endfacet
  facet normal 0.923931 0.38256 0
    outer loop
      vertex -11.4005 0.374992 0
      vertex -11.3256 0.194099 0.599999
      vertex -11.3256 0.194099 0
    endloop
  endfacet
  facet normal 0.991415 0.130755 0
    outer loop
      vertex -11.3 -6.67572e-06 0.599999
      vertex -11.3256 0.194099 0
      vertex -11.3256 0.194099 0.599999
    endloop
  endfacet
  facet normal 0.991415 0.130755 0
    outer loop
      vertex -11.3256 0.194099 0
      vertex -11.3 -6.67572e-06 0.599999
      vertex -11.3 -6.67572e-06 0
    endloop
  endfacet
  facet normal 0.991415 -0.130754 0
    outer loop
      vertex -11.3256 -0.194114 0.599999
      vertex -11.3 -6.67572e-06 0
      vertex -11.3 -6.67572e-06 0.599999
    endloop
  endfacet
  facet normal 0.991415 -0.130754 0
    outer loop
      vertex -11.3 -6.67572e-06 0
      vertex -11.3256 -0.194114 0.599999
      vertex -11.3256 -0.194114 0
    endloop
  endfacet
  facet normal 0.923931 -0.38256 0
    outer loop
      vertex -11.4005 -0.375007 0.599999
      vertex -11.3256 -0.194114 0
      vertex -11.3256 -0.194114 0.599999
    endloop
  endfacet
  facet normal 0.923931 -0.38256 0
    outer loop
      vertex -11.3256 -0.194114 0
      vertex -11.4005 -0.375007 0.599999
      vertex -11.4005 -0.375007 0
    endloop
  endfacet
  facet normal 0.793305 -0.608824 0
    outer loop
      vertex -11.5197 -0.530326 0.599999
      vertex -11.4005 -0.375007 0
      vertex -11.4005 -0.375007 0.599999
    endloop
  endfacet
  facet normal 0.793305 -0.608824 0
    outer loop
      vertex -11.4005 -0.375007 0
      vertex -11.5197 -0.530326 0.599999
      vertex -11.5197 -0.530326 0
    endloop
  endfacet
  facet normal 0.608826 -0.793304 0
    outer loop
      vertex -11.675 -0.649512 0
      vertex -11.5197 -0.530326 0.599999
      vertex -11.675 -0.649512 0.599999
    endloop
  endfacet
  facet normal 0.608826 -0.793304 0
    outer loop
      vertex -11.5197 -0.530326 0.599999
      vertex -11.675 -0.649512 0
      vertex -11.5197 -0.530326 0
    endloop
  endfacet
  facet normal 0.382704 -0.923871 0
    outer loop
      vertex -11.8559 -0.724448 0
      vertex -11.675 -0.649512 0.599999
      vertex -11.8559 -0.724448 0.599999
    endloop
  endfacet
  facet normal 0.382704 -0.923871 0
    outer loop
      vertex -11.675 -0.649512 0.599999
      vertex -11.8559 -0.724448 0
      vertex -11.675 -0.649512 0
    endloop
  endfacet
  facet normal 0.130553 -0.991441 0
    outer loop
      vertex -12.05 -0.750007 0
      vertex -11.8559 -0.724448 0.599999
      vertex -12.05 -0.750007 0.599999
    endloop
  endfacet
  facet normal 0.130553 -0.991441 0
    outer loop
      vertex -11.8559 -0.724448 0.599999
      vertex -12.05 -0.750007 0
      vertex -11.8559 -0.724448 0
    endloop
  endfacet
  facet normal -0.130553 -0.991441 0
    outer loop
      vertex -12.2441 -0.724448 0
      vertex -12.05 -0.750007 0.599999
      vertex -12.2441 -0.724448 0.599999
    endloop
  endfacet
  facet normal -0.130553 -0.991441 -0
    outer loop
      vertex -12.05 -0.750007 0.599999
      vertex -12.2441 -0.724448 0
      vertex -12.05 -0.750007 0
    endloop
  endfacet
  facet normal -0.382704 -0.923871 0
    outer loop
      vertex -12.425 -0.649512 0
      vertex -12.2441 -0.724448 0.599999
      vertex -12.425 -0.649512 0.599999
    endloop
  endfacet
  facet normal -0.382704 -0.923871 -0
    outer loop
      vertex -12.2441 -0.724448 0.599999
      vertex -12.425 -0.649512 0
      vertex -12.2441 -0.724448 0
    endloop
  endfacet
  facet normal -0.608826 -0.793304 0
    outer loop
      vertex -12.5803 -0.530326 0
      vertex -12.425 -0.649512 0.599999
      vertex -12.5803 -0.530326 0.599999
    endloop
  endfacet
  facet normal -0.608826 -0.793304 -0
    outer loop
      vertex -12.425 -0.649512 0.599999
      vertex -12.5803 -0.530326 0
      vertex -12.425 -0.649512 0
    endloop
  endfacet
  facet normal -0.793305 -0.608824 0
    outer loop
      vertex -12.5803 -0.530326 0
      vertex -12.6995 -0.375007 0.599999
      vertex -12.6995 -0.375007 0
    endloop
  endfacet
  facet normal -0.793305 -0.608824 0
    outer loop
      vertex -12.6995 -0.375007 0.599999
      vertex -12.5803 -0.530326 0
      vertex -12.5803 -0.530326 0.599999
    endloop
  endfacet
  facet normal -0.923931 -0.38256 0
    outer loop
      vertex -12.6995 -0.375007 0
      vertex -12.7744 -0.194114 0.599999
      vertex -12.7744 -0.194114 0
    endloop
  endfacet
  facet normal -0.923931 -0.38256 0
    outer loop
      vertex -12.7744 -0.194114 0.599999
      vertex -12.6995 -0.375007 0
      vertex -12.6995 -0.375007 0.599999
    endloop
  endfacet
  facet normal -0.991415 -0.130754 0
    outer loop
      vertex -12.7744 -0.194114 0
      vertex -12.8 -6.67572e-06 0.599999
      vertex -12.8 -6.67572e-06 0
    endloop
  endfacet
  facet normal -0.991415 -0.130754 0
    outer loop
      vertex -12.8 -6.67572e-06 0.599999
      vertex -12.7744 -0.194114 0
      vertex -12.7744 -0.194114 0.599999
    endloop
  endfacet
  facet normal -0.991415 0.130755 0
    outer loop
      vertex -12.8 -6.67572e-06 0
      vertex -12.7744 0.194099 0.599999
      vertex -12.7744 0.194099 0
    endloop
  endfacet
  facet normal -0.991415 0.130755 0
    outer loop
      vertex -12.7744 0.194099 0.599999
      vertex -12.8 -6.67572e-06 0
      vertex -12.8 -6.67572e-06 0.599999
    endloop
  endfacet
  facet normal -0.923931 0.38256 0
    outer loop
      vertex -12.7744 0.194099 0
      vertex -12.6995 0.374992 0.599999
      vertex -12.6995 0.374992 0
    endloop
  endfacet
  facet normal -0.923931 0.38256 0
    outer loop
      vertex -12.6995 0.374992 0.599999
      vertex -12.7744 0.194099 0
      vertex -12.7744 0.194099 0.599999
    endloop
  endfacet
  facet normal -0.793307 0.608822 0
    outer loop
      vertex -12.6995 0.374992 0
      vertex -12.5803 0.530312 0.599999
      vertex -12.5803 0.530312 0
    endloop
  endfacet
  facet normal -0.793307 0.608822 0
    outer loop
      vertex -12.5803 0.530312 0.599999
      vertex -12.6995 0.374992 0
      vertex -12.6995 0.374992 0.599999
    endloop
  endfacet
  facet normal -0.608826 0.793304 0
    outer loop
      vertex -12.425 0.649498 0
      vertex -12.5803 0.530312 0.599999
      vertex -12.425 0.649498 0.599999
    endloop
  endfacet
  facet normal -0.608826 0.793304 0
    outer loop
      vertex -12.5803 0.530312 0.599999
      vertex -12.425 0.649498 0
      vertex -12.5803 0.530312 0
    endloop
  endfacet
  facet normal -0.382704 0.923871 0
    outer loop
      vertex -12.2441 0.724434 0
      vertex -12.425 0.649498 0.599999
      vertex -12.2441 0.724434 0.599999
    endloop
  endfacet
  facet normal -0.382704 0.923871 0
    outer loop
      vertex -12.425 0.649498 0.599999
      vertex -12.2441 0.724434 0
      vertex -12.425 0.649498 0
    endloop
  endfacet
  facet normal -0.130548 0.991442 0
    outer loop
      vertex -12.05 0.749992 0
      vertex -12.2441 0.724434 0.599999
      vertex -12.05 0.749992 0.599999
    endloop
  endfacet
  facet normal -0.130548 0.991442 0
    outer loop
      vertex -12.2441 0.724434 0.599999
      vertex -12.05 0.749992 0
      vertex -12.2441 0.724434 0
    endloop
  endfacet
  facet normal 0.130548 0.991442 -0
    outer loop
      vertex -11.8559 0.724434 0
      vertex -12.05 0.749992 0.599999
      vertex -11.8559 0.724434 0.599999
    endloop
  endfacet
  facet normal 0.130548 0.991442 0
    outer loop
      vertex -12.05 0.749992 0.599999
      vertex -11.8559 0.724434 0
      vertex -12.05 0.749992 0
    endloop
  endfacet
  facet normal 0.38256 0.923931 -0
    outer loop
      vertex 0.374994 12.6995 0
      vertex 0.194101 12.7744 0.599999
      vertex 0.374994 12.6995 0.599999
    endloop
  endfacet
  facet normal 0.38256 0.923931 0
    outer loop
      vertex 0.194101 12.7744 0.599999
      vertex 0.374994 12.6995 0
      vertex 0.194101 12.7744 0
    endloop
  endfacet
  facet normal 0.608824 0.793305 -0
    outer loop
      vertex 0.530313 12.5803 0
      vertex 0.374994 12.6995 0.599999
      vertex 0.530313 12.5803 0.599999
    endloop
  endfacet
  facet normal 0.608824 0.793305 0
    outer loop
      vertex 0.374994 12.6995 0.599999
      vertex 0.530313 12.5803 0
      vertex 0.374994 12.6995 0
    endloop
  endfacet
  facet normal 0.793301 0.608829 0
    outer loop
      vertex 0.6495 12.425 0.599999
      vertex 0.530313 12.5803 0
      vertex 0.530313 12.5803 0.599999
    endloop
  endfacet
  facet normal 0.793301 0.608829 0
    outer loop
      vertex 0.530313 12.5803 0
      vertex 0.6495 12.425 0.599999
      vertex 0.6495 12.425 0
    endloop
  endfacet
  facet normal 0.923871 0.382704 0
    outer loop
      vertex 0.724436 12.2441 0.599999
      vertex 0.6495 12.425 0
      vertex 0.6495 12.425 0.599999
    endloop
  endfacet
  facet normal 0.923871 0.382704 0
    outer loop
      vertex 0.6495 12.425 0
      vertex 0.724436 12.2441 0.599999
      vertex 0.724436 12.2441 0
    endloop
  endfacet
  facet normal 0.991442 0.130548 0
    outer loop
      vertex 0.749994 12.05 0.599999
      vertex 0.724436 12.2441 0
      vertex 0.724436 12.2441 0.599999
    endloop
  endfacet
  facet normal 0.991442 0.130548 0
    outer loop
      vertex 0.724436 12.2441 0
      vertex 0.749994 12.05 0.599999
      vertex 0.749994 12.05 0
    endloop
  endfacet
  facet normal 0.991442 -0.130548 0
    outer loop
      vertex 0.724436 11.8559 0.599999
      vertex 0.749994 12.05 0
      vertex 0.749994 12.05 0.599999
    endloop
  endfacet
  facet normal 0.991442 -0.130548 0
    outer loop
      vertex 0.749994 12.05 0
      vertex 0.724436 11.8559 0.599999
      vertex 0.724436 11.8559 0
    endloop
  endfacet
  facet normal 0.923871 -0.382704 0
    outer loop
      vertex 0.6495 11.675 0.599999
      vertex 0.724436 11.8559 0
      vertex 0.724436 11.8559 0.599999
    endloop
  endfacet
  facet normal 0.923871 -0.382704 0
    outer loop
      vertex 0.724436 11.8559 0
      vertex 0.6495 11.675 0.599999
      vertex 0.6495 11.675 0
    endloop
  endfacet
  facet normal 0.793301 -0.608829 0
    outer loop
      vertex 0.530313 11.5197 0.599999
      vertex 0.6495 11.675 0
      vertex 0.6495 11.675 0.599999
    endloop
  endfacet
  facet normal 0.793301 -0.608829 0
    outer loop
      vertex 0.6495 11.675 0
      vertex 0.530313 11.5197 0.599999
      vertex 0.530313 11.5197 0
    endloop
  endfacet
  facet normal 0.608824 -0.793305 0
    outer loop
      vertex 0.374994 11.4005 0
      vertex 0.530313 11.5197 0.599999
      vertex 0.374994 11.4005 0.599999
    endloop
  endfacet
  facet normal 0.608824 -0.793305 0
    outer loop
      vertex 0.530313 11.5197 0.599999
      vertex 0.374994 11.4005 0
      vertex 0.530313 11.5197 0
    endloop
  endfacet
  facet normal 0.382996 -0.92375 0
    outer loop
      vertex 0.194101 11.3255 0
      vertex 0.374994 11.4005 0.599999
      vertex 0.194101 11.3255 0.599999
    endloop
  endfacet
  facet normal 0.382996 -0.92375 0
    outer loop
      vertex 0.374994 11.4005 0.599999
      vertex 0.194101 11.3255 0
      vertex 0.374994 11.4005 0
    endloop
  endfacet
  facet normal 0.130253 -0.991481 0
    outer loop
      vertex -4.76837e-06 11.3 0
      vertex 0.194101 11.3255 0.599999
      vertex -4.76837e-06 11.3 0.599999
    endloop
  endfacet
  facet normal 0.130253 -0.991481 0
    outer loop
      vertex 0.194101 11.3255 0.599999
      vertex -4.76837e-06 11.3 0
      vertex 0.194101 11.3255 0
    endloop
  endfacet
  facet normal -0.130252 -0.991481 0
    outer loop
      vertex -0.194112 11.3255 0
      vertex -4.76837e-06 11.3 0.599999
      vertex -0.194112 11.3255 0.599999
    endloop
  endfacet
  facet normal -0.130252 -0.991481 -0
    outer loop
      vertex -4.76837e-06 11.3 0.599999
      vertex -0.194112 11.3255 0
      vertex -4.76837e-06 11.3 0
    endloop
  endfacet
  facet normal -0.382996 -0.92375 0
    outer loop
      vertex -0.375005 11.4005 0
      vertex -0.194112 11.3255 0.599999
      vertex -0.375005 11.4005 0.599999
    endloop
  endfacet
  facet normal -0.382996 -0.92375 -0
    outer loop
      vertex -0.194112 11.3255 0.599999
      vertex -0.375005 11.4005 0
      vertex -0.194112 11.3255 0
    endloop
  endfacet
  facet normal -0.608824 -0.793305 0
    outer loop
      vertex -0.530324 11.5197 0
      vertex -0.375005 11.4005 0.599999
      vertex -0.530324 11.5197 0.599999
    endloop
  endfacet
  facet normal -0.608824 -0.793305 -0
    outer loop
      vertex -0.375005 11.4005 0.599999
      vertex -0.530324 11.5197 0
      vertex -0.375005 11.4005 0
    endloop
  endfacet
  facet normal -0.793304 -0.608826 0
    outer loop
      vertex -0.530324 11.5197 0
      vertex -0.64951 11.675 0.599999
      vertex -0.64951 11.675 0
    endloop
  endfacet
  facet normal -0.793304 -0.608826 0
    outer loop
      vertex -0.64951 11.675 0.599999
      vertex -0.530324 11.5197 0
      vertex -0.530324 11.5197 0.599999
    endloop
  endfacet
  facet normal -0.923871 -0.382704 0
    outer loop
      vertex -0.64951 11.675 0
      vertex -0.724446 11.8559 0.599999
      vertex -0.724446 11.8559 0
    endloop
  endfacet
  facet normal -0.923871 -0.382704 0
    outer loop
      vertex -0.724446 11.8559 0.599999
      vertex -0.64951 11.675 0
      vertex -0.64951 11.675 0.599999
    endloop
  endfacet
  facet normal -0.991441 -0.130553 0
    outer loop
      vertex -0.724446 11.8559 0
      vertex -0.750005 12.05 0.599999
      vertex -0.750005 12.05 0
    endloop
  endfacet
  facet normal -0.991441 -0.130553 0
    outer loop
      vertex -0.750005 12.05 0.599999
      vertex -0.724446 11.8559 0
      vertex -0.724446 11.8559 0.599999
    endloop
  endfacet
  facet normal -0.991441 0.130553 0
    outer loop
      vertex -0.750005 12.05 0
      vertex -0.724446 12.2441 0.599999
      vertex -0.724446 12.2441 0
    endloop
  endfacet
  facet normal -0.991441 0.130553 0
    outer loop
      vertex -0.724446 12.2441 0.599999
      vertex -0.750005 12.05 0
      vertex -0.750005 12.05 0.599999
    endloop
  endfacet
  facet normal -0.923871 0.382704 0
    outer loop
      vertex -0.724446 12.2441 0
      vertex -0.64951 12.425 0.599999
      vertex -0.64951 12.425 0
    endloop
  endfacet
  facet normal -0.923871 0.382704 0
    outer loop
      vertex -0.64951 12.425 0.599999
      vertex -0.724446 12.2441 0
      vertex -0.724446 12.2441 0.599999
    endloop
  endfacet
  facet normal -0.793304 0.608826 0
    outer loop
      vertex -0.64951 12.425 0
      vertex -0.530324 12.5803 0.599999
      vertex -0.530324 12.5803 0
    endloop
  endfacet
  facet normal -0.793304 0.608826 0
    outer loop
      vertex -0.530324 12.5803 0.599999
      vertex -0.64951 12.425 0
      vertex -0.64951 12.425 0.599999
    endloop
  endfacet
  facet normal -0.608824 0.793305 0
    outer loop
      vertex -0.375005 12.6995 0
      vertex -0.530324 12.5803 0.599999
      vertex -0.375005 12.6995 0.599999
    endloop
  endfacet
  facet normal -0.608824 0.793305 0
    outer loop
      vertex -0.530324 12.5803 0.599999
      vertex -0.375005 12.6995 0
      vertex -0.530324 12.5803 0
    endloop
  endfacet
  facet normal -0.38256 0.923931 0
    outer loop
      vertex -0.194112 12.7744 0
      vertex -0.375005 12.6995 0.599999
      vertex -0.194112 12.7744 0.599999
    endloop
  endfacet
  facet normal -0.38256 0.923931 0
    outer loop
      vertex -0.375005 12.6995 0.599999
      vertex -0.194112 12.7744 0
      vertex -0.375005 12.6995 0
    endloop
  endfacet
  facet normal -0.130754 0.991415 0
    outer loop
      vertex -4.76837e-06 12.8 0
      vertex -0.194112 12.7744 0.599999
      vertex -4.76837e-06 12.8 0.599999
    endloop
  endfacet
  facet normal -0.130754 0.991415 0
    outer loop
      vertex -0.194112 12.7744 0.599999
      vertex -4.76837e-06 12.8 0
      vertex -0.194112 12.7744 0
    endloop
  endfacet
  facet normal 0.130755 0.991415 -0
    outer loop
      vertex 0.194101 12.7744 0
      vertex -4.76837e-06 12.8 0.599999
      vertex 0.194101 12.7744 0.599999
    endloop
  endfacet
  facet normal 0.130755 0.991415 0
    outer loop
      vertex -4.76837e-06 12.8 0.599999
      vertex 0.194101 12.7744 0
      vertex -4.76837e-06 12.8 0
    endloop
  endfacet
  facet normal 0 0 1
    outer loop
      vertex -2.17499 -37.2 0.599999
      vertex -0.750005 -36.875 0.599999
      vertex -0.750005 -36.225 0.599999
    endloop
  endfacet
  facet normal 0 0 1
    outer loop
      vertex -0.750005 -36.875 0.599999
      vertex -2.17499 -37.2 0.599999
      vertex -0.750005 -37.525 0.599999
    endloop
  endfacet
  facet normal 0 0 1
    outer loop
      vertex -0.750005 -37.525 0.599999
      vertex -2.17499 -37.2 0.599999
      vertex -0.750005 -38.175 0.599999
    endloop
  endfacet
  facet normal 0 0 1
    outer loop
      vertex 1.69998 -35.7 0.599999
      vertex 2.34999 -35.7 0.599999
      vertex 2.34608 -35.5807 0.599999
    endloop
  endfacet
  facet normal 0 0 1
    outer loop
      vertex 1.69746 -35.6232 0.599999
      vertex 2.34608 -35.5807 0.599999
      vertex 2.33436 -35.4618 0.599999
    endloop
  endfacet
  facet normal 0 0 1
    outer loop
      vertex 2.34999 -35.7 0.599999
      vertex 1.69998 -35.7 0.599999
      vertex 2.34608 -35.8194 0.599999
    endloop
  endfacet
  facet normal 0 0 1
    outer loop
      vertex 1.68994 -35.5466 0.599999
      vertex 2.33436 -35.4618 0.599999
      vertex 2.31492 -35.344 0.599999
    endloop
  endfacet
  facet normal -0 0 1
    outer loop
      vertex 1.69746 -35.7768 0.599999
      vertex 2.34608 -35.8194 0.599999
      vertex 1.69998 -35.7 0.599999
    endloop
  endfacet
  facet normal 0 0 1
    outer loop
      vertex 1.67741 -35.4708 0.599999
      vertex 2.31492 -35.344 0.599999
      vertex 2.28779 -35.2277 0.599999
    endloop
  endfacet
  facet normal 0 0 1
    outer loop
      vertex 2.34608 -35.8194 0.599999
      vertex 1.69746 -35.7768 0.599999
      vertex 2.33436 -35.9382 0.599999
    endloop
  endfacet
  facet normal 0 0 1
    outer loop
      vertex 1.65994 -35.3959 0.599999
      vertex 2.28779 -35.2277 0.599999
      vertex 2.25312 -35.1134 0.599999
    endloop
  endfacet
  facet normal -0 0 1
    outer loop
      vertex 1.68994 -35.8534 0.599999
      vertex 2.33436 -35.9382 0.599999
      vertex 1.69746 -35.7768 0.599999
    endloop
  endfacet
  facet normal 0 0 1
    outer loop
      vertex 1.63763 -35.3223 0.599999
      vertex 2.25312 -35.1134 0.599999
      vertex 2.21105 -35.0016 0.599999
    endloop
  endfacet
  facet normal 0 0 1
    outer loop
      vertex 2.33436 -35.9382 0.599999
      vertex 1.68994 -35.8534 0.599999
      vertex 2.31492 -36.056 0.599999
    endloop
  endfacet
  facet normal 0 0 1
    outer loop
      vertex 1.61054 -35.2504 0.599999
      vertex 2.21105 -35.0016 0.599999
      vertex 2.16177 -34.8928 0.599999
    endloop
  endfacet
  facet normal -0 0 1
    outer loop
      vertex 1.67741 -35.9292 0.599999
      vertex 2.31492 -36.056 0.599999
      vertex 1.68994 -35.8534 0.599999
    endloop
  endfacet
  facet normal 0 0 1
    outer loop
      vertex 1.57881 -35.1803 0.599999
      vertex 2.16177 -34.8928 0.599999
      vertex 2.10548 -34.7875 0.599999
    endloop
  endfacet
  facet normal 0 0 1
    outer loop
      vertex 2.31492 -36.056 0.599999
      vertex 1.67741 -35.9292 0.599999
      vertex 2.28779 -36.1723 0.599999
    endloop
  endfacet
  facet normal 0 0 1
    outer loop
      vertex 1.54257 -35.1125 0.599999
      vertex 2.10548 -34.7875 0.599999
      vertex 2.04241 -34.6861 0.599999
    endloop
  endfacet
  facet normal -0 0 1
    outer loop
      vertex 1.65994 -36.0041 0.599999
      vertex 2.28779 -36.1723 0.599999
      vertex 1.67741 -35.9292 0.599999
    endloop
  endfacet
  facet normal 0 0 1
    outer loop
      vertex 1.50196 -35.0472 0.599999
      vertex 2.04241 -34.6861 0.599999
      vertex 1.97285 -34.589 0.599999
    endloop
  endfacet
  facet normal 0 0 1
    outer loop
      vertex 2.28779 -36.1723 0.599999
      vertex 1.65994 -36.0041 0.599999
      vertex 2.25312 -36.2866 0.599999
    endloop
  endfacet
  facet normal 0 0 1
    outer loop
      vertex 1.45718 -34.9847 0.599999
      vertex 1.97285 -34.589 0.599999
      vertex 1.89709 -34.4967 0.599999
    endloop
  endfacet
  facet normal -0 0 1
    outer loop
      vertex 1.63763 -36.0777 0.599999
      vertex 2.25312 -36.2866 0.599999
      vertex 1.65994 -36.0041 0.599999
    endloop
  endfacet
  facet normal 0 0 1
    outer loop
      vertex 1.4084 -34.9253 0.599999
      vertex 1.89709 -34.4967 0.599999
      vertex 1.81545 -34.4095 0.599999
    endloop
  endfacet
  facet normal 0 0 1
    outer loop
      vertex 2.25312 -36.2866 0.599999
      vertex 1.63763 -36.0777 0.599999
      vertex 2.21105 -36.3984 0.599999
    endloop
  endfacet
  facet normal 0 0 1
    outer loop
      vertex 1.35583 -34.8692 0.599999
      vertex 1.81545 -34.4095 0.599999
      vertex 1.72828 -34.3279 0.599999
    endloop
  endfacet
  facet normal -0 0 1
    outer loop
      vertex 1.61054 -36.1497 0.599999
      vertex 2.21105 -36.3984 0.599999
      vertex 1.63763 -36.0777 0.599999
    endloop
  endfacet
  facet normal 0 0 1
    outer loop
      vertex 2.21105 -36.3984 0.599999
      vertex 1.61054 -36.1497 0.599999
      vertex 2.16177 -36.5072 0.599999
    endloop
  endfacet
  facet normal 0 0 1
    outer loop
      vertex 2.34608 -35.5807 0.599999
      vertex 1.69746 -35.6232 0.599999
      vertex 1.69998 -35.7 0.599999
    endloop
  endfacet
  facet normal 0 0 1
    outer loop
      vertex 2.33436 -35.4618 0.599999
      vertex 1.68994 -35.5466 0.599999
      vertex 1.69746 -35.6232 0.599999
    endloop
  endfacet
  facet normal 0 0 1
    outer loop
      vertex 2.31492 -35.344 0.599999
      vertex 1.67741 -35.4708 0.599999
      vertex 1.68994 -35.5466 0.599999
    endloop
  endfacet
  facet normal 0 0 1
    outer loop
      vertex 2.28779 -35.2277 0.599999
      vertex 1.65994 -35.3959 0.599999
      vertex 1.67741 -35.4708 0.599999
    endloop
  endfacet
  facet normal 0 0 1
    outer loop
      vertex 2.25312 -35.1134 0.599999
      vertex 1.63763 -35.3223 0.599999
      vertex 1.65994 -35.3959 0.599999
    endloop
  endfacet
  facet normal 0 0 1
    outer loop
      vertex 1.29971 -34.8166 0.599999
      vertex 1.72828 -34.3279 0.599999
      vertex 1.63597 -34.2521 0.599999
    endloop
  endfacet
  facet normal 0 0 1
    outer loop
      vertex 2.21105 -35.0016 0.599999
      vertex 1.61054 -35.2504 0.599999
      vertex 1.63763 -35.3223 0.599999
    endloop
  endfacet
  facet normal 0 0 1
    outer loop
      vertex 2.16177 -34.8928 0.599999
      vertex 1.57881 -35.1803 0.599999
      vertex 1.61054 -35.2504 0.599999
    endloop
  endfacet
  facet normal 0 0 1
    outer loop
      vertex 2.10548 -34.7875 0.599999
      vertex 1.54257 -35.1125 0.599999
      vertex 1.57881 -35.1803 0.599999
    endloop
  endfacet
  facet normal 0 0 1
    outer loop
      vertex 1.24027 -34.7678 0.599999
      vertex 1.63597 -34.2521 0.599999
      vertex 1.53889 -34.1826 0.599999
    endloop
  endfacet
  facet normal 0 0 1
    outer loop
      vertex 2.04241 -34.6861 0.599999
      vertex 1.50196 -35.0472 0.599999
      vertex 1.54257 -35.1125 0.599999
    endloop
  endfacet
  facet normal 0 0 1
    outer loop
      vertex 1.97285 -34.589 0.599999
      vertex 1.45718 -34.9847 0.599999
      vertex 1.50196 -35.0472 0.599999
    endloop
  endfacet
  facet normal 0 0 1
    outer loop
      vertex 1.17777 -34.723 0.599999
      vertex 1.53889 -34.1826 0.599999
      vertex 1.43748 -34.1195 0.599999
    endloop
  endfacet
  facet normal 0 0 1
    outer loop
      vertex 1.89709 -34.4967 0.599999
      vertex 1.4084 -34.9253 0.599999
      vertex 1.45718 -34.9847 0.599999
    endloop
  endfacet
  facet normal 0 0 1
    outer loop
      vertex 1.81545 -34.4095 0.599999
      vertex 1.35583 -34.8692 0.599999
      vertex 1.4084 -34.9253 0.599999
    endloop
  endfacet
  facet normal 0 0 1
    outer loop
      vertex 1.11248 -34.6824 0.599999
      vertex 1.43748 -34.1195 0.599999
      vertex 1.33216 -34.0632 0.599999
    endloop
  endfacet
  facet normal 0 0 1
    outer loop
      vertex 1.72828 -34.3279 0.599999
      vertex 1.29971 -34.8166 0.599999
      vertex 1.35583 -34.8692 0.599999
    endloop
  endfacet
  facet normal 0 0 1
    outer loop
      vertex 1.63597 -34.2521 0.599999
      vertex 1.24027 -34.7678 0.599999
      vertex 1.29971 -34.8166 0.599999
    endloop
  endfacet
  facet normal 0 0 1
    outer loop
      vertex 1.04467 -34.6462 0.599999
      vertex 1.33216 -34.0632 0.599999
      vertex 1.22338 -34.0139 0.599999
    endloop
  endfacet
  facet normal 0 0 1
    outer loop
      vertex 1.53889 -34.1826 0.599999
      vertex 1.17777 -34.723 0.599999
      vertex 1.24027 -34.7678 0.599999
    endloop
  endfacet
  facet normal 0 0 1
    outer loop
      vertex 1.43748 -34.1195 0.599999
      vertex 1.11248 -34.6824 0.599999
      vertex 1.17777 -34.723 0.599999
    endloop
  endfacet
  facet normal 0 0 1
    outer loop
      vertex 0.974634 -34.6144 0.599999
      vertex 1.22338 -34.0139 0.599999
      vertex 1.11161 -33.9719 0.599999
    endloop
  endfacet
  facet normal 0 0 1
    outer loop
      vertex 1.33216 -34.0632 0.599999
      vertex 1.04467 -34.6462 0.599999
      vertex 1.11248 -34.6824 0.599999
    endloop
  endfacet
  facet normal 0 0 1
    outer loop
      vertex 0.902674 -34.5874 0.599999
      vertex 1.11161 -33.9719 0.599999
      vertex 0.997324 -33.9372 0.599999
    endloop
  endfacet
  facet normal 0 0 1
    outer loop
      vertex 1.22338 -34.0139 0.599999
      vertex 0.974634 -34.6144 0.599999
      vertex 1.04467 -34.6462 0.599999
    endloop
  endfacet
  facet normal 0 0 1
    outer loop
      vertex 1.11161 -33.9719 0.599999
      vertex 0.902674 -34.5874 0.599999
      vertex 0.974634 -34.6144 0.599999
    endloop
  endfacet
  facet normal 0 0 1
    outer loop
      vertex 0.829096 -34.5651 0.599999
      vertex 0.997324 -33.9372 0.599999
      vertex 0.881021 -33.9101 0.599999
    endloop
  endfacet
  facet normal 0 0 1
    outer loop
      vertex 0.997324 -33.9372 0.599999
      vertex 0.829096 -34.5651 0.599999
      vertex 0.902674 -34.5874 0.599999
    endloop
  endfacet
  facet normal 0 0 1
    outer loop
      vertex 0.754206 -34.5476 0.599999
      vertex 0.881021 -33.9101 0.599999
      vertex 0.763193 -33.8906 0.599999
    endloop
  endfacet
  facet normal 0 0 1
    outer loop
      vertex 0.881021 -33.9101 0.599999
      vertex 0.754206 -34.5476 0.599999
      vertex 0.829096 -34.5651 0.599999
    endloop
  endfacet
  facet normal 0 0 1
    outer loop
      vertex 0.763193 -33.8906 0.599999
      vertex 0.678354 -34.5351 0.599999
      vertex 0.754206 -34.5476 0.599999
    endloop
  endfacet
  facet normal 0 0 1
    outer loop
      vertex 0.644342 -33.8789 0.599999
      vertex 0.678354 -34.5351 0.599999
      vertex 0.763193 -33.8906 0.599999
    endloop
  endfacet
  facet normal 0 0 1
    outer loop
      vertex 0.644342 -33.8789 0.599999
      vertex 0.601831 -34.5275 0.599999
      vertex 0.678354 -34.5351 0.599999
    endloop
  endfacet
  facet normal 0 0 1
    outer loop
      vertex 0.524988 -33.875 0.599999
      vertex 0.601831 -34.5275 0.599999
      vertex 0.644342 -33.8789 0.599999
    endloop
  endfacet
  facet normal 0 0 1
    outer loop
      vertex 0.524988 -33.875 0.599999
      vertex 0.524988 -34.525 0.599999
      vertex 0.601831 -34.5275 0.599999
    endloop
  endfacet
  facet normal -0 0 1
    outer loop
      vertex -1.2 -33.875 0.599999
      vertex 0.524988 -34.525 0.599999
      vertex 0.524988 -33.875 0.599999
    endloop
  endfacet
  facet normal 0 0 1
    outer loop
      vertex 0.524988 -34.525 0.599999
      vertex -1.2 -33.875 0.599999
      vertex -1.2 -34.525 0.599999
    endloop
  endfacet
  facet normal -0 0 1
    outer loop
      vertex 1.57881 -36.2197 0.599999
      vertex 2.16177 -36.5072 0.599999
      vertex 1.61054 -36.1497 0.599999
    endloop
  endfacet
  facet normal 0 0 1
    outer loop
      vertex 2.16177 -36.5072 0.599999
      vertex 1.57881 -36.2197 0.599999
      vertex 2.10548 -36.6125 0.599999
    endloop
  endfacet
  facet normal -0 0 1
    outer loop
      vertex 1.54257 -36.2875 0.599999
      vertex 2.10548 -36.6125 0.599999
      vertex 1.57881 -36.2197 0.599999
    endloop
  endfacet
  facet normal 0 0 1
    outer loop
      vertex 2.10548 -36.6125 0.599999
      vertex 1.54257 -36.2875 0.599999
      vertex 2.04241 -36.7139 0.599999
    endloop
  endfacet
  facet normal -0 0 1
    outer loop
      vertex 1.50196 -36.3528 0.599999
      vertex 2.04241 -36.7139 0.599999
      vertex 1.54257 -36.2875 0.599999
    endloop
  endfacet
  facet normal 0 0 1
    outer loop
      vertex 2.04241 -36.7139 0.599999
      vertex 1.50196 -36.3528 0.599999
      vertex 1.97285 -36.811 0.599999
    endloop
  endfacet
  facet normal -0 0 1
    outer loop
      vertex 1.45718 -36.4153 0.599999
      vertex 1.97285 -36.811 0.599999
      vertex 1.50196 -36.3528 0.599999
    endloop
  endfacet
  facet normal 0 0 1
    outer loop
      vertex 1.97285 -36.811 0.599999
      vertex 1.45718 -36.4153 0.599999
      vertex 1.89709 -36.9033 0.599999
    endloop
  endfacet
  facet normal -0 0 1
    outer loop
      vertex 1.4084 -36.4747 0.599999
      vertex 1.89709 -36.9033 0.599999
      vertex 1.45718 -36.4153 0.599999
    endloop
  endfacet
  facet normal 0 0 1
    outer loop
      vertex 1.89709 -36.9033 0.599999
      vertex 1.4084 -36.4747 0.599999
      vertex 1.81545 -36.9905 0.599999
    endloop
  endfacet
  facet normal -0 0 1
    outer loop
      vertex 1.35583 -36.5308 0.599999
      vertex 1.81545 -36.9905 0.599999
      vertex 1.4084 -36.4747 0.599999
    endloop
  endfacet
  facet normal 0 0 1
    outer loop
      vertex 1.81545 -36.9905 0.599999
      vertex 1.35583 -36.5308 0.599999
      vertex 1.72828 -37.0721 0.599999
    endloop
  endfacet
  facet normal -0 0 1
    outer loop
      vertex 1.29971 -36.5834 0.599999
      vertex 1.72828 -37.0721 0.599999
      vertex 1.35583 -36.5308 0.599999
    endloop
  endfacet
  facet normal 0 0 1
    outer loop
      vertex 1.72828 -37.0721 0.599999
      vertex 1.29971 -36.5834 0.599999
      vertex 1.63597 -37.1479 0.599999
    endloop
  endfacet
  facet normal -0 0 1
    outer loop
      vertex 1.24027 -36.6322 0.599999
      vertex 1.63597 -37.1479 0.599999
      vertex 1.29971 -36.5834 0.599999
    endloop
  endfacet
  facet normal 0 0 1
    outer loop
      vertex 1.63597 -37.1479 0.599999
      vertex 1.24027 -36.6322 0.599999
      vertex 1.53889 -37.2174 0.599999
    endloop
  endfacet
  facet normal -0 0 1
    outer loop
      vertex 1.17777 -36.677 0.599999
      vertex 1.53889 -37.2174 0.599999
      vertex 1.24027 -36.6322 0.599999
    endloop
  endfacet
  facet normal 0 0 1
    outer loop
      vertex 1.53889 -37.2174 0.599999
      vertex 1.17777 -36.677 0.599999
      vertex 1.43748 -37.2805 0.599999
    endloop
  endfacet
  facet normal -0 0 1
    outer loop
      vertex 1.11248 -36.7176 0.599999
      vertex 1.43748 -37.2805 0.599999
      vertex 1.17777 -36.677 0.599999
    endloop
  endfacet
  facet normal 0 0 1
    outer loop
      vertex 1.43748 -37.2805 0.599999
      vertex 1.11248 -36.7176 0.599999
      vertex 1.33216 -37.3368 0.599999
    endloop
  endfacet
  facet normal -0 0 1
    outer loop
      vertex 1.04467 -36.7538 0.599999
      vertex 1.33216 -37.3368 0.599999
      vertex 1.11248 -36.7176 0.599999
    endloop
  endfacet
  facet normal 0 0 1
    outer loop
      vertex 1.33216 -37.3368 0.599999
      vertex 1.04467 -36.7538 0.599999
      vertex 1.22338 -37.3861 0.599999
    endloop
  endfacet
  facet normal -0 0 1
    outer loop
      vertex 0.974634 -36.7856 0.599999
      vertex 1.22338 -37.3861 0.599999
      vertex 1.04467 -36.7538 0.599999
    endloop
  endfacet
  facet normal 0 0 1
    outer loop
      vertex 1.22338 -37.3861 0.599999
      vertex 0.974634 -36.7856 0.599999
      vertex 1.11161 -37.4281 0.599999
    endloop
  endfacet
  facet normal -0 0 1
    outer loop
      vertex 0.902674 -36.8126 0.599999
      vertex 1.11161 -37.4281 0.599999
      vertex 0.974634 -36.7856 0.599999
    endloop
  endfacet
  facet normal 0 0 1
    outer loop
      vertex 1.11161 -37.4281 0.599999
      vertex 0.902674 -36.8126 0.599999
      vertex 0.997324 -37.4628 0.599999
    endloop
  endfacet
  facet normal -0 0 1
    outer loop
      vertex 0.829096 -36.835 0.599999
      vertex 0.997324 -37.4628 0.599999
      vertex 0.902674 -36.8126 0.599999
    endloop
  endfacet
  facet normal 0 0 1
    outer loop
      vertex 0.997324 -37.4628 0.599999
      vertex 0.829096 -36.835 0.599999
      vertex 0.881021 -37.4899 0.599999
    endloop
  endfacet
  facet normal -0 0 1
    outer loop
      vertex 0.754206 -36.8524 0.599999
      vertex 0.881021 -37.4899 0.599999
      vertex 0.829096 -36.835 0.599999
    endloop
  endfacet
  facet normal 0 0 1
    outer loop
      vertex 0.881021 -37.4899 0.599999
      vertex 0.754206 -36.8524 0.599999
      vertex 0.763193 -37.5094 0.599999
    endloop
  endfacet
  facet normal -0 0 1
    outer loop
      vertex 0.678354 -36.865 0.599999
      vertex 0.763193 -37.5094 0.599999
      vertex 0.754206 -36.8524 0.599999
    endloop
  endfacet
  facet normal 0 0 1
    outer loop
      vertex 0.678354 -36.865 0.599999
      vertex 0.644342 -37.5211 0.599999
      vertex 0.763193 -37.5094 0.599999
    endloop
  endfacet
  facet normal -0 0 1
    outer loop
      vertex 0.601831 -36.8725 0.599999
      vertex 0.644342 -37.5211 0.599999
      vertex 0.678354 -36.865 0.599999
    endloop
  endfacet
  facet normal -0 0 1
    outer loop
      vertex 0.524988 -36.875 0.599999
      vertex 0.644342 -37.5211 0.599999
      vertex 0.601831 -36.8725 0.599999
    endloop
  endfacet
  facet normal 0 0 1
    outer loop
      vertex 0.524988 -36.875 0.599999
      vertex 0.524988 -37.525 0.599999
      vertex 0.644342 -37.5211 0.599999
    endloop
  endfacet
  facet normal -0 0 1
    outer loop
      vertex -0.750005 -36.875 0.599999
      vertex 0.524988 -37.525 0.599999
      vertex 0.524988 -36.875 0.599999
    endloop
  endfacet
  facet normal 0 0 1
    outer loop
      vertex 0.524988 -37.525 0.599999
      vertex -0.750005 -36.875 0.599999
      vertex -0.750005 -37.525 0.599999
    endloop
  endfacet
  facet normal 0 0 -1
    outer loop
      vertex -2.17499 -37.2 0
      vertex -0.750005 -37.525 0
      vertex -0.750005 -38.175 0
    endloop
  endfacet
  facet normal 0 0 -1
    outer loop
      vertex -0.750005 -37.525 0
      vertex -2.17499 -37.2 0
      vertex -0.750005 -36.875 0
    endloop
  endfacet
  facet normal -0 0 -1
    outer loop
      vertex -0.750005 -36.875 0
      vertex -2.17499 -37.2 0
      vertex -0.750005 -36.225 0
    endloop
  endfacet
  facet normal 0 0 -1
    outer loop
      vertex 1.69998 -35.7 0
      vertex 2.34999 -35.7 0
      vertex 2.34608 -35.8194 0
    endloop
  endfacet
  facet normal 0 0 -1
    outer loop
      vertex 1.69746 -35.7768 0
      vertex 2.34608 -35.8194 0
      vertex 2.33436 -35.9382 0
    endloop
  endfacet
  facet normal 0 0 -1
    outer loop
      vertex 2.34999 -35.7 0
      vertex 1.69998 -35.7 0
      vertex 2.34608 -35.5807 0
    endloop
  endfacet
  facet normal 0 0 -1
    outer loop
      vertex 1.68994 -35.8534 0
      vertex 2.33436 -35.9382 0
      vertex 2.31492 -36.056 0
    endloop
  endfacet
  facet normal 0 0 -1
    outer loop
      vertex 1.69746 -35.6232 0
      vertex 2.34608 -35.5807 0
      vertex 1.69998 -35.7 0
    endloop
  endfacet
  facet normal 0 0 -1
    outer loop
      vertex 1.67741 -35.9292 0
      vertex 2.31492 -36.056 0
      vertex 2.28779 -36.1723 0
    endloop
  endfacet
  facet normal -0 0 -1
    outer loop
      vertex 2.34608 -35.5807 0
      vertex 1.69746 -35.6232 0
      vertex 2.33436 -35.4618 0
    endloop
  endfacet
  facet normal 0 0 -1
    outer loop
      vertex 1.65994 -36.0041 0
      vertex 2.28779 -36.1723 0
      vertex 2.25312 -36.2866 0
    endloop
  endfacet
  facet normal 0 0 -1
    outer loop
      vertex 1.68994 -35.5466 0
      vertex 2.33436 -35.4618 0
      vertex 1.69746 -35.6232 0
    endloop
  endfacet
  facet normal 0 0 -1
    outer loop
      vertex 1.63763 -36.0777 0
      vertex 2.25312 -36.2866 0
      vertex 2.21105 -36.3984 0
    endloop
  endfacet
  facet normal -0 0 -1
    outer loop
      vertex 2.33436 -35.4618 0
      vertex 1.68994 -35.5466 0
      vertex 2.31492 -35.344 0
    endloop
  endfacet
  facet normal 0 0 -1
    outer loop
      vertex 1.61054 -36.1497 0
      vertex 2.21105 -36.3984 0
      vertex 2.16177 -36.5072 0
    endloop
  endfacet
  facet normal 0 0 -1
    outer loop
      vertex 1.67741 -35.4708 0
      vertex 2.31492 -35.344 0
      vertex 1.68994 -35.5466 0
    endloop
  endfacet
  facet normal 0 0 -1
    outer loop
      vertex 1.57881 -36.2197 0
      vertex 2.16177 -36.5072 0
      vertex 2.10548 -36.6125 0
    endloop
  endfacet
  facet normal -0 0 -1
    outer loop
      vertex 2.31492 -35.344 0
      vertex 1.67741 -35.4708 0
      vertex 2.28779 -35.2277 0
    endloop
  endfacet
  facet normal 0 0 -1
    outer loop
      vertex 1.54257 -36.2875 0
      vertex 2.10548 -36.6125 0
      vertex 2.04241 -36.7139 0
    endloop
  endfacet
  facet normal 0 0 -1
    outer loop
      vertex 1.65994 -35.3959 0
      vertex 2.28779 -35.2277 0
      vertex 1.67741 -35.4708 0
    endloop
  endfacet
  facet normal 0 0 -1
    outer loop
      vertex 1.50196 -36.3528 0
      vertex 2.04241 -36.7139 0
      vertex 1.97285 -36.811 0
    endloop
  endfacet
  facet normal -0 0 -1
    outer loop
      vertex 2.28779 -35.2277 0
      vertex 1.65994 -35.3959 0
      vertex 2.25312 -35.1134 0
    endloop
  endfacet
  facet normal 0 0 -1
    outer loop
      vertex 1.45718 -36.4153 0
      vertex 1.97285 -36.811 0
      vertex 1.89709 -36.9033 0
    endloop
  endfacet
  facet normal 0 0 -1
    outer loop
      vertex 1.63763 -35.3223 0
      vertex 2.25312 -35.1134 0
      vertex 1.65994 -35.3959 0
    endloop
  endfacet
  facet normal 0 0 -1
    outer loop
      vertex 1.4084 -36.4747 0
      vertex 1.89709 -36.9033 0
      vertex 1.81545 -36.9905 0
    endloop
  endfacet
  facet normal -0 0 -1
    outer loop
      vertex 2.25312 -35.1134 0
      vertex 1.63763 -35.3223 0
      vertex 2.21105 -35.0016 0
    endloop
  endfacet
  facet normal 0 0 -1
    outer loop
      vertex 1.35583 -36.5308 0
      vertex 1.81545 -36.9905 0
      vertex 1.72828 -37.0721 0
    endloop
  endfacet
  facet normal 0 0 -1
    outer loop
      vertex 1.61054 -35.2504 0
      vertex 2.21105 -35.0016 0
      vertex 1.63763 -35.3223 0
    endloop
  endfacet
  facet normal -0 0 -1
    outer loop
      vertex 2.21105 -35.0016 0
      vertex 1.61054 -35.2504 0
      vertex 2.16177 -34.8928 0
    endloop
  endfacet
  facet normal 0 0 -1
    outer loop
      vertex 2.34608 -35.8194 0
      vertex 1.69746 -35.7768 0
      vertex 1.69998 -35.7 0
    endloop
  endfacet
  facet normal 0 0 -1
    outer loop
      vertex 2.33436 -35.9382 0
      vertex 1.68994 -35.8534 0
      vertex 1.69746 -35.7768 0
    endloop
  endfacet
  facet normal 0 0 -1
    outer loop
      vertex 2.31492 -36.056 0
      vertex 1.67741 -35.9292 0
      vertex 1.68994 -35.8534 0
    endloop
  endfacet
  facet normal 0 0 -1
    outer loop
      vertex 2.28779 -36.1723 0
      vertex 1.65994 -36.0041 0
      vertex 1.67741 -35.9292 0
    endloop
  endfacet
  facet normal 0 0 -1
    outer loop
      vertex 2.25312 -36.2866 0
      vertex 1.63763 -36.0777 0
      vertex 1.65994 -36.0041 0
    endloop
  endfacet
  facet normal 0 0 -1
    outer loop
      vertex 1.29971 -36.5834 0
      vertex 1.72828 -37.0721 0
      vertex 1.63597 -37.1479 0
    endloop
  endfacet
  facet normal 0 0 -1
    outer loop
      vertex 2.21105 -36.3984 0
      vertex 1.61054 -36.1497 0
      vertex 1.63763 -36.0777 0
    endloop
  endfacet
  facet normal 0 0 -1
    outer loop
      vertex 2.16177 -36.5072 0
      vertex 1.57881 -36.2197 0
      vertex 1.61054 -36.1497 0
    endloop
  endfacet
  facet normal 0 0 -1
    outer loop
      vertex 2.10548 -36.6125 0
      vertex 1.54257 -36.2875 0
      vertex 1.57881 -36.2197 0
    endloop
  endfacet
  facet normal 0 0 -1
    outer loop
      vertex 1.24027 -36.6322 0
      vertex 1.63597 -37.1479 0
      vertex 1.53889 -37.2174 0
    endloop
  endfacet
  facet normal 0 0 -1
    outer loop
      vertex 2.04241 -36.7139 0
      vertex 1.50196 -36.3528 0
      vertex 1.54257 -36.2875 0
    endloop
  endfacet
  facet normal 0 0 -1
    outer loop
      vertex 1.97285 -36.811 0
      vertex 1.45718 -36.4153 0
      vertex 1.50196 -36.3528 0
    endloop
  endfacet
  facet normal 0 0 -1
    outer loop
      vertex 1.17777 -36.677 0
      vertex 1.53889 -37.2174 0
      vertex 1.43748 -37.2805 0
    endloop
  endfacet
  facet normal 0 0 -1
    outer loop
      vertex 1.89709 -36.9033 0
      vertex 1.4084 -36.4747 0
      vertex 1.45718 -36.4153 0
    endloop
  endfacet
  facet normal 0 0 -1
    outer loop
      vertex 1.81545 -36.9905 0
      vertex 1.35583 -36.5308 0
      vertex 1.4084 -36.4747 0
    endloop
  endfacet
  facet normal 0 0 -1
    outer loop
      vertex 1.11248 -36.7176 0
      vertex 1.43748 -37.2805 0
      vertex 1.33216 -37.3368 0
    endloop
  endfacet
  facet normal 0 0 -1
    outer loop
      vertex 1.72828 -37.0721 0
      vertex 1.29971 -36.5834 0
      vertex 1.35583 -36.5308 0
    endloop
  endfacet
  facet normal 0 0 -1
    outer loop
      vertex 1.63597 -37.1479 0
      vertex 1.24027 -36.6322 0
      vertex 1.29971 -36.5834 0
    endloop
  endfacet
  facet normal 0 0 -1
    outer loop
      vertex 1.04467 -36.7538 0
      vertex 1.33216 -37.3368 0
      vertex 1.22338 -37.3861 0
    endloop
  endfacet
  facet normal 0 0 -1
    outer loop
      vertex 1.53889 -37.2174 0
      vertex 1.17777 -36.677 0
      vertex 1.24027 -36.6322 0
    endloop
  endfacet
  facet normal 0 0 -1
    outer loop
      vertex 1.43748 -37.2805 0
      vertex 1.11248 -36.7176 0
      vertex 1.17777 -36.677 0
    endloop
  endfacet
  facet normal 0 0 -1
    outer loop
      vertex 0.974634 -36.7856 0
      vertex 1.22338 -37.3861 0
      vertex 1.11161 -37.4281 0
    endloop
  endfacet
  facet normal 0 0 -1
    outer loop
      vertex 1.33216 -37.3368 0
      vertex 1.04467 -36.7538 0
      vertex 1.11248 -36.7176 0
    endloop
  endfacet
  facet normal 0 0 -1
    outer loop
      vertex 0.902674 -36.8126 0
      vertex 1.11161 -37.4281 0
      vertex 0.997324 -37.4628 0
    endloop
  endfacet
  facet normal 0 0 -1
    outer loop
      vertex 1.22338 -37.3861 0
      vertex 0.974634 -36.7856 0
      vertex 1.04467 -36.7538 0
    endloop
  endfacet
  facet normal 0 0 -1
    outer loop
      vertex 1.11161 -37.4281 0
      vertex 0.902674 -36.8126 0
      vertex 0.974634 -36.7856 0
    endloop
  endfacet
  facet normal 0 0 -1
    outer loop
      vertex 0.829096 -36.835 0
      vertex 0.997324 -37.4628 0
      vertex 0.881021 -37.4899 0
    endloop
  endfacet
  facet normal 0 0 -1
    outer loop
      vertex 0.997324 -37.4628 0
      vertex 0.829096 -36.835 0
      vertex 0.902674 -36.8126 0
    endloop
  endfacet
  facet normal 0 0 -1
    outer loop
      vertex 0.754206 -36.8524 0
      vertex 0.881021 -37.4899 0
      vertex 0.763193 -37.5094 0
    endloop
  endfacet
  facet normal 0 0 -1
    outer loop
      vertex 0.881021 -37.4899 0
      vertex 0.754206 -36.8524 0
      vertex 0.829096 -36.835 0
    endloop
  endfacet
  facet normal 0 0 -1
    outer loop
      vertex 0.763193 -37.5094 0
      vertex 0.678354 -36.865 0
      vertex 0.754206 -36.8524 0
    endloop
  endfacet
  facet normal 0 0 -1
    outer loop
      vertex 0.644342 -37.5211 0
      vertex 0.678354 -36.865 0
      vertex 0.763193 -37.5094 0
    endloop
  endfacet
  facet normal 0 0 -1
    outer loop
      vertex 0.644342 -37.5211 0
      vertex 0.601831 -36.8725 0
      vertex 0.678354 -36.865 0
    endloop
  endfacet
  facet normal 0 0 -1
    outer loop
      vertex 0.524988 -37.525 0
      vertex 0.601831 -36.8725 0
      vertex 0.644342 -37.5211 0
    endloop
  endfacet
  facet normal 0 0 -1
    outer loop
      vertex 0.524988 -37.525 0
      vertex 0.524988 -36.875 0
      vertex 0.601831 -36.8725 0
    endloop
  endfacet
  facet normal 0 0 -1
    outer loop
      vertex -0.750005 -37.525 0
      vertex 0.524988 -36.875 0
      vertex 0.524988 -37.525 0
    endloop
  endfacet
  facet normal -0 0 -1
    outer loop
      vertex 0.524988 -36.875 0
      vertex -0.750005 -37.525 0
      vertex -0.750005 -36.875 0
    endloop
  endfacet
  facet normal 0 0 -1
    outer loop
      vertex 1.57881 -35.1803 0
      vertex 2.16177 -34.8928 0
      vertex 1.61054 -35.2504 0
    endloop
  endfacet
  facet normal -0 0 -1
    outer loop
      vertex 2.16177 -34.8928 0
      vertex 1.57881 -35.1803 0
      vertex 2.10548 -34.7875 0
    endloop
  endfacet
  facet normal 0 0 -1
    outer loop
      vertex 1.54257 -35.1125 0
      vertex 2.10548 -34.7875 0
      vertex 1.57881 -35.1803 0
    endloop
  endfacet
  facet normal -0 0 -1
    outer loop
      vertex 2.10548 -34.7875 0
      vertex 1.54257 -35.1125 0
      vertex 2.04241 -34.6861 0
    endloop
  endfacet
  facet normal 0 0 -1
    outer loop
      vertex 1.50196 -35.0472 0
      vertex 2.04241 -34.6861 0
      vertex 1.54257 -35.1125 0
    endloop
  endfacet
  facet normal -0 0 -1
    outer loop
      vertex 2.04241 -34.6861 0
      vertex 1.50196 -35.0472 0
      vertex 1.97285 -34.589 0
    endloop
  endfacet
  facet normal 0 0 -1
    outer loop
      vertex 1.45718 -34.9847 0
      vertex 1.97285 -34.589 0
      vertex 1.50196 -35.0472 0
    endloop
  endfacet
  facet normal -0 0 -1
    outer loop
      vertex 1.97285 -34.589 0
      vertex 1.45718 -34.9847 0
      vertex 1.89709 -34.4967 0
    endloop
  endfacet
  facet normal 0 0 -1
    outer loop
      vertex 1.4084 -34.9253 0
      vertex 1.89709 -34.4967 0
      vertex 1.45718 -34.9847 0
    endloop
  endfacet
  facet normal -0 0 -1
    outer loop
      vertex 1.89709 -34.4967 0
      vertex 1.4084 -34.9253 0
      vertex 1.81545 -34.4095 0
    endloop
  endfacet
  facet normal 0 0 -1
    outer loop
      vertex 1.35583 -34.8692 0
      vertex 1.81545 -34.4095 0
      vertex 1.4084 -34.9253 0
    endloop
  endfacet
  facet normal -0 0 -1
    outer loop
      vertex 1.81545 -34.4095 0
      vertex 1.35583 -34.8692 0
      vertex 1.72828 -34.3279 0
    endloop
  endfacet
  facet normal 0 0 -1
    outer loop
      vertex 1.29971 -34.8166 0
      vertex 1.72828 -34.3279 0
      vertex 1.35583 -34.8692 0
    endloop
  endfacet
  facet normal -0 0 -1
    outer loop
      vertex 1.72828 -34.3279 0
      vertex 1.29971 -34.8166 0
      vertex 1.63597 -34.2521 0
    endloop
  endfacet
  facet normal 0 0 -1
    outer loop
      vertex 1.24027 -34.7678 0
      vertex 1.63597 -34.2521 0
      vertex 1.29971 -34.8166 0
    endloop
  endfacet
  facet normal -0 0 -1
    outer loop
      vertex 1.63597 -34.2521 0
      vertex 1.24027 -34.7678 0
      vertex 1.53889 -34.1826 0
    endloop
  endfacet
  facet normal 0 0 -1
    outer loop
      vertex 1.17777 -34.723 0
      vertex 1.53889 -34.1826 0
      vertex 1.24027 -34.7678 0
    endloop
  endfacet
  facet normal -0 0 -1
    outer loop
      vertex 1.53889 -34.1826 0
      vertex 1.17777 -34.723 0
      vertex 1.43748 -34.1195 0
    endloop
  endfacet
  facet normal 0 0 -1
    outer loop
      vertex 1.11248 -34.6824 0
      vertex 1.43748 -34.1195 0
      vertex 1.17777 -34.723 0
    endloop
  endfacet
  facet normal -0 0 -1
    outer loop
      vertex 1.43748 -34.1195 0
      vertex 1.11248 -34.6824 0
      vertex 1.33216 -34.0632 0
    endloop
  endfacet
  facet normal 0 0 -1
    outer loop
      vertex 1.04467 -34.6462 0
      vertex 1.33216 -34.0632 0
      vertex 1.11248 -34.6824 0
    endloop
  endfacet
  facet normal -0 0 -1
    outer loop
      vertex 1.33216 -34.0632 0
      vertex 1.04467 -34.6462 0
      vertex 1.22338 -34.0139 0
    endloop
  endfacet
  facet normal 0 0 -1
    outer loop
      vertex 0.974634 -34.6144 0
      vertex 1.22338 -34.0139 0
      vertex 1.04467 -34.6462 0
    endloop
  endfacet
  facet normal -0 0 -1
    outer loop
      vertex 1.22338 -34.0139 0
      vertex 0.974634 -34.6144 0
      vertex 1.11161 -33.9719 0
    endloop
  endfacet
  facet normal 0 0 -1
    outer loop
      vertex 0.902674 -34.5874 0
      vertex 1.11161 -33.9719 0
      vertex 0.974634 -34.6144 0
    endloop
  endfacet
  facet normal -0 0 -1
    outer loop
      vertex 1.11161 -33.9719 0
      vertex 0.902674 -34.5874 0
      vertex 0.997324 -33.9372 0
    endloop
  endfacet
  facet normal 0 0 -1
    outer loop
      vertex 0.829096 -34.5651 0
      vertex 0.997324 -33.9372 0
      vertex 0.902674 -34.5874 0
    endloop
  endfacet
  facet normal -0 0 -1
    outer loop
      vertex 0.997324 -33.9372 0
      vertex 0.829096 -34.5651 0
      vertex 0.881021 -33.9101 0
    endloop
  endfacet
  facet normal 0 0 -1
    outer loop
      vertex 0.754206 -34.5476 0
      vertex 0.881021 -33.9101 0
      vertex 0.829096 -34.5651 0
    endloop
  endfacet
  facet normal -0 0 -1
    outer loop
      vertex 0.881021 -33.9101 0
      vertex 0.754206 -34.5476 0
      vertex 0.763193 -33.8906 0
    endloop
  endfacet
  facet normal 0 0 -1
    outer loop
      vertex 0.678354 -34.5351 0
      vertex 0.763193 -33.8906 0
      vertex 0.754206 -34.5476 0
    endloop
  endfacet
  facet normal 0 0 -1
    outer loop
      vertex 0.678354 -34.5351 0
      vertex 0.644342 -33.8789 0
      vertex 0.763193 -33.8906 0
    endloop
  endfacet
  facet normal 0 0 -1
    outer loop
      vertex 0.601831 -34.5275 0
      vertex 0.644342 -33.8789 0
      vertex 0.678354 -34.5351 0
    endloop
  endfacet
  facet normal 0 0 -1
    outer loop
      vertex 0.524988 -34.525 0
      vertex 0.644342 -33.8789 0
      vertex 0.601831 -34.5275 0
    endloop
  endfacet
  facet normal 0 0 -1
    outer loop
      vertex 0.524988 -34.525 0
      vertex 0.524988 -33.875 0
      vertex 0.644342 -33.8789 0
    endloop
  endfacet
  facet normal 0 0 -1
    outer loop
      vertex -1.2 -34.525 0
      vertex 0.524988 -33.875 0
      vertex 0.524988 -34.525 0
    endloop
  endfacet
  facet normal -0 0 -1
    outer loop
      vertex 0.524988 -33.875 0
      vertex -1.2 -34.525 0
      vertex -1.2 -33.875 0
    endloop
  endfacet
  facet normal 0.097969 0.995189 -0
    outer loop
      vertex 0.763193 -33.8906 0
      vertex 0.644342 -33.8789 0.599999
      vertex 0.763193 -33.8906 0.599999
    endloop
  endfacet
  facet normal 0.097969 0.995189 0
    outer loop
      vertex 0.644342 -33.8789 0.599999
      vertex 0.763193 -33.8906 0
      vertex 0.644342 -33.8789 0
    endloop
  endfacet
  facet normal 0.163275 0.986581 -0
    outer loop
      vertex 0.881021 -33.9101 0
      vertex 0.763193 -33.8906 0.599999
      vertex 0.881021 -33.9101 0.599999
    endloop
  endfacet
  facet normal 0.163275 0.986581 0
    outer loop
      vertex 0.763193 -33.8906 0.599999
      vertex 0.881021 -33.9101 0
      vertex 0.763193 -33.8906 0
    endloop
  endfacet
  facet normal 0.226933 0.97391 -0
    outer loop
      vertex 0.997324 -33.9372 0
      vertex 0.881021 -33.9101 0.599999
      vertex 0.997324 -33.9372 0.599999
    endloop
  endfacet
  facet normal 0.226933 0.97391 0
    outer loop
      vertex 0.881021 -33.9101 0.599999
      vertex 0.997324 -33.9372 0
      vertex 0.881021 -33.9101 0
    endloop
  endfacet
  facet normal 0.290528 0.956867 -0
    outer loop
      vertex 1.11161 -33.9719 0
      vertex 0.997324 -33.9372 0.599999
      vertex 1.11161 -33.9719 0.599999
    endloop
  endfacet
  facet normal 0.290528 0.956867 0
    outer loop
      vertex 0.997324 -33.9372 0.599999
      vertex 1.11161 -33.9719 0
      vertex 0.997324 -33.9372 0
    endloop
  endfacet
  facet normal 0.351757 0.936091 -0
    outer loop
      vertex 1.22338 -34.0139 0
      vertex 1.11161 -33.9719 0.599999
      vertex 1.22338 -34.0139 0.599999
    endloop
  endfacet
  facet normal 0.351757 0.936091 0
    outer loop
      vertex 1.11161 -33.9719 0.599999
      vertex 1.22338 -34.0139 0
      vertex 1.11161 -33.9719 0
    endloop
  endfacet
  facet normal 0.412793 0.910825 -0
    outer loop
      vertex 1.33216 -34.0632 0
      vertex 1.22338 -34.0139 0.599999
      vertex 1.33216 -34.0632 0.599999
    endloop
  endfacet
  facet normal 0.412793 0.910825 0
    outer loop
      vertex 1.22338 -34.0139 0.599999
      vertex 1.33216 -34.0632 0
      vertex 1.22338 -34.0139 0
    endloop
  endfacet
  facet normal 0.471431 0.881903 -0
    outer loop
      vertex 1.43748 -34.1195 0
      vertex 1.33216 -34.0632 0.599999
      vertex 1.43748 -34.1195 0.599999
    endloop
  endfacet
  facet normal 0.471431 0.881903 0
    outer loop
      vertex 1.33216 -34.0632 0.599999
      vertex 1.43748 -34.1195 0
      vertex 1.33216 -34.0632 0
    endloop
  endfacet
  facet normal 0.528305 0.849055 -0
    outer loop
      vertex 1.53889 -34.1826 0
      vertex 1.43748 -34.1195 0.599999
      vertex 1.53889 -34.1826 0.599999
    endloop
  endfacet
  facet normal 0.528305 0.849055 0
    outer loop
      vertex 1.43748 -34.1195 0.599999
      vertex 1.53889 -34.1826 0
      vertex 1.43748 -34.1195 0
    endloop
  endfacet
  facet normal 0.582109 0.81311 -0
    outer loop
      vertex 1.63597 -34.2521 0
      vertex 1.53889 -34.1826 0.599999
      vertex 1.63597 -34.2521 0.599999
    endloop
  endfacet
  facet normal 0.582109 0.81311 0
    outer loop
      vertex 1.53889 -34.1826 0.599999
      vertex 1.63597 -34.2521 0
      vertex 1.53889 -34.1826 0
    endloop
  endfacet
  facet normal 0.634609 0.772833 -0
    outer loop
      vertex 1.72828 -34.3279 0
      vertex 1.63597 -34.2521 0.599999
      vertex 1.72828 -34.3279 0.599999
    endloop
  endfacet
  facet normal 0.634609 0.772833 0
    outer loop
      vertex 1.63597 -34.2521 0.599999
      vertex 1.72828 -34.3279 0
      vertex 1.63597 -34.2521 0
    endloop
  endfacet
  facet normal 0.683398 0.730046 -0
    outer loop
      vertex 1.81545 -34.4095 0
      vertex 1.72828 -34.3279 0.599999
      vertex 1.81545 -34.4095 0.599999
    endloop
  endfacet
  facet normal 0.683398 0.730046 0
    outer loop
      vertex 1.72828 -34.3279 0.599999
      vertex 1.81545 -34.4095 0
      vertex 1.72828 -34.3279 0
    endloop
  endfacet
  facet normal 0.729997 0.683451 0
    outer loop
      vertex 1.89709 -34.4967 0.599999
      vertex 1.81545 -34.4095 0
      vertex 1.81545 -34.4095 0.599999
    endloop
  endfacet
  facet normal 0.729997 0.683451 0
    outer loop
      vertex 1.81545 -34.4095 0
      vertex 1.89709 -34.4967 0.599999
      vertex 1.89709 -34.4967 0
    endloop
  endfacet
  facet normal 0.772964 0.63445 0
    outer loop
      vertex 1.97285 -34.589 0.599999
      vertex 1.89709 -34.4967 0
      vertex 1.89709 -34.4967 0.599999
    endloop
  endfacet
  facet normal 0.772964 0.63445 0
    outer loop
      vertex 1.89709 -34.4967 0
      vertex 1.97285 -34.589 0.599999
      vertex 1.97285 -34.589 0
    endloop
  endfacet
  facet normal 0.812929 0.582362 0
    outer loop
      vertex 2.04241 -34.6861 0.599999
      vertex 1.97285 -34.589 0
      vertex 1.97285 -34.589 0.599999
    endloop
  endfacet
  facet normal 0.812929 0.582362 0
    outer loop
      vertex 1.97285 -34.589 0
      vertex 2.04241 -34.6861 0.599999
      vertex 2.04241 -34.6861 0
    endloop
  endfacet
  facet normal 0.849144 0.528161 0
    outer loop
      vertex 2.10548 -34.7875 0.599999
      vertex 2.04241 -34.6861 0
      vertex 2.04241 -34.6861 0.599999
    endloop
  endfacet
  facet normal 0.849144 0.528161 0
    outer loop
      vertex 2.04241 -34.6861 0
      vertex 2.10548 -34.7875 0.599999
      vertex 2.10548 -34.7875 0
    endloop
  endfacet
  facet normal 0.8819 0.471436 0
    outer loop
      vertex 2.16177 -34.8928 0.599999
      vertex 2.10548 -34.7875 0
      vertex 2.10548 -34.7875 0.599999
    endloop
  endfacet
  facet normal 0.8819 0.471436 0
    outer loop
      vertex 2.10548 -34.7875 0
      vertex 2.16177 -34.8928 0.599999
      vertex 2.16177 -34.8928 0
    endloop
  endfacet
  facet normal 0.910916 0.412591 0
    outer loop
      vertex 2.21105 -35.0016 0.599999
      vertex 2.16177 -34.8928 0
      vertex 2.16177 -34.8928 0.599999
    endloop
  endfacet
  facet normal 0.910916 0.412591 0
    outer loop
      vertex 2.16177 -34.8928 0
      vertex 2.21105 -35.0016 0.599999
      vertex 2.21105 -35.0016 0
    endloop
  endfacet
  facet normal 0.935929 0.352187 0
    outer loop
      vertex 2.25312 -35.1134 0.599999
      vertex 2.21105 -35.0016 0
      vertex 2.21105 -35.0016 0.599999
    endloop
  endfacet
  facet normal 0.935929 0.352187 0
    outer loop
      vertex 2.21105 -35.0016 0
      vertex 2.25312 -35.1134 0.599999
      vertex 2.25312 -35.1134 0
    endloop
  endfacet
  facet normal 0.956946 0.290265 0
    outer loop
      vertex 2.28779 -35.2277 0.599999
      vertex 2.25312 -35.1134 0
      vertex 2.25312 -35.1134 0.599999
    endloop
  endfacet
  facet normal 0.956946 0.290265 0
    outer loop
      vertex 2.25312 -35.1134 0
      vertex 2.28779 -35.2277 0.599999
      vertex 2.28779 -35.2277 0
    endloop
  endfacet
  facet normal 0.973854 0.227177 0
    outer loop
      vertex 2.31492 -35.344 0.599999
      vertex 2.28779 -35.2277 0
      vertex 2.28779 -35.2277 0.599999
    endloop
  endfacet
  facet normal 0.973854 0.227177 0
    outer loop
      vertex 2.28779 -35.2277 0
      vertex 2.31492 -35.344 0.599999
      vertex 2.31492 -35.344 0
    endloop
  endfacet
  facet normal 0.986655 0.162823 0
    outer loop
      vertex 2.33436 -35.4618 0.599999
      vertex 2.31492 -35.344 0
      vertex 2.31492 -35.344 0.599999
    endloop
  endfacet
  facet normal 0.986655 0.162823 0
    outer loop
      vertex 2.31492 -35.344 0
      vertex 2.33436 -35.4618 0.599999
      vertex 2.33436 -35.4618 0
    endloop
  endfacet
  facet normal 0.995177 0.0980948 0
    outer loop
      vertex 2.34608 -35.5807 0.599999
      vertex 2.33436 -35.4618 0
      vertex 2.33436 -35.4618 0.599999
    endloop
  endfacet
  facet normal 0.995177 0.0980948 0
    outer loop
      vertex 2.33436 -35.4618 0
      vertex 2.34608 -35.5807 0.599999
      vertex 2.34608 -35.5807 0
    endloop
  endfacet
  facet normal 0.999463 0.0327569 0
    outer loop
      vertex 2.34999 -35.7 0.599999
      vertex 2.34608 -35.5807 0
      vertex 2.34608 -35.5807 0.599999
    endloop
  endfacet
  facet normal 0.999463 0.0327569 0
    outer loop
      vertex 2.34608 -35.5807 0
      vertex 2.34999 -35.7 0.599999
      vertex 2.34999 -35.7 0
    endloop
  endfacet
  facet normal 0.999464 -0.0327295 0
    outer loop
      vertex 2.34608 -35.8194 0.599999
      vertex 2.34999 -35.7 0
      vertex 2.34999 -35.7 0.599999
    endloop
  endfacet
  facet normal 0.999464 -0.0327295 0
    outer loop
      vertex 2.34999 -35.7 0
      vertex 2.34608 -35.8194 0.599999
      vertex 2.34608 -35.8194 0
    endloop
  endfacet
  facet normal 0.995169 -0.0981766 0
    outer loop
      vertex 2.33436 -35.9382 0.599999
      vertex 2.34608 -35.8194 0
      vertex 2.34608 -35.8194 0.599999
    endloop
  endfacet
  facet normal 0.995169 -0.0981766 0
    outer loop
      vertex 2.34608 -35.8194 0
      vertex 2.33436 -35.9382 0.599999
      vertex 2.33436 -35.9382 0
    endloop
  endfacet
  facet normal 0.986655 -0.162823 0
    outer loop
      vertex 2.31492 -36.056 0.599999
      vertex 2.33436 -35.9382 0
      vertex 2.33436 -35.9382 0.599999
    endloop
  endfacet
  facet normal 0.986655 -0.162823 0
    outer loop
      vertex 2.33436 -35.9382 0
      vertex 2.31492 -36.056 0.599999
      vertex 2.31492 -36.056 0
    endloop
  endfacet
  facet normal 0.973854 -0.227177 0
    outer loop
      vertex 2.28779 -36.1723 0.599999
      vertex 2.31492 -36.056 0
      vertex 2.31492 -36.056 0.599999
    endloop
  endfacet
  facet normal 0.973854 -0.227177 0
    outer loop
      vertex 2.31492 -36.056 0
      vertex 2.28779 -36.1723 0.599999
      vertex 2.28779 -36.1723 0
    endloop
  endfacet
  facet normal 0.956946 -0.290265 0
    outer loop
      vertex 2.25312 -36.2866 0.599999
      vertex 2.28779 -36.1723 0
      vertex 2.28779 -36.1723 0.599999
    endloop
  endfacet
  facet normal 0.956946 -0.290265 0
    outer loop
      vertex 2.28779 -36.1723 0
      vertex 2.25312 -36.2866 0.599999
      vertex 2.25312 -36.2866 0
    endloop
  endfacet
  facet normal 0.935929 -0.352187 0
    outer loop
      vertex 2.21105 -36.3984 0.599999
      vertex 2.25312 -36.2866 0
      vertex 2.25312 -36.2866 0.599999
    endloop
  endfacet
  facet normal 0.935929 -0.352187 0
    outer loop
      vertex 2.25312 -36.2866 0
      vertex 2.21105 -36.3984 0.599999
      vertex 2.21105 -36.3984 0
    endloop
  endfacet
  facet normal 0.910916 -0.412591 0
    outer loop
      vertex 2.16177 -36.5072 0.599999
      vertex 2.21105 -36.3984 0
      vertex 2.21105 -36.3984 0.599999
    endloop
  endfacet
  facet normal 0.910916 -0.412591 0
    outer loop
      vertex 2.21105 -36.3984 0
      vertex 2.16177 -36.5072 0.599999
      vertex 2.16177 -36.5072 0
    endloop
  endfacet
  facet normal 0.8819 -0.471436 0
    outer loop
      vertex 2.10548 -36.6125 0.599999
      vertex 2.16177 -36.5072 0
      vertex 2.16177 -36.5072 0.599999
    endloop
  endfacet
  facet normal 0.8819 -0.471436 0
    outer loop
      vertex 2.16177 -36.5072 0
      vertex 2.10548 -36.6125 0.599999
      vertex 2.10548 -36.6125 0
    endloop
  endfacet
  facet normal 0.849144 -0.528161 0
    outer loop
      vertex 2.04241 -36.7139 0.599999
      vertex 2.10548 -36.6125 0
      vertex 2.10548 -36.6125 0.599999
    endloop
  endfacet
  facet normal 0.849144 -0.528161 0
    outer loop
      vertex 2.10548 -36.6125 0
      vertex 2.04241 -36.7139 0.599999
      vertex 2.04241 -36.7139 0
    endloop
  endfacet
  facet normal 0.812929 -0.582362 0
    outer loop
      vertex 1.97285 -36.811 0.599999
      vertex 2.04241 -36.7139 0
      vertex 2.04241 -36.7139 0.599999
    endloop
  endfacet
  facet normal 0.812929 -0.582362 0
    outer loop
      vertex 2.04241 -36.7139 0
      vertex 1.97285 -36.811 0.599999
      vertex 1.97285 -36.811 0
    endloop
  endfacet
  facet normal 0.772964 -0.63445 0
    outer loop
      vertex 1.89709 -36.9033 0.599999
      vertex 1.97285 -36.811 0
      vertex 1.97285 -36.811 0.599999
    endloop
  endfacet
  facet normal 0.772964 -0.63445 0
    outer loop
      vertex 1.97285 -36.811 0
      vertex 1.89709 -36.9033 0.599999
      vertex 1.89709 -36.9033 0
    endloop
  endfacet
  facet normal 0.729997 -0.683451 0
    outer loop
      vertex 1.81545 -36.9905 0.599999
      vertex 1.89709 -36.9033 0
      vertex 1.89709 -36.9033 0.599999
    endloop
  endfacet
  facet normal 0.729997 -0.683451 0
    outer loop
      vertex 1.89709 -36.9033 0
      vertex 1.81545 -36.9905 0.599999
      vertex 1.81545 -36.9905 0
    endloop
  endfacet
  facet normal 0.683398 -0.730046 0
    outer loop
      vertex 1.72828 -37.0721 0
      vertex 1.81545 -36.9905 0.599999
      vertex 1.72828 -37.0721 0.599999
    endloop
  endfacet
  facet normal 0.683398 -0.730046 0
    outer loop
      vertex 1.81545 -36.9905 0.599999
      vertex 1.72828 -37.0721 0
      vertex 1.81545 -36.9905 0
    endloop
  endfacet
  facet normal 0.634609 -0.772833 0
    outer loop
      vertex 1.63597 -37.1479 0
      vertex 1.72828 -37.0721 0.599999
      vertex 1.63597 -37.1479 0.599999
    endloop
  endfacet
  facet normal 0.634609 -0.772833 0
    outer loop
      vertex 1.72828 -37.0721 0.599999
      vertex 1.63597 -37.1479 0
      vertex 1.72828 -37.0721 0
    endloop
  endfacet
  facet normal 0.582109 -0.81311 0
    outer loop
      vertex 1.53889 -37.2174 0
      vertex 1.63597 -37.1479 0.599999
      vertex 1.53889 -37.2174 0.599999
    endloop
  endfacet
  facet normal 0.582109 -0.81311 0
    outer loop
      vertex 1.63597 -37.1479 0.599999
      vertex 1.53889 -37.2174 0
      vertex 1.63597 -37.1479 0
    endloop
  endfacet
  facet normal 0.528305 -0.849055 0
    outer loop
      vertex 1.43748 -37.2805 0
      vertex 1.53889 -37.2174 0.599999
      vertex 1.43748 -37.2805 0.599999
    endloop
  endfacet
  facet normal 0.528305 -0.849055 0
    outer loop
      vertex 1.53889 -37.2174 0.599999
      vertex 1.43748 -37.2805 0
      vertex 1.53889 -37.2174 0
    endloop
  endfacet
  facet normal 0.471431 -0.881903 0
    outer loop
      vertex 1.33216 -37.3368 0
      vertex 1.43748 -37.2805 0.599999
      vertex 1.33216 -37.3368 0.599999
    endloop
  endfacet
  facet normal 0.471431 -0.881903 0
    outer loop
      vertex 1.43748 -37.2805 0.599999
      vertex 1.33216 -37.3368 0
      vertex 1.43748 -37.2805 0
    endloop
  endfacet
  facet normal 0.412793 -0.910825 0
    outer loop
      vertex 1.22338 -37.3861 0
      vertex 1.33216 -37.3368 0.599999
      vertex 1.22338 -37.3861 0.599999
    endloop
  endfacet
  facet normal 0.412793 -0.910825 0
    outer loop
      vertex 1.33216 -37.3368 0.599999
      vertex 1.22338 -37.3861 0
      vertex 1.33216 -37.3368 0
    endloop
  endfacet
  facet normal 0.351757 -0.936091 0
    outer loop
      vertex 1.11161 -37.4281 0
      vertex 1.22338 -37.3861 0.599999
      vertex 1.11161 -37.4281 0.599999
    endloop
  endfacet
  facet normal 0.351757 -0.936091 0
    outer loop
      vertex 1.22338 -37.3861 0.599999
      vertex 1.11161 -37.4281 0
      vertex 1.22338 -37.3861 0
    endloop
  endfacet
  facet normal 0.290528 -0.956867 0
    outer loop
      vertex 0.997324 -37.4628 0
      vertex 1.11161 -37.4281 0.599999
      vertex 0.997324 -37.4628 0.599999
    endloop
  endfacet
  facet normal 0.290528 -0.956867 0
    outer loop
      vertex 1.11161 -37.4281 0.599999
      vertex 0.997324 -37.4628 0
      vertex 1.11161 -37.4281 0
    endloop
  endfacet
  facet normal 0.226933 -0.97391 0
    outer loop
      vertex 0.881021 -37.4899 0
      vertex 0.997324 -37.4628 0.599999
      vertex 0.881021 -37.4899 0.599999
    endloop
  endfacet
  facet normal 0.226933 -0.97391 0
    outer loop
      vertex 0.997324 -37.4628 0.599999
      vertex 0.881021 -37.4899 0
      vertex 0.997324 -37.4628 0
    endloop
  endfacet
  facet normal 0.163275 -0.986581 0
    outer loop
      vertex 0.763193 -37.5094 0
      vertex 0.881021 -37.4899 0.599999
      vertex 0.763193 -37.5094 0.599999
    endloop
  endfacet
  facet normal 0.163275 -0.986581 0
    outer loop
      vertex 0.881021 -37.4899 0.599999
      vertex 0.763193 -37.5094 0
      vertex 0.881021 -37.4899 0
    endloop
  endfacet
  facet normal 0.097969 -0.995189 0
    outer loop
      vertex 0.644342 -37.5211 0
      vertex 0.763193 -37.5094 0.599999
      vertex 0.644342 -37.5211 0.599999
    endloop
  endfacet
  facet normal 0.097969 -0.995189 0
    outer loop
      vertex 0.763193 -37.5094 0.599999
      vertex 0.644342 -37.5211 0
      vertex 0.763193 -37.5094 0
    endloop
  endfacet
  facet normal 0.0326585 -0.999467 0
    outer loop
      vertex 0.524988 -37.525 0
      vertex 0.644342 -37.5211 0.599999
      vertex 0.524988 -37.525 0.599999
    endloop
  endfacet
  facet normal 0.0326585 -0.999467 0
    outer loop
      vertex 0.644342 -37.5211 0.599999
      vertex 0.524988 -37.525 0
      vertex 0.644342 -37.5211 0
    endloop
  endfacet
  facet normal 0 -1 0
    outer loop
      vertex -0.750005 -37.525 0
      vertex 0.524988 -37.525 0.599999
      vertex -0.750005 -37.525 0.599999
    endloop
  endfacet
  facet normal 0 -1 -0
    outer loop
      vertex 0.524988 -37.525 0.599999
      vertex -0.750005 -37.525 0
      vertex 0.524988 -37.525 0
    endloop
  endfacet
  facet normal 1 -0 0
    outer loop
      vertex -0.750005 -38.175 0.599999
      vertex -0.750005 -37.525 0
      vertex -0.750005 -37.525 0.599999
    endloop
  endfacet
  facet normal 1 0 0
    outer loop
      vertex -0.750005 -37.525 0
      vertex -0.750005 -38.175 0.599999
      vertex -0.750005 -38.175 0
    endloop
  endfacet
  facet normal -0.564688 -0.825304 0
    outer loop
      vertex -2.17499 -37.2 0
      vertex -0.750005 -38.175 0.599999
      vertex -2.17499 -37.2 0.599999
    endloop
  endfacet
  facet normal -0.564688 -0.825304 -0
    outer loop
      vertex -0.750005 -38.175 0.599999
      vertex -2.17499 -37.2 0
      vertex -0.750005 -38.175 0
    endloop
  endfacet
  facet normal -0.564688 0.825304 0
    outer loop
      vertex -0.750005 -36.225 0
      vertex -2.17499 -37.2 0.599999
      vertex -0.750005 -36.225 0.599999
    endloop
  endfacet
  facet normal -0.564688 0.825304 0
    outer loop
      vertex -2.17499 -37.2 0.599999
      vertex -0.750005 -36.225 0
      vertex -2.17499 -37.2 0
    endloop
  endfacet
  facet normal 1 -0 0
    outer loop
      vertex -0.750005 -36.875 0.599999
      vertex -0.750005 -36.225 0
      vertex -0.750005 -36.225 0.599999
    endloop
  endfacet
  facet normal 1 0 0
    outer loop
      vertex -0.750005 -36.225 0
      vertex -0.750005 -36.875 0.599999
      vertex -0.750005 -36.875 0
    endloop
  endfacet
  facet normal 0 1 -0
    outer loop
      vertex 0.524988 -36.875 0
      vertex -0.750005 -36.875 0.599999
      vertex 0.524988 -36.875 0.599999
    endloop
  endfacet
  facet normal 0 1 0
    outer loop
      vertex -0.750005 -36.875 0.599999
      vertex 0.524988 -36.875 0
      vertex -0.750005 -36.875 0
    endloop
  endfacet
  facet normal -0.0325167 0.999471 0
    outer loop
      vertex 0.601831 -36.8725 0
      vertex 0.524988 -36.875 0.599999
      vertex 0.601831 -36.8725 0.599999
    endloop
  endfacet
  facet normal -0.0325167 0.999471 0
    outer loop
      vertex 0.524988 -36.875 0.599999
      vertex 0.601831 -36.8725 0
      vertex 0.524988 -36.875 0
    endloop
  endfacet
  facet normal -0.0975424 0.995231 0
    outer loop
      vertex 0.678354 -36.865 0
      vertex 0.601831 -36.8725 0.599999
      vertex 0.678354 -36.865 0.599999
    endloop
  endfacet
  facet normal -0.0975424 0.995231 0
    outer loop
      vertex 0.601831 -36.8725 0.599999
      vertex 0.678354 -36.865 0
      vertex 0.601831 -36.8725 0
    endloop
  endfacet
  facet normal -0.163868 0.986482 0
    outer loop
      vertex 0.754206 -36.8524 0
      vertex 0.678354 -36.865 0.599999
      vertex 0.754206 -36.8524 0.599999
    endloop
  endfacet
  facet normal -0.163868 0.986482 0
    outer loop
      vertex 0.678354 -36.865 0.599999
      vertex 0.754206 -36.8524 0
      vertex 0.678354 -36.865 0
    endloop
  endfacet
  facet normal -0.226313 0.974055 0
    outer loop
      vertex 0.829096 -36.835 0
      vertex 0.754206 -36.8524 0.599999
      vertex 0.829096 -36.835 0.599999
    endloop
  endfacet
  facet normal -0.226313 0.974055 0
    outer loop
      vertex 0.754206 -36.8524 0.599999
      vertex 0.829096 -36.835 0
      vertex 0.754206 -36.8524 0
    endloop
  endfacet
  facet normal -0.291241 0.95665 0
    outer loop
      vertex 0.902674 -36.8126 0
      vertex 0.829096 -36.835 0.599999
      vertex 0.902674 -36.8126 0.599999
    endloop
  endfacet
  facet normal -0.291241 0.95665 0
    outer loop
      vertex 0.829096 -36.835 0.599999
      vertex 0.902674 -36.8126 0
      vertex 0.829096 -36.835 0
    endloop
  endfacet
  facet normal -0.351295 0.936265 0
    outer loop
      vertex 0.974634 -36.7856 0
      vertex 0.902674 -36.8126 0.599999
      vertex 0.974634 -36.7856 0.599999
    endloop
  endfacet
  facet normal -0.351295 0.936265 0
    outer loop
      vertex 0.902674 -36.8126 0.599999
      vertex 0.974634 -36.7856 0
      vertex 0.902674 -36.8126 0
    endloop
  endfacet
  facet normal -0.413431 0.910536 0
    outer loop
      vertex 1.04467 -36.7538 0
      vertex 0.974634 -36.7856 0.599999
      vertex 1.04467 -36.7538 0.599999
    endloop
  endfacet
  facet normal -0.413431 0.910536 0
    outer loop
      vertex 0.974634 -36.7856 0.599999
      vertex 1.04467 -36.7538 0
      vertex 0.974634 -36.7856 0
    endloop
  endfacet
  facet normal -0.470939 0.882166 0
    outer loop
      vertex 1.11248 -36.7176 0
      vertex 1.04467 -36.7538 0.599999
      vertex 1.11248 -36.7176 0.599999
    endloop
  endfacet
  facet normal -0.470939 0.882166 0
    outer loop
      vertex 1.04467 -36.7538 0.599999
      vertex 1.11248 -36.7176 0
      vertex 1.04467 -36.7538 0
    endloop
  endfacet
  facet normal -0.528068 0.849202 0
    outer loop
      vertex 1.17777 -36.677 0
      vertex 1.11248 -36.7176 0.599999
      vertex 1.17777 -36.677 0.599999
    endloop
  endfacet
  facet normal -0.528068 0.849202 0
    outer loop
      vertex 1.11248 -36.7176 0.599999
      vertex 1.17777 -36.677 0
      vertex 1.11248 -36.7176 0
    endloop
  endfacet
  facet normal -0.582591 0.812766 0
    outer loop
      vertex 1.24027 -36.6322 0
      vertex 1.17777 -36.677 0.599999
      vertex 1.24027 -36.6322 0.599999
    endloop
  endfacet
  facet normal -0.582591 0.812766 0
    outer loop
      vertex 1.17777 -36.677 0.599999
      vertex 1.24027 -36.6322 0
      vertex 1.17777 -36.677 0
    endloop
  endfacet
  facet normal -0.63454 0.77289 0
    outer loop
      vertex 1.29971 -36.5834 0
      vertex 1.24027 -36.6322 0.599999
      vertex 1.29971 -36.5834 0.599999
    endloop
  endfacet
  facet normal -0.63454 0.77289 0
    outer loop
      vertex 1.24027 -36.6322 0.599999
      vertex 1.29971 -36.5834 0
      vertex 1.24027 -36.6322 0
    endloop
  endfacet
  facet normal -0.683855 0.729618 0
    outer loop
      vertex 1.35583 -36.5308 0
      vertex 1.29971 -36.5834 0.599999
      vertex 1.35583 -36.5308 0.599999
    endloop
  endfacet
  facet normal -0.683855 0.729618 0
    outer loop
      vertex 1.29971 -36.5834 0.599999
      vertex 1.35583 -36.5308 0
      vertex 1.29971 -36.5834 0
    endloop
  endfacet
  facet normal -0.729691 0.683777 0
    outer loop
      vertex 1.35583 -36.5308 0
      vertex 1.4084 -36.4747 0.599999
      vertex 1.4084 -36.4747 0
    endloop
  endfacet
  facet normal -0.729691 0.683777 0
    outer loop
      vertex 1.4084 -36.4747 0.599999
      vertex 1.35583 -36.5308 0
      vertex 1.35583 -36.5308 0.599999
    endloop
  endfacet
  facet normal -0.772808 0.63464 0
    outer loop
      vertex 1.4084 -36.4747 0
      vertex 1.45718 -36.4153 0.599999
      vertex 1.45718 -36.4153 0
    endloop
  endfacet
  facet normal -0.772808 0.63464 0
    outer loop
      vertex 1.45718 -36.4153 0.599999
      vertex 1.4084 -36.4747 0
      vertex 1.4084 -36.4747 0.599999
    endloop
  endfacet
  facet normal -0.812889 0.582419 0
    outer loop
      vertex 1.45718 -36.4153 0
      vertex 1.50196 -36.3528 0.599999
      vertex 1.50196 -36.3528 0
    endloop
  endfacet
  facet normal -0.812889 0.582419 0
    outer loop
      vertex 1.50196 -36.3528 0.599999
      vertex 1.45718 -36.4153 0
      vertex 1.45718 -36.4153 0.599999
    endloop
  endfacet
  facet normal -0.84918 0.528104 0
    outer loop
      vertex 1.50196 -36.3528 0
      vertex 1.54257 -36.2875 0.599999
      vertex 1.54257 -36.2875 0
    endloop
  endfacet
  facet normal -0.84918 0.528104 0
    outer loop
      vertex 1.54257 -36.2875 0.599999
      vertex 1.50196 -36.3528 0
      vertex 1.50196 -36.3528 0.599999
    endloop
  endfacet
  facet normal -0.88192 0.471398 0
    outer loop
      vertex 1.54257 -36.2875 0
      vertex 1.57881 -36.2197 0.599999
      vertex 1.57881 -36.2197 0
    endloop
  endfacet
  facet normal -0.88192 0.471398 0
    outer loop
      vertex 1.57881 -36.2197 0.599999
      vertex 1.54257 -36.2875 0
      vertex 1.54257 -36.2875 0.599999
    endloop
  endfacet
  facet normal -0.910798 0.412852 0
    outer loop
      vertex 1.57881 -36.2197 0
      vertex 1.61054 -36.1497 0.599999
      vertex 1.61054 -36.1497 0
    endloop
  endfacet
  facet normal -0.910798 0.412852 0
    outer loop
      vertex 1.61054 -36.1497 0.599999
      vertex 1.57881 -36.2197 0
      vertex 1.57881 -36.2197 0.599999
    endloop
  endfacet
  facet normal -0.935944 0.352149 0
    outer loop
      vertex 1.61054 -36.1497 0
      vertex 1.63763 -36.0777 0.599999
      vertex 1.63763 -36.0777 0
    endloop
  endfacet
  facet normal -0.935944 0.352149 0
    outer loop
      vertex 1.63763 -36.0777 0.599999
      vertex 1.61054 -36.1497 0
      vertex 1.61054 -36.1497 0.599999
    endloop
  endfacet
  facet normal -0.956999 0.29009 0
    outer loop
      vertex 1.63763 -36.0777 0
      vertex 1.65994 -36.0041 0.599999
      vertex 1.65994 -36.0041 0
    endloop
  endfacet
  facet normal -0.956999 0.29009 0
    outer loop
      vertex 1.65994 -36.0041 0.599999
      vertex 1.63763 -36.0777 0
      vertex 1.63763 -36.0777 0.599999
    endloop
  endfacet
  facet normal -0.97386 0.227147 0
    outer loop
      vertex 1.65994 -36.0041 0
      vertex 1.67741 -35.9292 0.599999
      vertex 1.67741 -35.9292 0
    endloop
  endfacet
  facet normal -0.97386 0.227147 0
    outer loop
      vertex 1.67741 -35.9292 0.599999
      vertex 1.65994 -36.0041 0
      vertex 1.65994 -36.0041 0.599999
    endloop
  endfacet
  facet normal -0.986611 0.16309 0
    outer loop
      vertex 1.67741 -35.9292 0
      vertex 1.68994 -35.8534 0.599999
      vertex 1.68994 -35.8534 0
    endloop
  endfacet
  facet normal -0.986611 0.16309 0
    outer loop
      vertex 1.68994 -35.8534 0.599999
      vertex 1.67741 -35.9292 0
      vertex 1.67741 -35.9292 0.599999
    endloop
  endfacet
  facet normal -0.995216 0.0977026 0
    outer loop
      vertex 1.68994 -35.8534 0
      vertex 1.69746 -35.7768 0.599999
      vertex 1.69746 -35.7768 0
    endloop
  endfacet
  facet normal -0.995216 0.0977026 0
    outer loop
      vertex 1.69746 -35.7768 0.599999
      vertex 1.68994 -35.8534 0
      vertex 1.68994 -35.8534 0.599999
    endloop
  endfacet
  facet normal -0.999462 0.0327949 0
    outer loop
      vertex 1.69746 -35.7768 0
      vertex 1.69998 -35.7 0.599999
      vertex 1.69998 -35.7 0
    endloop
  endfacet
  facet normal -0.999462 0.0327949 0
    outer loop
      vertex 1.69998 -35.7 0.599999
      vertex 1.69746 -35.7768 0
      vertex 1.69746 -35.7768 0.599999
    endloop
  endfacet
  facet normal -0.999462 -0.0327949 0
    outer loop
      vertex 1.69998 -35.7 0
      vertex 1.69746 -35.6232 0.599999
      vertex 1.69746 -35.6232 0
    endloop
  endfacet
  facet normal -0.999462 -0.0327949 0
    outer loop
      vertex 1.69746 -35.6232 0.599999
      vertex 1.69998 -35.7 0
      vertex 1.69998 -35.7 0.599999
    endloop
  endfacet
  facet normal -0.995216 -0.0977026 0
    outer loop
      vertex 1.69746 -35.6232 0
      vertex 1.68994 -35.5466 0.599999
      vertex 1.68994 -35.5466 0
    endloop
  endfacet
  facet normal -0.995216 -0.0977026 0
    outer loop
      vertex 1.68994 -35.5466 0.599999
      vertex 1.69746 -35.6232 0
      vertex 1.69746 -35.6232 0.599999
    endloop
  endfacet
  facet normal -0.986611 -0.16309 0
    outer loop
      vertex 1.68994 -35.5466 0
      vertex 1.67741 -35.4708 0.599999
      vertex 1.67741 -35.4708 0
    endloop
  endfacet
  facet normal -0.986611 -0.16309 0
    outer loop
      vertex 1.67741 -35.4708 0.599999
      vertex 1.68994 -35.5466 0
      vertex 1.68994 -35.5466 0.599999
    endloop
  endfacet
  facet normal -0.97386 -0.227147 0
    outer loop
      vertex 1.67741 -35.4708 0
      vertex 1.65994 -35.3959 0.599999
      vertex 1.65994 -35.3959 0
    endloop
  endfacet
  facet normal -0.97386 -0.227147 0
    outer loop
      vertex 1.65994 -35.3959 0.599999
      vertex 1.67741 -35.4708 0
      vertex 1.67741 -35.4708 0.599999
    endloop
  endfacet
  facet normal -0.956999 -0.29009 0
    outer loop
      vertex 1.65994 -35.3959 0
      vertex 1.63763 -35.3223 0.599999
      vertex 1.63763 -35.3223 0
    endloop
  endfacet
  facet normal -0.956999 -0.29009 0
    outer loop
      vertex 1.63763 -35.3223 0.599999
      vertex 1.65994 -35.3959 0
      vertex 1.65994 -35.3959 0.599999
    endloop
  endfacet
  facet normal -0.935782 -0.352578 0
    outer loop
      vertex 1.63763 -35.3223 0
      vertex 1.61054 -35.2504 0.599999
      vertex 1.61054 -35.2504 0
    endloop
  endfacet
  facet normal -0.935782 -0.352578 0
    outer loop
      vertex 1.61054 -35.2504 0.599999
      vertex 1.63763 -35.3223 0
      vertex 1.63763 -35.3223 0.599999
    endloop
  endfacet
  facet normal -0.91102 -0.412363 0
    outer loop
      vertex 1.61054 -35.2504 0
      vertex 1.57881 -35.1803 0.599999
      vertex 1.57881 -35.1803 0
    endloop
  endfacet
  facet normal -0.91102 -0.412363 0
    outer loop
      vertex 1.57881 -35.1803 0.599999
      vertex 1.61054 -35.2504 0
      vertex 1.61054 -35.2504 0.599999
    endloop
  endfacet
  facet normal -0.88192 -0.471398 0
    outer loop
      vertex 1.57881 -35.1803 0
      vertex 1.54257 -35.1125 0.599999
      vertex 1.54257 -35.1125 0
    endloop
  endfacet
  facet normal -0.88192 -0.471398 0
    outer loop
      vertex 1.54257 -35.1125 0.599999
      vertex 1.57881 -35.1803 0
      vertex 1.57881 -35.1803 0.599999
    endloop
  endfacet
  facet normal -0.84918 -0.528104 0
    outer loop
      vertex 1.54257 -35.1125 0
      vertex 1.50196 -35.0472 0.599999
      vertex 1.50196 -35.0472 0
    endloop
  endfacet
  facet normal -0.84918 -0.528104 0
    outer loop
      vertex 1.50196 -35.0472 0.599999
      vertex 1.54257 -35.1125 0
      vertex 1.54257 -35.1125 0.599999
    endloop
  endfacet
  facet normal -0.812889 -0.582419 0
    outer loop
      vertex 1.50196 -35.0472 0
      vertex 1.45718 -34.9847 0.599999
      vertex 1.45718 -34.9847 0
    endloop
  endfacet
  facet normal -0.812889 -0.582419 0
    outer loop
      vertex 1.45718 -34.9847 0.599999
      vertex 1.50196 -35.0472 0
      vertex 1.50196 -35.0472 0.599999
    endloop
  endfacet
  facet normal -0.772808 -0.63464 0
    outer loop
      vertex 1.45718 -34.9847 0
      vertex 1.4084 -34.9253 0.599999
      vertex 1.4084 -34.9253 0
    endloop
  endfacet
  facet normal -0.772808 -0.63464 0
    outer loop
      vertex 1.4084 -34.9253 0.599999
      vertex 1.45718 -34.9847 0
      vertex 1.45718 -34.9847 0.599999
    endloop
  endfacet
  facet normal -0.729691 -0.683777 0
    outer loop
      vertex 1.4084 -34.9253 0
      vertex 1.35583 -34.8692 0.599999
      vertex 1.35583 -34.8692 0
    endloop
  endfacet
  facet normal -0.729691 -0.683777 0
    outer loop
      vertex 1.35583 -34.8692 0.599999
      vertex 1.4084 -34.9253 0
      vertex 1.4084 -34.9253 0.599999
    endloop
  endfacet
  facet normal -0.683855 -0.729618 0
    outer loop
      vertex 1.29971 -34.8166 0
      vertex 1.35583 -34.8692 0.599999
      vertex 1.29971 -34.8166 0.599999
    endloop
  endfacet
  facet normal -0.683855 -0.729618 -0
    outer loop
      vertex 1.35583 -34.8692 0.599999
      vertex 1.29971 -34.8166 0
      vertex 1.35583 -34.8692 0
    endloop
  endfacet
  facet normal -0.63454 -0.77289 0
    outer loop
      vertex 1.24027 -34.7678 0
      vertex 1.29971 -34.8166 0.599999
      vertex 1.24027 -34.7678 0.599999
    endloop
  endfacet
  facet normal -0.63454 -0.77289 -0
    outer loop
      vertex 1.29971 -34.8166 0.599999
      vertex 1.24027 -34.7678 0
      vertex 1.29971 -34.8166 0
    endloop
  endfacet
  facet normal -0.582591 -0.812766 0
    outer loop
      vertex 1.17777 -34.723 0
      vertex 1.24027 -34.7678 0.599999
      vertex 1.17777 -34.723 0.599999
    endloop
  endfacet
  facet normal -0.582591 -0.812766 -0
    outer loop
      vertex 1.24027 -34.7678 0.599999
      vertex 1.17777 -34.723 0
      vertex 1.24027 -34.7678 0
    endloop
  endfacet
  facet normal -0.528068 -0.849202 0
    outer loop
      vertex 1.11248 -34.6824 0
      vertex 1.17777 -34.723 0.599999
      vertex 1.11248 -34.6824 0.599999
    endloop
  endfacet
  facet normal -0.528068 -0.849202 -0
    outer loop
      vertex 1.17777 -34.723 0.599999
      vertex 1.11248 -34.6824 0
      vertex 1.17777 -34.723 0
    endloop
  endfacet
  facet normal -0.470939 -0.882166 0
    outer loop
      vertex 1.04467 -34.6462 0
      vertex 1.11248 -34.6824 0.599999
      vertex 1.04467 -34.6462 0.599999
    endloop
  endfacet
  facet normal -0.470939 -0.882166 -0
    outer loop
      vertex 1.11248 -34.6824 0.599999
      vertex 1.04467 -34.6462 0
      vertex 1.11248 -34.6824 0
    endloop
  endfacet
  facet normal -0.413431 -0.910536 0
    outer loop
      vertex 0.974634 -34.6144 0
      vertex 1.04467 -34.6462 0.599999
      vertex 0.974634 -34.6144 0.599999
    endloop
  endfacet
  facet normal -0.413431 -0.910536 -0
    outer loop
      vertex 1.04467 -34.6462 0.599999
      vertex 0.974634 -34.6144 0
      vertex 1.04467 -34.6462 0
    endloop
  endfacet
  facet normal -0.351295 -0.936265 0
    outer loop
      vertex 0.902674 -34.5874 0
      vertex 0.974634 -34.6144 0.599999
      vertex 0.902674 -34.5874 0.599999
    endloop
  endfacet
  facet normal -0.351295 -0.936265 -0
    outer loop
      vertex 0.974634 -34.6144 0.599999
      vertex 0.902674 -34.5874 0
      vertex 0.974634 -34.6144 0
    endloop
  endfacet
  facet normal -0.290051 -0.957011 0
    outer loop
      vertex 0.829096 -34.5651 0
      vertex 0.902674 -34.5874 0.599999
      vertex 0.829096 -34.5651 0.599999
    endloop
  endfacet
  facet normal -0.290051 -0.957011 -0
    outer loop
      vertex 0.902674 -34.5874 0.599999
      vertex 0.829096 -34.5651 0
      vertex 0.902674 -34.5874 0
    endloop
  endfacet
  facet normal -0.227546 -0.973767 0
    outer loop
      vertex 0.754206 -34.5476 0
      vertex 0.829096 -34.5651 0.599999
      vertex 0.754206 -34.5476 0.599999
    endloop
  endfacet
  facet normal -0.227546 -0.973767 -0
    outer loop
      vertex 0.829096 -34.5651 0.599999
      vertex 0.754206 -34.5476 0
      vertex 0.829096 -34.5651 0
    endloop
  endfacet
  facet normal -0.162601 -0.986692 0
    outer loop
      vertex 0.678354 -34.5351 0
      vertex 0.754206 -34.5476 0.599999
      vertex 0.678354 -34.5351 0.599999
    endloop
  endfacet
  facet normal -0.162601 -0.986692 -0
    outer loop
      vertex 0.754206 -34.5476 0.599999
      vertex 0.678354 -34.5351 0
      vertex 0.754206 -34.5476 0
    endloop
  endfacet
  facet normal -0.0988303 -0.995104 0
    outer loop
      vertex 0.601831 -34.5275 0
      vertex 0.678354 -34.5351 0.599999
      vertex 0.601831 -34.5275 0.599999
    endloop
  endfacet
  facet normal -0.0988303 -0.995104 -0
    outer loop
      vertex 0.678354 -34.5351 0.599999
      vertex 0.601831 -34.5275 0
      vertex 0.678354 -34.5351 0
    endloop
  endfacet
  facet normal -0.0325167 -0.999471 0
    outer loop
      vertex 0.524988 -34.525 0
      vertex 0.601831 -34.5275 0.599999
      vertex 0.524988 -34.525 0.599999
    endloop
  endfacet
  facet normal -0.0325167 -0.999471 -0
    outer loop
      vertex 0.601831 -34.5275 0.599999
      vertex 0.524988 -34.525 0
      vertex 0.601831 -34.5275 0
    endloop
  endfacet
  facet normal 0 -1 0
    outer loop
      vertex -1.2 -34.525 0
      vertex 0.524988 -34.525 0.599999
      vertex -1.2 -34.525 0.599999
    endloop
  endfacet
  facet normal 0 -1 -0
    outer loop
      vertex 0.524988 -34.525 0.599999
      vertex -1.2 -34.525 0
      vertex 0.524988 -34.525 0
    endloop
  endfacet
  facet normal -1 0 0
    outer loop
      vertex -1.2 -34.525 0
      vertex -1.2 -33.875 0.599999
      vertex -1.2 -33.875 0
    endloop
  endfacet
  facet normal -1 -0 0
    outer loop
      vertex -1.2 -33.875 0.599999
      vertex -1.2 -34.525 0
      vertex -1.2 -34.525 0.599999
    endloop
  endfacet
  facet normal 0 1 -0
    outer loop
      vertex 0.524988 -33.875 0
      vertex -1.2 -33.875 0.599999
      vertex 0.524988 -33.875 0.599999
    endloop
  endfacet
  facet normal 0 1 0
    outer loop
      vertex -1.2 -33.875 0.599999
      vertex 0.524988 -33.875 0
      vertex -1.2 -33.875 0
    endloop
  endfacet
  facet normal 0.0326585 0.999467 -0
    outer loop
      vertex 0.644342 -33.8789 0
      vertex 0.524988 -33.875 0.599999
      vertex 0.644342 -33.8789 0.599999
    endloop
  endfacet
  facet normal 0.0326585 0.999467 0
    outer loop
      vertex 0.524988 -33.875 0.599999
      vertex 0.644342 -33.8789 0
      vertex 0.524988 -33.875 0
    endloop
  endfacet
  facet normal 0 0 1
    outer loop
      vertex 35.55 -33.825 0.599999
      vertex 34.425 -33.825 0.599999
      vertex 35.55 -35.2125 0.599999
    endloop
  endfacet
  facet normal 0 0 1
    outer loop
      vertex 36.45 -35.2125 0.599999
      vertex 37.575 -33.825 0.599999
      vertex 36.45 -33.825 0.599999
    endloop
  endfacet
  facet normal 0 0 1
    outer loop
      vertex 37.575 -33.825 0.599999
      vertex 36.45 -35.2125 0.599999
      vertex 37.575 -36.225 0.599999
    endloop
  endfacet
  facet normal -0 0 1
    outer loop
      vertex 37.575 -36.225 0.599999
      vertex 36 -38.4 0.599999
      vertex 38.325 -36.225 0.599999
    endloop
  endfacet
  facet normal 0 0 1
    outer loop
      vertex 36.45 -35.2125 0.599999
      vertex 36 -38.4 0.599999
      vertex 37.575 -36.225 0.599999
    endloop
  endfacet
  facet normal -0 0 1
    outer loop
      vertex 35.55 -35.2125 0.599999
      vertex 36 -38.4 0.599999
      vertex 36.45 -35.2125 0.599999
    endloop
  endfacet
  facet normal 0 0 1
    outer loop
      vertex 34.425 -36.225 0.599999
      vertex 35.55 -35.2125 0.599999
      vertex 34.425 -33.825 0.599999
    endloop
  endfacet
  facet normal 0 0 1
    outer loop
      vertex 35.55 -35.2125 0.599999
      vertex 34.425 -36.225 0.599999
      vertex 36 -38.4 0.599999
    endloop
  endfacet
  facet normal 0 0 1
    outer loop
      vertex 36 -38.4 0.599999
      vertex 34.425 -36.225 0.599999
      vertex 33.675 -36.225 0.599999
    endloop
  endfacet
  facet normal 0 0 -1
    outer loop
      vertex 37.575 -36.225 0
      vertex 36.45 -35.2125 0
      vertex 37.575 -33.825 0
    endloop
  endfacet
  facet normal 0 0 -1
    outer loop
      vertex 36 -38.4 0
      vertex 37.575 -36.225 0
      vertex 38.325 -36.225 0
    endloop
  endfacet
  facet normal 0 0 -1
    outer loop
      vertex 36 -38.4 0
      vertex 36.45 -35.2125 0
      vertex 37.575 -36.225 0
    endloop
  endfacet
  facet normal 0 0 -1
    outer loop
      vertex 36 -38.4 0
      vertex 35.55 -35.2125 0
      vertex 36.45 -35.2125 0
    endloop
  endfacet
  facet normal 0 0 -1
    outer loop
      vertex 34.425 -33.825 0
      vertex 35.55 -35.2125 0
      vertex 34.425 -36.225 0
    endloop
  endfacet
  facet normal 0 0 -1
    outer loop
      vertex 36 -38.4 0
      vertex 34.425 -36.225 0
      vertex 35.55 -35.2125 0
    endloop
  endfacet
  facet normal -0 -0 -1
    outer loop
      vertex 34.425 -36.225 0
      vertex 36 -38.4 0
      vertex 33.675 -36.225 0
    endloop
  endfacet
  facet normal -0 0 -1
    outer loop
      vertex 37.575 -33.825 0
      vertex 36.45 -35.2125 0
      vertex 36.45 -33.825 0
    endloop
  endfacet
  facet normal 0 0 -1
    outer loop
      vertex 35.55 -35.2125 0
      vertex 34.425 -33.825 0
      vertex 35.55 -33.825 0
    endloop
  endfacet
  facet normal 0 1 -0
    outer loop
      vertex 36.45 -35.2125 0
      vertex 35.55 -35.2125 0.599999
      vertex 36.45 -35.2125 0.599999
    endloop
  endfacet
  facet normal 0 1 0
    outer loop
      vertex 35.55 -35.2125 0.599999
      vertex 36.45 -35.2125 0
      vertex 35.55 -35.2125 0
    endloop
  endfacet
  facet normal -1 0 0
    outer loop
      vertex 36.45 -35.2125 0
      vertex 36.45 -33.825 0.599999
      vertex 36.45 -33.825 0
    endloop
  endfacet
  facet normal -1 -0 0
    outer loop
      vertex 36.45 -33.825 0.599999
      vertex 36.45 -35.2125 0
      vertex 36.45 -35.2125 0.599999
    endloop
  endfacet
  facet normal 0 1 -0
    outer loop
      vertex 37.575 -33.825 0
      vertex 36.45 -33.825 0.599999
      vertex 37.575 -33.825 0.599999
    endloop
  endfacet
  facet normal 0 1 0
    outer loop
      vertex 36.45 -33.825 0.599999
      vertex 37.575 -33.825 0
      vertex 36.45 -33.825 0
    endloop
  endfacet
  facet normal 1 -0 0
    outer loop
      vertex 37.575 -36.225 0.599999
      vertex 37.575 -33.825 0
      vertex 37.575 -33.825 0.599999
    endloop
  endfacet
  facet normal 1 0 0
    outer loop
      vertex 37.575 -33.825 0
      vertex 37.575 -36.225 0.599999
      vertex 37.575 -36.225 0
    endloop
  endfacet
  facet normal 0 1 -0
    outer loop
      vertex 38.325 -36.225 0
      vertex 37.575 -36.225 0.599999
      vertex 38.325 -36.225 0.599999
    endloop
  endfacet
  facet normal 0 1 0
    outer loop
      vertex 37.575 -36.225 0.599999
      vertex 38.325 -36.225 0
      vertex 37.575 -36.225 0
    endloop
  endfacet
  facet normal 0.683157 -0.730271 0
    outer loop
      vertex 36 -38.4 0
      vertex 38.325 -36.225 0.599999
      vertex 36 -38.4 0.599999
    endloop
  endfacet
  facet normal 0.683157 -0.730271 0
    outer loop
      vertex 38.325 -36.225 0.599999
      vertex 36 -38.4 0
      vertex 38.325 -36.225 0
    endloop
  endfacet
  facet normal -0.683157 -0.730271 0
    outer loop
      vertex 33.675 -36.225 0
      vertex 36 -38.4 0.599999
      vertex 33.675 -36.225 0.599999
    endloop
  endfacet
  facet normal -0.683157 -0.730271 -0
    outer loop
      vertex 36 -38.4 0.599999
      vertex 33.675 -36.225 0
      vertex 36 -38.4 0
    endloop
  endfacet
  facet normal 0 1 -0
    outer loop
      vertex 34.425 -36.225 0
      vertex 33.675 -36.225 0.599999
      vertex 34.425 -36.225 0.599999
    endloop
  endfacet
  facet normal 0 1 0
    outer loop
      vertex 33.675 -36.225 0.599999
      vertex 34.425 -36.225 0
      vertex 33.675 -36.225 0
    endloop
  endfacet
  facet normal -1 0 0
    outer loop
      vertex 34.425 -36.225 0
      vertex 34.425 -33.825 0.599999
      vertex 34.425 -33.825 0
    endloop
  endfacet
  facet normal -1 -0 0
    outer loop
      vertex 34.425 -33.825 0.599999
      vertex 34.425 -36.225 0
      vertex 34.425 -36.225 0.599999
    endloop
  endfacet
  facet normal 0 1 -0
    outer loop
      vertex 35.55 -33.825 0
      vertex 34.425 -33.825 0.599999
      vertex 35.55 -33.825 0.599999
    endloop
  endfacet
  facet normal 0 1 0
    outer loop
      vertex 34.425 -33.825 0.599999
      vertex 35.55 -33.825 0
      vertex 34.425 -33.825 0
    endloop
  endfacet
  facet normal 1 -0 0
    outer loop
      vertex 35.55 -35.2125 0.599999
      vertex 35.55 -33.825 0
      vertex 35.55 -33.825 0.599999
    endloop
  endfacet
  facet normal 1 0 0
    outer loop
      vertex 35.55 -33.825 0
      vertex 35.55 -35.2125 0.599999
      vertex 35.55 -35.2125 0
    endloop
  endfacet
  facet normal -0 0 1
    outer loop
      vertex 70.5 -35.25 0.599999
      vertex 71.85 -37.8 0.599999
      vertex 71.85 -34.2 0.599999
    endloop
  endfacet
  facet normal 0 0 1
    outer loop
      vertex 70.5 -35.25 0.599999
      vertex 70.5 -36.75 0.599999
      vertex 71.85 -37.8 0.599999
    endloop
  endfacet
  facet normal -0 0 1
    outer loop
      vertex 69.675 -35.25 0.599999
      vertex 70.5 -36.75 0.599999
      vertex 70.5 -35.25 0.599999
    endloop
  endfacet
  facet normal 0 0 1
    outer loop
      vertex 70.5 -36.75 0.599999
      vertex 69.675 -35.25 0.599999
      vertex 69.675 -36.75 0.599999
    endloop
  endfacet
  facet normal 0 0 1
    outer loop
      vertex 73.8407 -34.9747 0.599999
      vertex 73.7346 -36 0.599999
      vertex 74.3003 -35.4343 0.599999
    endloop
  endfacet
  facet normal 0 -0 1
    outer loop
      vertex 73.7346 -36 0.599999
      vertex 73.8407 -34.9747 0.599999
      vertex 73.275 -35.5404 0.599999
    endloop
  endfacet
  facet normal 0 0 1
    outer loop
      vertex 73.7346 -36 0.599999
      vertex 73.8407 -37.0253 0.599999
      vertex 74.3003 -36.5657 0.599999
    endloop
  endfacet
  facet normal 0 0 1
    outer loop
      vertex 73.275 -36.4596 0.599999
      vertex 73.7346 -36 0.599999
      vertex 73.275 -35.5404 0.599999
    endloop
  endfacet
  facet normal 0 0 1
    outer loop
      vertex 73.7346 -36 0.599999
      vertex 73.275 -36.4596 0.599999
      vertex 73.8407 -37.0253 0.599999
    endloop
  endfacet
  facet normal 0 0 1
    outer loop
      vertex 73.275 -35.5404 0.599999
      vertex 72.8154 -36 0.599999
      vertex 73.275 -36.4596 0.599999
    endloop
  endfacet
  facet normal 0 0 1
    outer loop
      vertex 72.7093 -34.9747 0.599999
      vertex 72.8154 -36 0.599999
      vertex 73.275 -35.5404 0.599999
    endloop
  endfacet
  facet normal 0 0 1
    outer loop
      vertex 72.8154 -36 0.599999
      vertex 72.7093 -34.9747 0.599999
      vertex 72.2497 -35.4343 0.599999
    endloop
  endfacet
  facet normal 0 0 1
    outer loop
      vertex 72.8154 -36 0.599999
      vertex 72.7093 -37.0253 0.599999
      vertex 73.275 -36.4596 0.599999
    endloop
  endfacet
  facet normal 0 -0 1
    outer loop
      vertex 72.7093 -37.0253 0.599999
      vertex 72.8154 -36 0.599999
      vertex 72.2497 -36.5657 0.599999
    endloop
  endfacet
  facet normal 0 0 -1
    outer loop
      vertex 70.5 -36.75 0
      vertex 71.85 -34.2 0
      vertex 71.85 -37.8 0
    endloop
  endfacet
  facet normal 0 0 -1
    outer loop
      vertex 70.5 -36.75 0
      vertex 70.5 -35.25 0
      vertex 71.85 -34.2 0
    endloop
  endfacet
  facet normal 0 0 -1
    outer loop
      vertex 69.675 -36.75 0
      vertex 70.5 -35.25 0
      vertex 70.5 -36.75 0
    endloop
  endfacet
  facet normal -0 0 -1
    outer loop
      vertex 70.5 -35.25 0
      vertex 69.675 -36.75 0
      vertex 69.675 -35.25 0
    endloop
  endfacet
  facet normal 0 0 -1
    outer loop
      vertex 73.8407 -37.0253 0
      vertex 73.7346 -36 0
      vertex 74.3003 -36.5657 0
    endloop
  endfacet
  facet normal 0 -0 -1
    outer loop
      vertex 73.7346 -36 0
      vertex 73.8407 -37.0253 0
      vertex 73.275 -36.4596 0
    endloop
  endfacet
  facet normal 0 0 -1
    outer loop
      vertex 73.7346 -36 0
      vertex 73.8407 -34.9747 0
      vertex 74.3003 -35.4343 0
    endloop
  endfacet
  facet normal 0 0 -1
    outer loop
      vertex 73.275 -35.5404 0
      vertex 73.7346 -36 0
      vertex 73.275 -36.4596 0
    endloop
  endfacet
  facet normal 0 0 -1
    outer loop
      vertex 73.7346 -36 0
      vertex 73.275 -35.5404 0
      vertex 73.8407 -34.9747 0
    endloop
  endfacet
  facet normal 0 0 -1
    outer loop
      vertex 73.275 -36.4596 0
      vertex 72.8154 -36 0
      vertex 73.275 -35.5404 0
    endloop
  endfacet
  facet normal 0 0 -1
    outer loop
      vertex 72.7093 -37.0253 0
      vertex 72.8154 -36 0
      vertex 73.275 -36.4596 0
    endloop
  endfacet
  facet normal 0 0 -1
    outer loop
      vertex 72.8154 -36 0
      vertex 72.7093 -37.0253 0
      vertex 72.2497 -36.5657 0
    endloop
  endfacet
  facet normal 0 0 -1
    outer loop
      vertex 72.8154 -36 0
      vertex 72.7093 -34.9747 0
      vertex 73.275 -35.5404 0
    endloop
  endfacet
  facet normal 0 -0 -1
    outer loop
      vertex 72.7093 -34.9747 0
      vertex 72.8154 -36 0
      vertex 72.2497 -35.4343 0
    endloop
  endfacet
  facet normal -0.613941 -0.789352 0
    outer loop
      vertex 70.5 -36.75 0
      vertex 71.85 -37.8 0.599999
      vertex 70.5 -36.75 0.599999
    endloop
  endfacet
  facet normal -0.613941 -0.789352 -0
    outer loop
      vertex 71.85 -37.8 0.599999
      vertex 70.5 -36.75 0
      vertex 71.85 -37.8 0
    endloop
  endfacet
  facet normal 0 -1 0
    outer loop
      vertex 69.675 -36.75 0
      vertex 70.5 -36.75 0.599999
      vertex 69.675 -36.75 0.599999
    endloop
  endfacet
  facet normal 0 -1 -0
    outer loop
      vertex 70.5 -36.75 0.599999
      vertex 69.675 -36.75 0
      vertex 70.5 -36.75 0
    endloop
  endfacet
  facet normal -1 0 0
    outer loop
      vertex 69.675 -36.75 0
      vertex 69.675 -35.25 0.599999
      vertex 69.675 -35.25 0
    endloop
  endfacet
  facet normal -1 -0 0
    outer loop
      vertex 69.675 -35.25 0.599999
      vertex 69.675 -36.75 0
      vertex 69.675 -36.75 0.599999
    endloop
  endfacet
  facet normal 0 1 -0
    outer loop
      vertex 70.5 -35.25 0
      vertex 69.675 -35.25 0.599999
      vertex 70.5 -35.25 0.599999
    endloop
  endfacet
  facet normal 0 1 0
    outer loop
      vertex 69.675 -35.25 0.599999
      vertex 70.5 -35.25 0
      vertex 69.675 -35.25 0
    endloop
  endfacet
  facet normal -0.613941 0.789352 0
    outer loop
      vertex 71.85 -34.2 0
      vertex 70.5 -35.25 0.599999
      vertex 71.85 -34.2 0.599999
    endloop
  endfacet
  facet normal -0.613941 0.789352 0
    outer loop
      vertex 70.5 -35.25 0.599999
      vertex 71.85 -34.2 0
      vertex 70.5 -35.25 0
    endloop
  endfacet
  facet normal 1 -0 0
    outer loop
      vertex 71.85 -37.8 0.599999
      vertex 71.85 -34.2 0
      vertex 71.85 -34.2 0.599999
    endloop
  endfacet
  facet normal 1 0 0
    outer loop
      vertex 71.85 -34.2 0
      vertex 71.85 -37.8 0.599999
      vertex 71.85 -37.8 0
    endloop
  endfacet
  facet normal 0.707107 -0.707107 0
    outer loop
      vertex 73.7346 -36 0.599999
      vertex 74.3003 -35.4343 0
      vertex 74.3003 -35.4343 0.599999
    endloop
  endfacet
  facet normal 0.707107 -0.707107 0
    outer loop
      vertex 74.3003 -35.4343 0
      vertex 73.7346 -36 0.599999
      vertex 73.7346 -36 0
    endloop
  endfacet
  facet normal 0.707107 0.707107 0
    outer loop
      vertex 74.3003 -36.5657 0.599999
      vertex 73.7346 -36 0
      vertex 73.7346 -36 0.599999
    endloop
  endfacet
  facet normal 0.707107 0.707107 0
    outer loop
      vertex 73.7346 -36 0
      vertex 74.3003 -36.5657 0.599999
      vertex 74.3003 -36.5657 0
    endloop
  endfacet
  facet normal 0.707107 -0.707107 0
    outer loop
      vertex 73.8407 -37.0253 0.599999
      vertex 74.3003 -36.5657 0
      vertex 74.3003 -36.5657 0.599999
    endloop
  endfacet
  facet normal 0.707107 -0.707107 0
    outer loop
      vertex 74.3003 -36.5657 0
      vertex 73.8407 -37.0253 0.599999
      vertex 73.8407 -37.0253 0
    endloop
  endfacet
  facet normal -0.707107 -0.707107 0
    outer loop
      vertex 73.8407 -37.0253 0
      vertex 73.275 -36.4596 0.599999
      vertex 73.275 -36.4596 0
    endloop
  endfacet
  facet normal -0.707107 -0.707107 0
    outer loop
      vertex 73.275 -36.4596 0.599999
      vertex 73.8407 -37.0253 0
      vertex 73.8407 -37.0253 0.599999
    endloop
  endfacet
  facet normal 0.707107 -0.707107 0
    outer loop
      vertex 72.7093 -37.0253 0.599999
      vertex 73.275 -36.4596 0
      vertex 73.275 -36.4596 0.599999
    endloop
  endfacet
  facet normal 0.707107 -0.707107 0
    outer loop
      vertex 73.275 -36.4596 0
      vertex 72.7093 -37.0253 0.599999
      vertex 72.7093 -37.0253 0
    endloop
  endfacet
  facet normal -0.707107 -0.707107 0
    outer loop
      vertex 72.7093 -37.0253 0
      vertex 72.2497 -36.5657 0.599999
      vertex 72.2497 -36.5657 0
    endloop
  endfacet
  facet normal -0.707107 -0.707107 0
    outer loop
      vertex 72.2497 -36.5657 0.599999
      vertex 72.7093 -37.0253 0
      vertex 72.7093 -37.0253 0.599999
    endloop
  endfacet
  facet normal -0.707107 0.707107 0
    outer loop
      vertex 72.2497 -36.5657 0
      vertex 72.8154 -36 0.599999
      vertex 72.8154 -36 0
    endloop
  endfacet
  facet normal -0.707107 0.707107 0
    outer loop
      vertex 72.8154 -36 0.599999
      vertex 72.2497 -36.5657 0
      vertex 72.2497 -36.5657 0.599999
    endloop
  endfacet
  facet normal -0.707107 -0.707107 0
    outer loop
      vertex 72.8154 -36 0
      vertex 72.2497 -35.4343 0.599999
      vertex 72.2497 -35.4343 0
    endloop
  endfacet
  facet normal -0.707107 -0.707107 0
    outer loop
      vertex 72.2497 -35.4343 0.599999
      vertex 72.8154 -36 0
      vertex 72.8154 -36 0.599999
    endloop
  endfacet
  facet normal -0.707107 0.707107 0
    outer loop
      vertex 72.2497 -35.4343 0
      vertex 72.7093 -34.9747 0.599999
      vertex 72.7093 -34.9747 0
    endloop
  endfacet
  facet normal -0.707107 0.707107 0
    outer loop
      vertex 72.7093 -34.9747 0.599999
      vertex 72.2497 -35.4343 0
      vertex 72.2497 -35.4343 0.599999
    endloop
  endfacet
  facet normal 0.707107 0.707107 0
    outer loop
      vertex 73.275 -35.5404 0.599999
      vertex 72.7093 -34.9747 0
      vertex 72.7093 -34.9747 0.599999
    endloop
  endfacet
  facet normal 0.707107 0.707107 0
    outer loop
      vertex 72.7093 -34.9747 0
      vertex 73.275 -35.5404 0.599999
      vertex 73.275 -35.5404 0
    endloop
  endfacet
  facet normal -0.707107 0.707107 0
    outer loop
      vertex 73.275 -35.5404 0
      vertex 73.8407 -34.9747 0.599999
      vertex 73.8407 -34.9747 0
    endloop
  endfacet
  facet normal -0.707107 0.707107 0
    outer loop
      vertex 73.8407 -34.9747 0.599999
      vertex 73.275 -35.5404 0
      vertex 73.275 -35.5404 0.599999
    endloop
  endfacet
  facet normal 0.707107 0.707107 0
    outer loop
      vertex 74.3003 -35.4343 0.599999
      vertex 73.8407 -34.9747 0
      vertex 73.8407 -34.9747 0.599999
    endloop
  endfacet
  facet normal 0.707107 0.707107 0
    outer loop
      vertex 73.8407 -34.9747 0
      vertex 74.3003 -35.4343 0.599999
      vertex 74.3003 -35.4343 0
    endloop
  endfacet
  facet normal 0 0 1
    outer loop
      vertex 108.075 -34.05 0.599999
      vertex 108.3 -36 0.599999
      vertex 109.5 -36 0.599999
    endloop
  endfacet
  facet normal 0 0 1
    outer loop
      vertex 108.3 -36 0.599999
      vertex 108.075 -34.05 0.599999
      vertex 106.875 -34.05 0.599999
    endloop
  endfacet
  facet normal -0 0 1
    outer loop
      vertex 108.3 -36 0.599999
      vertex 108.075 -37.95 0.599999
      vertex 109.5 -36 0.599999
    endloop
  endfacet
  facet normal 0 -0 1
    outer loop
      vertex 108.075 -37.95 0.599999
      vertex 108.3 -36 0.599999
      vertex 106.875 -37.95 0.599999
    endloop
  endfacet
  facet normal 0 0 -1
    outer loop
      vertex 108.075 -37.95 0
      vertex 108.3 -36 0
      vertex 109.5 -36 0
    endloop
  endfacet
  facet normal 0 0 -1
    outer loop
      vertex 108.3 -36 0
      vertex 108.075 -37.95 0
      vertex 106.875 -37.95 0
    endloop
  endfacet
  facet normal 0 0 -1
    outer loop
      vertex 108.3 -36 0
      vertex 108.075 -34.05 0
      vertex 109.5 -36 0
    endloop
  endfacet
  facet normal -0 -0 -1
    outer loop
      vertex 108.075 -34.05 0
      vertex 108.3 -36 0
      vertex 106.875 -34.05 0
    endloop
  endfacet
  facet normal 0.807391 -0.590017 0
    outer loop
      vertex 108.075 -37.95 0.599999
      vertex 109.5 -36 0
      vertex 109.5 -36 0.599999
    endloop
  endfacet
  facet normal 0.807391 -0.590017 0
    outer loop
      vertex 109.5 -36 0
      vertex 108.075 -37.95 0.599999
      vertex 108.075 -37.95 0
    endloop
  endfacet
  facet normal 0 -1 0
    outer loop
      vertex 106.875 -37.95 0
      vertex 108.075 -37.95 0.599999
      vertex 106.875 -37.95 0.599999
    endloop
  endfacet
  facet normal 0 -1 -0
    outer loop
      vertex 108.075 -37.95 0.599999
      vertex 106.875 -37.95 0
      vertex 108.075 -37.95 0
    endloop
  endfacet
  facet normal -0.807391 0.590017 0
    outer loop
      vertex 106.875 -37.95 0
      vertex 108.3 -36 0.599999
      vertex 108.3 -36 0
    endloop
  endfacet
  facet normal -0.807391 0.590017 0
    outer loop
      vertex 108.3 -36 0.599999
      vertex 106.875 -37.95 0
      vertex 106.875 -37.95 0.599999
    endloop
  endfacet
  facet normal -0.807391 -0.590017 0
    outer loop
      vertex 108.3 -36 0
      vertex 106.875 -34.05 0.599999
      vertex 106.875 -34.05 0
    endloop
  endfacet
  facet normal -0.807391 -0.590017 0
    outer loop
      vertex 106.875 -34.05 0.599999
      vertex 108.3 -36 0
      vertex 108.3 -36 0.599999
    endloop
  endfacet
  facet normal 0 1 -0
    outer loop
      vertex 108.075 -34.05 0
      vertex 106.875 -34.05 0.599999
      vertex 108.075 -34.05 0.599999
    endloop
  endfacet
  facet normal 0 1 0
    outer loop
      vertex 106.875 -34.05 0.599999
      vertex 108.075 -34.05 0
      vertex 106.875 -34.05 0
    endloop
  endfacet
  facet normal 0.807391 0.590017 0
    outer loop
      vertex 109.5 -36 0.599999
      vertex 108.075 -34.05 0
      vertex 108.075 -34.05 0.599999
    endloop
  endfacet
  facet normal 0.807391 0.590017 0
    outer loop
      vertex 108.075 -34.05 0
      vertex 109.5 -36 0.599999
      vertex 109.5 -36 0
    endloop
  endfacet
  facet normal -0 0 1
    outer loop
      vertex 142.725 -34.125 0.599999
      vertex 143.438 -36.4209 0.599999
      vertex 143.438 -34.125 0.599999
    endloop
  endfacet
  facet normal 0 0 1
    outer loop
      vertex 142.725 -37.875 0.599999
      vertex 143.438 -36.4209 0.599999
      vertex 142.725 -34.125 0.599999
    endloop
  endfacet
  facet normal 0 0 1
    outer loop
      vertex 143.438 -36.4209 0.599999
      vertex 142.725 -37.875 0.599999
      vertex 143.438 -37.875 0.599999
    endloop
  endfacet
  facet normal 0 0 1
    outer loop
      vertex 143.438 -36.4209 0.599999
      vertex 144.562 -35.5791 0.599999
      vertex 144.562 -34.125 0.599999
    endloop
  endfacet
  facet normal 0 0 1
    outer loop
      vertex 144.562 -35.5791 0.599999
      vertex 143.438 -36.4209 0.599999
      vertex 143.438 -37.875 0.599999
    endloop
  endfacet
  facet normal 0 0 1
    outer loop
      vertex 144.562 -35.5791 0.599999
      vertex 145.275 -34.125 0.599999
      vertex 144.562 -34.125 0.599999
    endloop
  endfacet
  facet normal 0 0 1
    outer loop
      vertex 145.275 -34.125 0.599999
      vertex 144.562 -35.5791 0.599999
      vertex 145.275 -37.875 0.599999
    endloop
  endfacet
  facet normal 0 0 1
    outer loop
      vertex 145.275 -37.875 0.599999
      vertex 144.562 -35.5791 0.599999
      vertex 144.562 -37.875 0.599999
    endloop
  endfacet
  facet normal 0 0 -1
    outer loop
      vertex 144.562 -35.5791 0
      vertex 145.275 -37.875 0
      vertex 144.562 -37.875 0
    endloop
  endfacet
  facet normal 0 0 -1
    outer loop
      vertex 145.275 -37.875 0
      vertex 144.562 -35.5791 0
      vertex 145.275 -34.125 0
    endloop
  endfacet
  facet normal 0 0 -1
    outer loop
      vertex 144.562 -35.5791 0
      vertex 144.562 -34.125 0
      vertex 145.275 -34.125 0
    endloop
  endfacet
  facet normal 0 0 -1
    outer loop
      vertex 143.438 -36.4209 0
      vertex 144.562 -35.5791 0
      vertex 143.438 -37.875 0
    endloop
  endfacet
  facet normal -0 0 -1
    outer loop
      vertex 144.562 -35.5791 0
      vertex 143.438 -36.4209 0
      vertex 144.562 -34.125 0
    endloop
  endfacet
  facet normal 0 0 -1
    outer loop
      vertex 142.725 -37.875 0
      vertex 143.438 -36.4209 0
      vertex 143.438 -37.875 0
    endloop
  endfacet
  facet normal 0 0 -1
    outer loop
      vertex 142.725 -34.125 0
      vertex 143.438 -36.4209 0
      vertex 142.725 -37.875 0
    endloop
  endfacet
  facet normal 0 0 -1
    outer loop
      vertex 143.438 -36.4209 0
      vertex 142.725 -34.125 0
      vertex 143.438 -34.125 0
    endloop
  endfacet
  facet normal -0.898143 0.439703 0
    outer loop
      vertex 143.438 -36.4209 0
      vertex 144.562 -34.125 0.599999
      vertex 144.562 -34.125 0
    endloop
  endfacet
  facet normal -0.898143 0.439703 0
    outer loop
      vertex 144.562 -34.125 0.599999
      vertex 143.438 -36.4209 0
      vertex 143.438 -36.4209 0.599999
    endloop
  endfacet
  facet normal 0 1 -0
    outer loop
      vertex 145.275 -34.125 0
      vertex 144.562 -34.125 0.599999
      vertex 145.275 -34.125 0.599999
    endloop
  endfacet
  facet normal 0 1 0
    outer loop
      vertex 144.562 -34.125 0.599999
      vertex 145.275 -34.125 0
      vertex 144.562 -34.125 0
    endloop
  endfacet
  facet normal 1 -0 0
    outer loop
      vertex 145.275 -37.875 0.599999
      vertex 145.275 -34.125 0
      vertex 145.275 -34.125 0.599999
    endloop
  endfacet
  facet normal 1 0 0
    outer loop
      vertex 145.275 -34.125 0
      vertex 145.275 -37.875 0.599999
      vertex 145.275 -37.875 0
    endloop
  endfacet
  facet normal 0 -1 0
    outer loop
      vertex 144.562 -37.875 0
      vertex 145.275 -37.875 0.599999
      vertex 144.562 -37.875 0.599999
    endloop
  endfacet
  facet normal 0 -1 -0
    outer loop
      vertex 145.275 -37.875 0.599999
      vertex 144.562 -37.875 0
      vertex 145.275 -37.875 0
    endloop
  endfacet
  facet normal -1 0 0
    outer loop
      vertex 144.562 -37.875 0
      vertex 144.562 -35.5791 0.599999
      vertex 144.562 -35.5791 0
    endloop
  endfacet
  facet normal -1 -0 0
    outer loop
      vertex 144.562 -35.5791 0.599999
      vertex 144.562 -37.875 0
      vertex 144.562 -37.875 0.599999
    endloop
  endfacet
  facet normal 0.898143 -0.439703 0
    outer loop
      vertex 143.438 -37.875 0.599999
      vertex 144.562 -35.5791 0
      vertex 144.562 -35.5791 0.599999
    endloop
  endfacet
  facet normal 0.898143 -0.439703 0
    outer loop
      vertex 144.562 -35.5791 0
      vertex 143.438 -37.875 0.599999
      vertex 143.438 -37.875 0
    endloop
  endfacet
  facet normal 0 -1 0
    outer loop
      vertex 142.725 -37.875 0
      vertex 143.438 -37.875 0.599999
      vertex 142.725 -37.875 0.599999
    endloop
  endfacet
  facet normal 0 -1 -0
    outer loop
      vertex 143.438 -37.875 0.599999
      vertex 142.725 -37.875 0
      vertex 143.438 -37.875 0
    endloop
  endfacet
  facet normal -1 0 0
    outer loop
      vertex 142.725 -37.875 0
      vertex 142.725 -34.125 0.599999
      vertex 142.725 -34.125 0
    endloop
  endfacet
  facet normal -1 -0 0
    outer loop
      vertex 142.725 -34.125 0.599999
      vertex 142.725 -37.875 0
      vertex 142.725 -37.875 0.599999
    endloop
  endfacet
  facet normal 0 1 -0
    outer loop
      vertex 143.438 -34.125 0
      vertex 142.725 -34.125 0.599999
      vertex 143.438 -34.125 0.599999
    endloop
  endfacet
  facet normal 0 1 0
    outer loop
      vertex 142.725 -34.125 0.599999
      vertex 143.438 -34.125 0
      vertex 142.725 -34.125 0
    endloop
  endfacet
  facet normal 1 -0 0
    outer loop
      vertex 143.438 -36.4209 0.599999
      vertex 143.438 -34.125 0
      vertex 143.438 -34.125 0.599999
    endloop
  endfacet
  facet normal 1 0 0
    outer loop
      vertex 143.438 -34.125 0
      vertex 143.438 -36.4209 0.599999
      vertex 143.438 -36.4209 0
    endloop
  endfacet
  facet normal 0 0 1
    outer loop
      vertex 1.64999 -70.275 0.599999
      vertex 2.54998 -71.175 0.599999
      vertex 2.54229 -71.0575 0.599999
    endloop
  endfacet
  facet normal 0 0 1
    outer loop
      vertex 2.54998 -71.175 0.599999
      vertex 0.937494 -72 0.599999
      vertex 2.54998 -72.825 0.599999
    endloop
  endfacet
  facet normal 0 0 1
    outer loop
      vertex 1.64999 -70.275 0.599999
      vertex 2.54229 -71.0575 0.599999
      vertex 2.51931 -70.9421 0.599999
    endloop
  endfacet
  facet normal 0 -0 1
    outer loop
      vertex 1.64999 -73.725 0.599999
      vertex 2.54998 -72.825 0.599999
      vertex 0.937494 -72 0.599999
    endloop
  endfacet
  facet normal 0 0 1
    outer loop
      vertex 1.64999 -70.275 0.599999
      vertex 2.51931 -70.9421 0.599999
      vertex 2.48149 -70.8306 0.599999
    endloop
  endfacet
  facet normal 0 0 1
    outer loop
      vertex 2.54998 -72.825 0.599999
      vertex 1.64999 -73.725 0.599999
      vertex 2.54229 -72.9425 0.599999
    endloop
  endfacet
  facet normal 0 0 1
    outer loop
      vertex 1.64999 -70.275 0.599999
      vertex 2.48149 -70.8306 0.599999
      vertex 2.42941 -70.725 0.599999
    endloop
  endfacet
  facet normal 0 0 1
    outer loop
      vertex 2.54229 -72.9425 0.599999
      vertex 1.64999 -73.725 0.599999
      vertex 2.51931 -73.0579 0.599999
    endloop
  endfacet
  facet normal 0 0 1
    outer loop
      vertex 1.64999 -70.275 0.599999
      vertex 2.42941 -70.725 0.599999
      vertex 2.36401 -70.6271 0.599999
    endloop
  endfacet
  facet normal 0 0 1
    outer loop
      vertex 2.51931 -73.0579 0.599999
      vertex 1.64999 -73.725 0.599999
      vertex 2.48149 -73.1694 0.599999
    endloop
  endfacet
  facet normal 0 0 1
    outer loop
      vertex 1.64999 -70.275 0.599999
      vertex 2.36401 -70.6271 0.599999
      vertex 2.28639 -70.5386 0.599999
    endloop
  endfacet
  facet normal 0 0 1
    outer loop
      vertex 2.48149 -73.1694 0.599999
      vertex 1.64999 -73.725 0.599999
      vertex 2.42941 -73.275 0.599999
    endloop
  endfacet
  facet normal 0 0 1
    outer loop
      vertex 1.64999 -70.275 0.599999
      vertex 2.28639 -70.5386 0.599999
      vertex 2.19787 -70.461 0.599999
    endloop
  endfacet
  facet normal 0 0 1
    outer loop
      vertex 2.42941 -73.275 0.599999
      vertex 1.64999 -73.725 0.599999
      vertex 2.36401 -73.3729 0.599999
    endloop
  endfacet
  facet normal 0 0 1
    outer loop
      vertex 1.64999 -70.275 0.599999
      vertex 2.19787 -70.461 0.599999
      vertex 2.1 -70.3956 0.599999
    endloop
  endfacet
  facet normal 0 0 1
    outer loop
      vertex 2.36401 -73.3729 0.599999
      vertex 1.64999 -73.725 0.599999
      vertex 2.28639 -73.4614 0.599999
    endloop
  endfacet
  facet normal 0 0 1
    outer loop
      vertex 1.64999 -70.275 0.599999
      vertex 2.1 -70.3956 0.599999
      vertex 1.99439 -70.3435 0.599999
    endloop
  endfacet
  facet normal 0 0 1
    outer loop
      vertex 2.28639 -73.4614 0.599999
      vertex 1.64999 -73.725 0.599999
      vertex 2.19787 -73.539 0.599999
    endloop
  endfacet
  facet normal 0 0 1
    outer loop
      vertex 1.64999 -70.275 0.599999
      vertex 1.99439 -70.3435 0.599999
      vertex 1.88293 -70.3057 0.599999
    endloop
  endfacet
  facet normal 0 0 1
    outer loop
      vertex 2.19787 -73.539 0.599999
      vertex 1.64999 -73.725 0.599999
      vertex 2.1 -73.6044 0.599999
    endloop
  endfacet
  facet normal 0 0 1
    outer loop
      vertex 1.64999 -70.275 0.599999
      vertex 1.88293 -70.3057 0.599999
      vertex 1.76747 -70.2827 0.599999
    endloop
  endfacet
  facet normal 0 0 1
    outer loop
      vertex 2.1 -73.6044 0.599999
      vertex 1.64999 -73.725 0.599999
      vertex 1.99439 -73.6565 0.599999
    endloop
  endfacet
  facet normal 0 0 1
    outer loop
      vertex 2.54998 -71.175 0.599999
      vertex 1.64999 -70.275 0.599999
      vertex 0.937494 -72 0.599999
    endloop
  endfacet
  facet normal 0 0 1
    outer loop
      vertex 1.99439 -73.6565 0.599999
      vertex 1.64999 -73.725 0.599999
      vertex 1.88293 -73.6943 0.599999
    endloop
  endfacet
  facet normal 0 0 1
    outer loop
      vertex 1.88293 -73.6943 0.599999
      vertex 1.64999 -73.725 0.599999
      vertex 1.76747 -73.7173 0.599999
    endloop
  endfacet
  facet normal 0 0 1
    outer loop
      vertex 1.64999 -70.275 0.599999
      vertex -0.599996 -71.1375 0.599999
      vertex 0.937494 -72 0.599999
    endloop
  endfacet
  facet normal 0 0 1
    outer loop
      vertex -2.55001 -71.175 0.599999
      vertex -0.599996 -71.1375 0.599999
      vertex -1.65 -70.275 0.599999
    endloop
  endfacet
  facet normal -0 0 1
    outer loop
      vertex -1.65 -70.275 0.599999
      vertex -0.599996 -71.1375 0.599999
      vertex 1.64999 -70.275 0.599999
    endloop
  endfacet
  facet normal -0 0 1
    outer loop
      vertex -0.599996 -72.8625 0.599999
      vertex 1.64999 -73.725 0.599999
      vertex 0.937494 -72 0.599999
    endloop
  endfacet
  facet normal 0 0 1
    outer loop
      vertex -0.599996 -72.8625 0.599999
      vertex -1.65 -73.725 0.599999
      vertex 1.64999 -73.725 0.599999
    endloop
  endfacet
  facet normal 0 0 1
    outer loop
      vertex -0.599996 -71.1375 0.599999
      vertex -2.55001 -71.175 0.599999
      vertex -0.599996 -72.8625 0.599999
    endloop
  endfacet
  facet normal 0 0 1
    outer loop
      vertex -2.55001 -71.175 0.599999
      vertex -1.65 -70.275 0.599999
      vertex -1.76748 -70.2827 0.599999
    endloop
  endfacet
  facet normal -0 0 1
    outer loop
      vertex -2.55001 -72.825 0.599999
      vertex -0.599996 -72.8625 0.599999
      vertex -2.55001 -71.175 0.599999
    endloop
  endfacet
  facet normal 0 0 1
    outer loop
      vertex -2.55001 -71.175 0.599999
      vertex -1.76748 -70.2827 0.599999
      vertex -1.88294 -70.3057 0.599999
    endloop
  endfacet
  facet normal 0 0 1
    outer loop
      vertex -0.599996 -72.8625 0.599999
      vertex -2.55001 -72.825 0.599999
      vertex -1.65 -73.725 0.599999
    endloop
  endfacet
  facet normal 0 0 1
    outer loop
      vertex -2.55001 -71.175 0.599999
      vertex -1.88294 -70.3057 0.599999
      vertex -1.99442 -70.3435 0.599999
    endloop
  endfacet
  facet normal 0 0 1
    outer loop
      vertex -1.65 -73.725 0.599999
      vertex -2.55001 -72.825 0.599999
      vertex -1.76748 -73.7173 0.599999
    endloop
  endfacet
  facet normal 0 0 1
    outer loop
      vertex -2.55001 -71.175 0.599999
      vertex -1.99442 -70.3435 0.599999
      vertex -2.10001 -70.3956 0.599999
    endloop
  endfacet
  facet normal 0 0 1
    outer loop
      vertex -1.76748 -73.7173 0.599999
      vertex -2.55001 -72.825 0.599999
      vertex -1.88294 -73.6943 0.599999
    endloop
  endfacet
  facet normal 0 0 1
    outer loop
      vertex -2.55001 -71.175 0.599999
      vertex -2.10001 -70.3956 0.599999
      vertex -2.1979 -70.461 0.599999
    endloop
  endfacet
  facet normal 0 0 1
    outer loop
      vertex -1.88294 -73.6943 0.599999
      vertex -2.55001 -72.825 0.599999
      vertex -1.99442 -73.6565 0.599999
    endloop
  endfacet
  facet normal 0 0 1
    outer loop
      vertex -2.55001 -71.175 0.599999
      vertex -2.1979 -70.461 0.599999
      vertex -2.2864 -70.5386 0.599999
    endloop
  endfacet
  facet normal 0 0 1
    outer loop
      vertex -1.99442 -73.6565 0.599999
      vertex -2.55001 -72.825 0.599999
      vertex -2.10001 -73.6044 0.599999
    endloop
  endfacet
  facet normal 0 0 1
    outer loop
      vertex -2.55001 -71.175 0.599999
      vertex -2.2864 -70.5386 0.599999
      vertex -2.36402 -70.6271 0.599999
    endloop
  endfacet
  facet normal 0 0 1
    outer loop
      vertex -2.10001 -73.6044 0.599999
      vertex -2.55001 -72.825 0.599999
      vertex -2.1979 -73.539 0.599999
    endloop
  endfacet
  facet normal 0 0 1
    outer loop
      vertex -2.55001 -71.175 0.599999
      vertex -2.36402 -70.6271 0.599999
      vertex -2.42943 -70.725 0.599999
    endloop
  endfacet
  facet normal 0 0 1
    outer loop
      vertex -2.1979 -73.539 0.599999
      vertex -2.55001 -72.825 0.599999
      vertex -2.2864 -73.4614 0.599999
    endloop
  endfacet
  facet normal 0 0 1
    outer loop
      vertex -2.55001 -71.175 0.599999
      vertex -2.42943 -70.725 0.599999
      vertex -2.4815 -70.8306 0.599999
    endloop
  endfacet
  facet normal 0 0 1
    outer loop
      vertex -2.2864 -73.4614 0.599999
      vertex -2.55001 -72.825 0.599999
      vertex -2.36402 -73.3729 0.599999
    endloop
  endfacet
  facet normal 0 0 1
    outer loop
      vertex -2.55001 -71.175 0.599999
      vertex -2.4815 -70.8306 0.599999
      vertex -2.51934 -70.9421 0.599999
    endloop
  endfacet
  facet normal 0 0 1
    outer loop
      vertex -2.36402 -73.3729 0.599999
      vertex -2.55001 -72.825 0.599999
      vertex -2.42943 -73.275 0.599999
    endloop
  endfacet
  facet normal 0 0 1
    outer loop
      vertex -2.55001 -71.175 0.599999
      vertex -2.51934 -70.9421 0.599999
      vertex -2.5423 -71.0575 0.599999
    endloop
  endfacet
  facet normal 0 0 1
    outer loop
      vertex -2.42943 -73.275 0.599999
      vertex -2.55001 -72.825 0.599999
      vertex -2.4815 -73.1694 0.599999
    endloop
  endfacet
  facet normal 0 0 1
    outer loop
      vertex -2.4815 -73.1694 0.599999
      vertex -2.55001 -72.825 0.599999
      vertex -2.51934 -73.0579 0.599999
    endloop
  endfacet
  facet normal 0 0 1
    outer loop
      vertex -2.51934 -73.0579 0.599999
      vertex -2.55001 -72.825 0.599999
      vertex -2.5423 -72.9425 0.599999
    endloop
  endfacet
  facet normal 0 0 -1
    outer loop
      vertex 1.64999 -73.725 0
      vertex 2.54998 -72.825 0
      vertex 2.54229 -72.9425 0
    endloop
  endfacet
  facet normal 0 0 -1
    outer loop
      vertex 2.54998 -72.825 0
      vertex 0.937494 -72 0
      vertex 2.54998 -71.175 0
    endloop
  endfacet
  facet normal 0 0 -1
    outer loop
      vertex 1.64999 -73.725 0
      vertex 2.54229 -72.9425 0
      vertex 2.51931 -73.0579 0
    endloop
  endfacet
  facet normal 0 -0 -1
    outer loop
      vertex 1.64999 -70.275 0
      vertex 2.54998 -71.175 0
      vertex 0.937494 -72 0
    endloop
  endfacet
  facet normal 0 0 -1
    outer loop
      vertex 1.64999 -73.725 0
      vertex 2.51931 -73.0579 0
      vertex 2.48149 -73.1694 0
    endloop
  endfacet
  facet normal 0 0 -1
    outer loop
      vertex 2.54998 -71.175 0
      vertex 1.64999 -70.275 0
      vertex 2.54229 -71.0575 0
    endloop
  endfacet
  facet normal 0 0 -1
    outer loop
      vertex 1.64999 -73.725 0
      vertex 2.48149 -73.1694 0
      vertex 2.42941 -73.275 0
    endloop
  endfacet
  facet normal 0 0 -1
    outer loop
      vertex 2.54229 -71.0575 0
      vertex 1.64999 -70.275 0
      vertex 2.51931 -70.9421 0
    endloop
  endfacet
  facet normal 0 0 -1
    outer loop
      vertex 1.64999 -73.725 0
      vertex 2.42941 -73.275 0
      vertex 2.36401 -73.3729 0
    endloop
  endfacet
  facet normal 0 0 -1
    outer loop
      vertex 2.51931 -70.9421 0
      vertex 1.64999 -70.275 0
      vertex 2.48149 -70.8306 0
    endloop
  endfacet
  facet normal 0 0 -1
    outer loop
      vertex 1.64999 -73.725 0
      vertex 2.36401 -73.3729 0
      vertex 2.28639 -73.4614 0
    endloop
  endfacet
  facet normal 0 0 -1
    outer loop
      vertex 2.48149 -70.8306 0
      vertex 1.64999 -70.275 0
      vertex 2.42941 -70.725 0
    endloop
  endfacet
  facet normal 0 0 -1
    outer loop
      vertex 1.64999 -73.725 0
      vertex 2.28639 -73.4614 0
      vertex 2.19787 -73.539 0
    endloop
  endfacet
  facet normal 0 0 -1
    outer loop
      vertex 2.42941 -70.725 0
      vertex 1.64999 -70.275 0
      vertex 2.36401 -70.6271 0
    endloop
  endfacet
  facet normal 0 0 -1
    outer loop
      vertex 1.64999 -73.725 0
      vertex 2.19787 -73.539 0
      vertex 2.1 -73.6044 0
    endloop
  endfacet
  facet normal 0 0 -1
    outer loop
      vertex 2.36401 -70.6271 0
      vertex 1.64999 -70.275 0
      vertex 2.28639 -70.5386 0
    endloop
  endfacet
  facet normal 0 0 -1
    outer loop
      vertex 1.64999 -73.725 0
      vertex 2.1 -73.6044 0
      vertex 1.99439 -73.6565 0
    endloop
  endfacet
  facet normal 0 0 -1
    outer loop
      vertex 2.28639 -70.5386 0
      vertex 1.64999 -70.275 0
      vertex 2.19787 -70.461 0
    endloop
  endfacet
  facet normal 0 0 -1
    outer loop
      vertex 1.64999 -73.725 0
      vertex 1.99439 -73.6565 0
      vertex 1.88293 -73.6943 0
    endloop
  endfacet
  facet normal 0 0 -1
    outer loop
      vertex 2.19787 -70.461 0
      vertex 1.64999 -70.275 0
      vertex 2.1 -70.3956 0
    endloop
  endfacet
  facet normal 0 0 -1
    outer loop
      vertex 1.64999 -73.725 0
      vertex 1.88293 -73.6943 0
      vertex 1.76747 -73.7173 0
    endloop
  endfacet
  facet normal 0 0 -1
    outer loop
      vertex 2.1 -70.3956 0
      vertex 1.64999 -70.275 0
      vertex 1.99439 -70.3435 0
    endloop
  endfacet
  facet normal -0 0 -1
    outer loop
      vertex 2.54998 -72.825 0
      vertex 1.64999 -73.725 0
      vertex 0.937494 -72 0
    endloop
  endfacet
  facet normal 0 0 -1
    outer loop
      vertex 1.99439 -70.3435 0
      vertex 1.64999 -70.275 0
      vertex 1.88293 -70.3057 0
    endloop
  endfacet
  facet normal 0 0 -1
    outer loop
      vertex 1.88293 -70.3057 0
      vertex 1.64999 -70.275 0
      vertex 1.76747 -70.2827 0
    endloop
  endfacet
  facet normal 0 0 -1
    outer loop
      vertex 1.64999 -73.725 0
      vertex -0.599996 -72.8625 0
      vertex 0.937494 -72 0
    endloop
  endfacet
  facet normal 0 0 -1
    outer loop
      vertex -2.55001 -72.825 0
      vertex -0.599996 -72.8625 0
      vertex -1.65 -73.725 0
    endloop
  endfacet
  facet normal 0 0 -1
    outer loop
      vertex -1.65 -73.725 0
      vertex -0.599996 -72.8625 0
      vertex 1.64999 -73.725 0
    endloop
  endfacet
  facet normal 0 0 -1
    outer loop
      vertex -0.599996 -71.1375 0
      vertex 1.64999 -70.275 0
      vertex 0.937494 -72 0
    endloop
  endfacet
  facet normal 0 0 -1
    outer loop
      vertex -0.599996 -71.1375 0
      vertex -1.65 -70.275 0
      vertex 1.64999 -70.275 0
    endloop
  endfacet
  facet normal 0 0 -1
    outer loop
      vertex -0.599996 -72.8625 0
      vertex -2.55001 -72.825 0
      vertex -0.599996 -71.1375 0
    endloop
  endfacet
  facet normal 0 0 -1
    outer loop
      vertex -2.55001 -72.825 0
      vertex -1.65 -73.725 0
      vertex -1.76748 -73.7173 0
    endloop
  endfacet
  facet normal 0 0 -1
    outer loop
      vertex -2.55001 -71.175 0
      vertex -0.599996 -71.1375 0
      vertex -2.55001 -72.825 0
    endloop
  endfacet
  facet normal 0 0 -1
    outer loop
      vertex -2.55001 -72.825 0
      vertex -1.76748 -73.7173 0
      vertex -1.88294 -73.6943 0
    endloop
  endfacet
  facet normal -0 0 -1
    outer loop
      vertex -0.599996 -71.1375 0
      vertex -2.55001 -71.175 0
      vertex -1.65 -70.275 0
    endloop
  endfacet
  facet normal 0 0 -1
    outer loop
      vertex -2.55001 -72.825 0
      vertex -1.88294 -73.6943 0
      vertex -1.99442 -73.6565 0
    endloop
  endfacet
  facet normal 0 0 -1
    outer loop
      vertex -1.65 -70.275 0
      vertex -2.55001 -71.175 0
      vertex -1.76748 -70.2827 0
    endloop
  endfacet
  facet normal 0 0 -1
    outer loop
      vertex -2.55001 -72.825 0
      vertex -1.99442 -73.6565 0
      vertex -2.10001 -73.6044 0
    endloop
  endfacet
  facet normal 0 0 -1
    outer loop
      vertex -1.76748 -70.2827 0
      vertex -2.55001 -71.175 0
      vertex -1.88294 -70.3057 0
    endloop
  endfacet
  facet normal 0 0 -1
    outer loop
      vertex -2.55001 -72.825 0
      vertex -2.10001 -73.6044 0
      vertex -2.1979 -73.539 0
    endloop
  endfacet
  facet normal 0 0 -1
    outer loop
      vertex -1.88294 -70.3057 0
      vertex -2.55001 -71.175 0
      vertex -1.99442 -70.3435 0
    endloop
  endfacet
  facet normal 0 0 -1
    outer loop
      vertex -2.55001 -72.825 0
      vertex -2.1979 -73.539 0
      vertex -2.2864 -73.4614 0
    endloop
  endfacet
  facet normal 0 0 -1
    outer loop
      vertex -1.99442 -70.3435 0
      vertex -2.55001 -71.175 0
      vertex -2.10001 -70.3956 0
    endloop
  endfacet
  facet normal 0 0 -1
    outer loop
      vertex -2.55001 -72.825 0
      vertex -2.2864 -73.4614 0
      vertex -2.36402 -73.3729 0
    endloop
  endfacet
  facet normal 0 0 -1
    outer loop
      vertex -2.10001 -70.3956 0
      vertex -2.55001 -71.175 0
      vertex -2.1979 -70.461 0
    endloop
  endfacet
  facet normal 0 0 -1
    outer loop
      vertex -2.55001 -72.825 0
      vertex -2.36402 -73.3729 0
      vertex -2.42943 -73.275 0
    endloop
  endfacet
  facet normal 0 0 -1
    outer loop
      vertex -2.1979 -70.461 0
      vertex -2.55001 -71.175 0
      vertex -2.2864 -70.5386 0
    endloop
  endfacet
  facet normal 0 0 -1
    outer loop
      vertex -2.55001 -72.825 0
      vertex -2.42943 -73.275 0
      vertex -2.4815 -73.1694 0
    endloop
  endfacet
  facet normal 0 0 -1
    outer loop
      vertex -2.2864 -70.5386 0
      vertex -2.55001 -71.175 0
      vertex -2.36402 -70.6271 0
    endloop
  endfacet
  facet normal 0 0 -1
    outer loop
      vertex -2.55001 -72.825 0
      vertex -2.4815 -73.1694 0
      vertex -2.51934 -73.0579 0
    endloop
  endfacet
  facet normal 0 0 -1
    outer loop
      vertex -2.36402 -70.6271 0
      vertex -2.55001 -71.175 0
      vertex -2.42943 -70.725 0
    endloop
  endfacet
  facet normal 0 0 -1
    outer loop
      vertex -2.55001 -72.825 0
      vertex -2.51934 -73.0579 0
      vertex -2.5423 -72.9425 0
    endloop
  endfacet
  facet normal 0 0 -1
    outer loop
      vertex -2.42943 -70.725 0
      vertex -2.55001 -71.175 0
      vertex -2.4815 -70.8306 0
    endloop
  endfacet
  facet normal 0 0 -1
    outer loop
      vertex -2.4815 -70.8306 0
      vertex -2.55001 -71.175 0
      vertex -2.51934 -70.9421 0
    endloop
  endfacet
  facet normal 0 0 -1
    outer loop
      vertex -2.51934 -70.9421 0
      vertex -2.55001 -71.175 0
      vertex -2.5423 -71.0575 0
    endloop
  endfacet
  facet normal 0.195365 0.980731 -0
    outer loop
      vertex 1.88293 -70.3057 0
      vertex 1.76747 -70.2827 0.599999
      vertex 1.88293 -70.3057 0.599999
    endloop
  endfacet
  facet normal 0.195365 0.980731 0
    outer loop
      vertex 1.76747 -70.2827 0.599999
      vertex 1.88293 -70.3057 0
      vertex 1.76747 -70.2827 0
    endloop
  endfacet
  facet normal 0.321168 0.947022 -0
    outer loop
      vertex 1.99439 -70.3435 0
      vertex 1.88293 -70.3057 0.599999
      vertex 1.99439 -70.3435 0.599999
    endloop
  endfacet
  facet normal 0.321168 0.947022 0
    outer loop
      vertex 1.88293 -70.3057 0.599999
      vertex 1.99439 -70.3435 0
      vertex 1.88293 -70.3057 0
    endloop
  endfacet
  facet normal 0.442418 0.896809 -0
    outer loop
      vertex 2.1 -70.3956 0
      vertex 1.99439 -70.3435 0.599999
      vertex 2.1 -70.3956 0.599999
    endloop
  endfacet
  facet normal 0.442418 0.896809 0
    outer loop
      vertex 1.99439 -70.3435 0.599999
      vertex 2.1 -70.3956 0
      vertex 1.99439 -70.3435 0
    endloop
  endfacet
  facet normal 0.555602 0.831449 -0
    outer loop
      vertex 2.19787 -70.461 0
      vertex 2.1 -70.3956 0.599999
      vertex 2.19787 -70.461 0.599999
    endloop
  endfacet
  facet normal 0.555602 0.831449 0
    outer loop
      vertex 2.1 -70.3956 0.599999
      vertex 2.19787 -70.461 0
      vertex 2.1 -70.3956 0
    endloop
  endfacet
  facet normal 0.659202 0.751966 -0
    outer loop
      vertex 2.28639 -70.5386 0
      vertex 2.19787 -70.461 0.599999
      vertex 2.28639 -70.5386 0.599999
    endloop
  endfacet
  facet normal 0.659202 0.751966 0
    outer loop
      vertex 2.19787 -70.461 0.599999
      vertex 2.28639 -70.5386 0
      vertex 2.19787 -70.461 0
    endloop
  endfacet
  facet normal 0.751808 0.659382 0
    outer loop
      vertex 2.36401 -70.6271 0.599999
      vertex 2.28639 -70.5386 0
      vertex 2.28639 -70.5386 0.599999
    endloop
  endfacet
  facet normal 0.751808 0.659382 0
    outer loop
      vertex 2.28639 -70.5386 0
      vertex 2.36401 -70.6271 0.599999
      vertex 2.36401 -70.6271 0
    endloop
  endfacet
  facet normal 0.831527 0.555484 0
    outer loop
      vertex 2.42941 -70.725 0.599999
      vertex 2.36401 -70.6271 0
      vertex 2.36401 -70.6271 0.599999
    endloop
  endfacet
  facet normal 0.831527 0.555484 0
    outer loop
      vertex 2.36401 -70.6271 0
      vertex 2.42941 -70.725 0.599999
      vertex 2.42941 -70.725 0
    endloop
  endfacet
  facet normal 0.89686 0.442315 0
    outer loop
      vertex 2.48149 -70.8306 0.599999
      vertex 2.42941 -70.725 0
      vertex 2.42941 -70.725 0.599999
    endloop
  endfacet
  facet normal 0.89686 0.442315 0
    outer loop
      vertex 2.42941 -70.725 0
      vertex 2.48149 -70.8306 0.599999
      vertex 2.48149 -70.8306 0
    endloop
  endfacet
  facet normal 0.947005 0.321217 0
    outer loop
      vertex 2.51931 -70.9421 0.599999
      vertex 2.48149 -70.8306 0
      vertex 2.48149 -70.8306 0.599999
    endloop
  endfacet
  facet normal 0.947005 0.321217 0
    outer loop
      vertex 2.48149 -70.8306 0
      vertex 2.51931 -70.9421 0.599999
      vertex 2.51931 -70.9421 0
    endloop
  endfacet
  facet normal 0.980744 0.195299 0
    outer loop
      vertex 2.54229 -71.0575 0.599999
      vertex 2.51931 -70.9421 0
      vertex 2.51931 -70.9421 0.599999
    endloop
  endfacet
  facet normal 0.980744 0.195299 0
    outer loop
      vertex 2.51931 -70.9421 0
      vertex 2.54229 -71.0575 0.599999
      vertex 2.54229 -71.0575 0
    endloop
  endfacet
  facet normal 0.997865 0.0653071 0
    outer loop
      vertex 2.54998 -71.175 0.599999
      vertex 2.54229 -71.0575 0
      vertex 2.54229 -71.0575 0.599999
    endloop
  endfacet
  facet normal 0.997865 0.0653071 0
    outer loop
      vertex 2.54229 -71.0575 0
      vertex 2.54998 -71.175 0.599999
      vertex 2.54998 -71.175 0
    endloop
  endfacet
  facet normal 1 -0 0
    outer loop
      vertex 2.54998 -72.825 0.599999
      vertex 2.54998 -71.175 0
      vertex 2.54998 -71.175 0.599999
    endloop
  endfacet
  facet normal 1 0 0
    outer loop
      vertex 2.54998 -71.175 0
      vertex 2.54998 -72.825 0.599999
      vertex 2.54998 -72.825 0
    endloop
  endfacet
  facet normal 0.997865 -0.0653071 0
    outer loop
      vertex 2.54229 -72.9425 0.599999
      vertex 2.54998 -72.825 0
      vertex 2.54998 -72.825 0.599999
    endloop
  endfacet
  facet normal 0.997865 -0.0653071 0
    outer loop
      vertex 2.54998 -72.825 0
      vertex 2.54229 -72.9425 0.599999
      vertex 2.54229 -72.9425 0
    endloop
  endfacet
  facet normal 0.980744 -0.195299 0
    outer loop
      vertex 2.51931 -73.0579 0.599999
      vertex 2.54229 -72.9425 0
      vertex 2.54229 -72.9425 0.599999
    endloop
  endfacet
  facet normal 0.980744 -0.195299 0
    outer loop
      vertex 2.54229 -72.9425 0
      vertex 2.51931 -73.0579 0.599999
      vertex 2.51931 -73.0579 0
    endloop
  endfacet
  facet normal 0.947005 -0.321217 0
    outer loop
      vertex 2.48149 -73.1694 0.599999
      vertex 2.51931 -73.0579 0
      vertex 2.51931 -73.0579 0.599999
    endloop
  endfacet
  facet normal 0.947005 -0.321217 0
    outer loop
      vertex 2.51931 -73.0579 0
      vertex 2.48149 -73.1694 0.599999
      vertex 2.48149 -73.1694 0
    endloop
  endfacet
  facet normal 0.89686 -0.442315 0
    outer loop
      vertex 2.42941 -73.275 0.599999
      vertex 2.48149 -73.1694 0
      vertex 2.48149 -73.1694 0.599999
    endloop
  endfacet
  facet normal 0.89686 -0.442315 0
    outer loop
      vertex 2.48149 -73.1694 0
      vertex 2.42941 -73.275 0.599999
      vertex 2.42941 -73.275 0
    endloop
  endfacet
  facet normal 0.831527 -0.555484 0
    outer loop
      vertex 2.36401 -73.3729 0.599999
      vertex 2.42941 -73.275 0
      vertex 2.42941 -73.275 0.599999
    endloop
  endfacet
  facet normal 0.831527 -0.555484 0
    outer loop
      vertex 2.42941 -73.275 0
      vertex 2.36401 -73.3729 0.599999
      vertex 2.36401 -73.3729 0
    endloop
  endfacet
  facet normal 0.751808 -0.659382 0
    outer loop
      vertex 2.28639 -73.4614 0.599999
      vertex 2.36401 -73.3729 0
      vertex 2.36401 -73.3729 0.599999
    endloop
  endfacet
  facet normal 0.751808 -0.659382 0
    outer loop
      vertex 2.36401 -73.3729 0
      vertex 2.28639 -73.4614 0.599999
      vertex 2.28639 -73.4614 0
    endloop
  endfacet
  facet normal 0.659202 -0.751966 0
    outer loop
      vertex 2.19787 -73.539 0
      vertex 2.28639 -73.4614 0.599999
      vertex 2.19787 -73.539 0.599999
    endloop
  endfacet
  facet normal 0.659202 -0.751966 0
    outer loop
      vertex 2.28639 -73.4614 0.599999
      vertex 2.19787 -73.539 0
      vertex 2.28639 -73.4614 0
    endloop
  endfacet
  facet normal 0.555602 -0.831449 0
    outer loop
      vertex 2.1 -73.6044 0
      vertex 2.19787 -73.539 0.599999
      vertex 2.1 -73.6044 0.599999
    endloop
  endfacet
  facet normal 0.555602 -0.831449 0
    outer loop
      vertex 2.19787 -73.539 0.599999
      vertex 2.1 -73.6044 0
      vertex 2.19787 -73.539 0
    endloop
  endfacet
  facet normal 0.442418 -0.896809 0
    outer loop
      vertex 1.99439 -73.6565 0
      vertex 2.1 -73.6044 0.599999
      vertex 1.99439 -73.6565 0.599999
    endloop
  endfacet
  facet normal 0.442418 -0.896809 0
    outer loop
      vertex 2.1 -73.6044 0.599999
      vertex 1.99439 -73.6565 0
      vertex 2.1 -73.6044 0
    endloop
  endfacet
  facet normal 0.321168 -0.947022 0
    outer loop
      vertex 1.88293 -73.6943 0
      vertex 1.99439 -73.6565 0.599999
      vertex 1.88293 -73.6943 0.599999
    endloop
  endfacet
  facet normal 0.321168 -0.947022 0
    outer loop
      vertex 1.99439 -73.6565 0.599999
      vertex 1.88293 -73.6943 0
      vertex 1.99439 -73.6565 0
    endloop
  endfacet
  facet normal 0.195365 -0.980731 0
    outer loop
      vertex 1.76747 -73.7173 0
      vertex 1.88293 -73.6943 0.599999
      vertex 1.76747 -73.7173 0.599999
    endloop
  endfacet
  facet normal 0.195365 -0.980731 0
    outer loop
      vertex 1.88293 -73.6943 0.599999
      vertex 1.76747 -73.7173 0
      vertex 1.88293 -73.6943 0
    endloop
  endfacet
  facet normal 0.0654027 -0.997859 0
    outer loop
      vertex 1.64999 -73.725 0
      vertex 1.76747 -73.7173 0.599999
      vertex 1.64999 -73.725 0.599999
    endloop
  endfacet
  facet normal 0.0654027 -0.997859 0
    outer loop
      vertex 1.76747 -73.7173 0.599999
      vertex 1.64999 -73.725 0
      vertex 1.76747 -73.7173 0
    endloop
  endfacet
  facet normal 0 -1 0
    outer loop
      vertex -1.65 -73.725 0
      vertex 1.64999 -73.725 0.599999
      vertex -1.65 -73.725 0.599999
    endloop
  endfacet
  facet normal 0 -1 -0
    outer loop
      vertex 1.64999 -73.725 0.599999
      vertex -1.65 -73.725 0
      vertex 1.64999 -73.725 0
    endloop
  endfacet
  facet normal -0.0654027 -0.997859 0
    outer loop
      vertex -1.76748 -73.7173 0
      vertex -1.65 -73.725 0.599999
      vertex -1.76748 -73.7173 0.599999
    endloop
  endfacet
  facet normal -0.0654027 -0.997859 -0
    outer loop
      vertex -1.65 -73.725 0.599999
      vertex -1.76748 -73.7173 0
      vertex -1.65 -73.725 0
    endloop
  endfacet
  facet normal -0.195365 -0.980731 0
    outer loop
      vertex -1.88294 -73.6943 0
      vertex -1.76748 -73.7173 0.599999
      vertex -1.88294 -73.6943 0.599999
    endloop
  endfacet
  facet normal -0.195365 -0.980731 -0
    outer loop
      vertex -1.76748 -73.7173 0.599999
      vertex -1.88294 -73.6943 0
      vertex -1.76748 -73.7173 0
    endloop
  endfacet
  facet normal -0.321117 -0.94704 0
    outer loop
      vertex -1.99442 -73.6565 0
      vertex -1.88294 -73.6943 0.599999
      vertex -1.99442 -73.6565 0.599999
    endloop
  endfacet
  facet normal -0.321117 -0.94704 -0
    outer loop
      vertex -1.88294 -73.6943 0.599999
      vertex -1.99442 -73.6565 0
      vertex -1.88294 -73.6943 0
    endloop
  endfacet
  facet normal -0.442485 -0.896776 0
    outer loop
      vertex -2.10001 -73.6044 0
      vertex -1.99442 -73.6565 0.599999
      vertex -2.10001 -73.6044 0.599999
    endloop
  endfacet
  facet normal -0.442485 -0.896776 -0
    outer loop
      vertex -1.99442 -73.6565 0.599999
      vertex -2.10001 -73.6044 0
      vertex -1.99442 -73.6565 0
    endloop
  endfacet
  facet normal -0.555523 -0.831501 0
    outer loop
      vertex -2.1979 -73.539 0
      vertex -2.10001 -73.6044 0.599999
      vertex -2.1979 -73.539 0.599999
    endloop
  endfacet
  facet normal -0.555523 -0.831501 -0
    outer loop
      vertex -2.10001 -73.6044 0.599999
      vertex -2.1979 -73.539 0
      vertex -2.10001 -73.6044 0
    endloop
  endfacet
  facet normal -0.659286 -0.751892 0
    outer loop
      vertex -2.2864 -73.4614 0
      vertex -2.1979 -73.539 0.599999
      vertex -2.2864 -73.4614 0.599999
    endloop
  endfacet
  facet normal -0.659286 -0.751892 -0
    outer loop
      vertex -2.1979 -73.539 0.599999
      vertex -2.2864 -73.4614 0
      vertex -2.1979 -73.539 0
    endloop
  endfacet
  facet normal -0.751808 -0.659382 0
    outer loop
      vertex -2.2864 -73.4614 0
      vertex -2.36402 -73.3729 0.599999
      vertex -2.36402 -73.3729 0
    endloop
  endfacet
  facet normal -0.751808 -0.659382 0
    outer loop
      vertex -2.36402 -73.3729 0.599999
      vertex -2.2864 -73.4614 0
      vertex -2.2864 -73.4614 0.599999
    endloop
  endfacet
  facet normal -0.831488 -0.555543 0
    outer loop
      vertex -2.36402 -73.3729 0
      vertex -2.42943 -73.275 0.599999
      vertex -2.42943 -73.275 0
    endloop
  endfacet
  facet normal -0.831488 -0.555543 0
    outer loop
      vertex -2.42943 -73.275 0.599999
      vertex -2.36402 -73.3729 0
      vertex -2.36402 -73.3729 0.599999
    endloop
  endfacet
  facet normal -0.896893 -0.442247 0
    outer loop
      vertex -2.42943 -73.275 0
      vertex -2.4815 -73.1694 0.599999
      vertex -2.4815 -73.1694 0
    endloop
  endfacet
  facet normal -0.896893 -0.442247 0
    outer loop
      vertex -2.4815 -73.1694 0.599999
      vertex -2.42943 -73.275 0
      vertex -2.42943 -73.275 0.599999
    endloop
  endfacet
  facet normal -0.946954 -0.32137 0
    outer loop
      vertex -2.4815 -73.1694 0
      vertex -2.51934 -73.0579 0.599999
      vertex -2.51934 -73.0579 0
    endloop
  endfacet
  facet normal -0.946954 -0.32137 0
    outer loop
      vertex -2.51934 -73.0579 0.599999
      vertex -2.4815 -73.1694 0
      vertex -2.4815 -73.1694 0.599999
    endloop
  endfacet
  facet normal -0.980776 -0.195135 0
    outer loop
      vertex -2.51934 -73.0579 0
      vertex -2.5423 -72.9425 0.599999
      vertex -2.5423 -72.9425 0
    endloop
  endfacet
  facet normal -0.980776 -0.195135 0
    outer loop
      vertex -2.5423 -72.9425 0.599999
      vertex -2.51934 -73.0579 0
      vertex -2.51934 -73.0579 0.599999
    endloop
  endfacet
  facet normal -0.997854 -0.0654762 0
    outer loop
      vertex -2.5423 -72.9425 0
      vertex -2.55001 -72.825 0.599999
      vertex -2.55001 -72.825 0
    endloop
  endfacet
  facet normal -0.997854 -0.0654762 0
    outer loop
      vertex -2.55001 -72.825 0.599999
      vertex -2.5423 -72.9425 0
      vertex -2.5423 -72.9425 0.599999
    endloop
  endfacet
  facet normal -1 0 0
    outer loop
      vertex -2.55001 -72.825 0
      vertex -2.55001 -71.175 0.599999
      vertex -2.55001 -71.175 0
    endloop
  endfacet
  facet normal -1 -0 0
    outer loop
      vertex -2.55001 -71.175 0.599999
      vertex -2.55001 -72.825 0
      vertex -2.55001 -72.825 0.599999
    endloop
  endfacet
  facet normal -0.997854 0.0654762 0
    outer loop
      vertex -2.55001 -71.175 0
      vertex -2.5423 -71.0575 0.599999
      vertex -2.5423 -71.0575 0
    endloop
  endfacet
  facet normal -0.997854 0.0654762 0
    outer loop
      vertex -2.5423 -71.0575 0.599999
      vertex -2.55001 -71.175 0
      vertex -2.55001 -71.175 0.599999
    endloop
  endfacet
  facet normal -0.980776 0.195135 0
    outer loop
      vertex -2.5423 -71.0575 0
      vertex -2.51934 -70.9421 0.599999
      vertex -2.51934 -70.9421 0
    endloop
  endfacet
  facet normal -0.980776 0.195135 0
    outer loop
      vertex -2.51934 -70.9421 0.599999
      vertex -2.5423 -71.0575 0
      vertex -2.5423 -71.0575 0.599999
    endloop
  endfacet
  facet normal -0.946954 0.32137 0
    outer loop
      vertex -2.51934 -70.9421 0
      vertex -2.4815 -70.8306 0.599999
      vertex -2.4815 -70.8306 0
    endloop
  endfacet
  facet normal -0.946954 0.32137 0
    outer loop
      vertex -2.4815 -70.8306 0.599999
      vertex -2.51934 -70.9421 0
      vertex -2.51934 -70.9421 0.599999
    endloop
  endfacet
  facet normal -0.896893 0.442247 0
    outer loop
      vertex -2.4815 -70.8306 0
      vertex -2.42943 -70.725 0.599999
      vertex -2.42943 -70.725 0
    endloop
  endfacet
  facet normal -0.896893 0.442247 0
    outer loop
      vertex -2.42943 -70.725 0.599999
      vertex -2.4815 -70.8306 0
      vertex -2.4815 -70.8306 0.599999
    endloop
  endfacet
  facet normal -0.831488 0.555543 0
    outer loop
      vertex -2.42943 -70.725 0
      vertex -2.36402 -70.6271 0.599999
      vertex -2.36402 -70.6271 0
    endloop
  endfacet
  facet normal -0.831488 0.555543 0
    outer loop
      vertex -2.36402 -70.6271 0.599999
      vertex -2.42943 -70.725 0
      vertex -2.42943 -70.725 0.599999
    endloop
  endfacet
  facet normal -0.751808 0.659382 0
    outer loop
      vertex -2.36402 -70.6271 0
      vertex -2.2864 -70.5386 0.599999
      vertex -2.2864 -70.5386 0
    endloop
  endfacet
  facet normal -0.751808 0.659382 0
    outer loop
      vertex -2.2864 -70.5386 0.599999
      vertex -2.36402 -70.6271 0
      vertex -2.36402 -70.6271 0.599999
    endloop
  endfacet
  facet normal -0.659286 0.751892 0
    outer loop
      vertex -2.1979 -70.461 0
      vertex -2.2864 -70.5386 0.599999
      vertex -2.1979 -70.461 0.599999
    endloop
  endfacet
  facet normal -0.659286 0.751892 0
    outer loop
      vertex -2.2864 -70.5386 0.599999
      vertex -2.1979 -70.461 0
      vertex -2.2864 -70.5386 0
    endloop
  endfacet
  facet normal -0.555523 0.831501 0
    outer loop
      vertex -2.10001 -70.3956 0
      vertex -2.1979 -70.461 0.599999
      vertex -2.10001 -70.3956 0.599999
    endloop
  endfacet
  facet normal -0.555523 0.831501 0
    outer loop
      vertex -2.1979 -70.461 0.599999
      vertex -2.10001 -70.3956 0
      vertex -2.1979 -70.461 0
    endloop
  endfacet
  facet normal -0.442485 0.896776 0
    outer loop
      vertex -1.99442 -70.3435 0
      vertex -2.10001 -70.3956 0.599999
      vertex -1.99442 -70.3435 0.599999
    endloop
  endfacet
  facet normal -0.442485 0.896776 0
    outer loop
      vertex -2.10001 -70.3956 0.599999
      vertex -1.99442 -70.3435 0
      vertex -2.10001 -70.3956 0
    endloop
  endfacet
  facet normal -0.321117 0.94704 0
    outer loop
      vertex -1.88294 -70.3057 0
      vertex -1.99442 -70.3435 0.599999
      vertex -1.88294 -70.3057 0.599999
    endloop
  endfacet
  facet normal -0.321117 0.94704 0
    outer loop
      vertex -1.99442 -70.3435 0.599999
      vertex -1.88294 -70.3057 0
      vertex -1.99442 -70.3435 0
    endloop
  endfacet
  facet normal -0.195365 0.980731 0
    outer loop
      vertex -1.76748 -70.2827 0
      vertex -1.88294 -70.3057 0.599999
      vertex -1.76748 -70.2827 0.599999
    endloop
  endfacet
  facet normal -0.195365 0.980731 0
    outer loop
      vertex -1.88294 -70.3057 0.599999
      vertex -1.76748 -70.2827 0
      vertex -1.88294 -70.3057 0
    endloop
  endfacet
  facet normal -0.0654027 0.997859 0
    outer loop
      vertex -1.65 -70.275 0
      vertex -1.76748 -70.2827 0.599999
      vertex -1.65 -70.275 0.599999
    endloop
  endfacet
  facet normal -0.0654027 0.997859 0
    outer loop
      vertex -1.76748 -70.2827 0.599999
      vertex -1.65 -70.275 0
      vertex -1.76748 -70.2827 0
    endloop
  endfacet
  facet normal 0 1 -0
    outer loop
      vertex 1.64999 -70.275 0
      vertex -1.65 -70.275 0.599999
      vertex 1.64999 -70.275 0.599999
    endloop
  endfacet
  facet normal 0 1 0
    outer loop
      vertex -1.65 -70.275 0.599999
      vertex 1.64999 -70.275 0
      vertex -1.65 -70.275 0
    endloop
  endfacet
  facet normal 0.0654027 0.997859 -0
    outer loop
      vertex 1.76747 -70.2827 0
      vertex 1.64999 -70.275 0.599999
      vertex 1.76747 -70.2827 0.599999
    endloop
  endfacet
  facet normal 0.0654027 0.997859 0
    outer loop
      vertex 1.64999 -70.275 0.599999
      vertex 1.76747 -70.2827 0
      vertex 1.64999 -70.275 0
    endloop
  endfacet
  facet normal -0.489253 0.872142 0
    outer loop
      vertex 0.937494 -72 0
      vertex -0.599996 -72.8625 0.599999
      vertex 0.937494 -72 0.599999
    endloop
  endfacet
  facet normal -0.489253 0.872142 0
    outer loop
      vertex -0.599996 -72.8625 0.599999
      vertex 0.937494 -72 0
      vertex -0.599996 -72.8625 0
    endloop
  endfacet
  facet normal -0.489253 -0.872142 0
    outer loop
      vertex -0.599996 -71.1375 0
      vertex 0.937494 -72 0.599999
      vertex -0.599996 -71.1375 0.599999
    endloop
  endfacet
  facet normal -0.489253 -0.872142 -0
    outer loop
      vertex 0.937494 -72 0.599999
      vertex -0.599996 -71.1375 0
      vertex 0.937494 -72 0
    endloop
  endfacet
  facet normal 1 -0 0
    outer loop
      vertex -0.599996 -72.8625 0.599999
      vertex -0.599996 -71.1375 0
      vertex -0.599996 -71.1375 0.599999
    endloop
  endfacet
  facet normal 1 0 0
    outer loop
      vertex -0.599996 -71.1375 0
      vertex -0.599996 -72.8625 0.599999
      vertex -0.599996 -72.8625 0
    endloop
  endfacet
  facet normal -0 0 1
    outer loop
      vertex 34.4 -71.625 0.599999
      vertex 35.625 -72.375 0.599999
      vertex 35.625 -71.625 0.599999
    endloop
  endfacet
  facet normal 0 0 1
    outer loop
      vertex 35.625 -72.375 0.599999
      vertex 34.4 -71.625 0.599999
      vertex 34.4 -72.375 0.599999
    endloop
  endfacet
  facet normal 0 0 1
    outer loop
      vertex 35.625 -71.625 0.599999
      vertex 36.375 -71.625 0.599999
      vertex 36.375 -70.4 0.599999
    endloop
  endfacet
  facet normal 0 0 1
    outer loop
      vertex 36.375 -71.625 0.599999
      vertex 35.625 -71.625 0.599999
      vertex 36.375 -72.375 0.599999
    endloop
  endfacet
  facet normal 0 0 1
    outer loop
      vertex 35.625 -71.625 0.599999
      vertex 36.375 -70.4 0.599999
      vertex 35.625 -70.4 0.599999
    endloop
  endfacet
  facet normal 0 0 1
    outer loop
      vertex 35.625 -72.375 0.599999
      vertex 36.375 -72.375 0.599999
      vertex 35.625 -71.625 0.599999
    endloop
  endfacet
  facet normal 0 0 1
    outer loop
      vertex 36.375 -72.375 0.599999
      vertex 35.625 -72.375 0.599999
      vertex 36.375 -73.6 0.599999
    endloop
  endfacet
  facet normal 0 0 1
    outer loop
      vertex 36.375 -73.6 0.599999
      vertex 35.625 -72.375 0.599999
      vertex 35.625 -73.6 0.599999
    endloop
  endfacet
  facet normal -0 0 1
    outer loop
      vertex 36.375 -71.625 0.599999
      vertex 37.6 -72.375 0.599999
      vertex 37.6 -71.625 0.599999
    endloop
  endfacet
  facet normal 0 0 1
    outer loop
      vertex 37.6 -72.375 0.599999
      vertex 36.375 -71.625 0.599999
      vertex 36.375 -72.375 0.599999
    endloop
  endfacet
  facet normal 0 0 -1
    outer loop
      vertex 34.4 -72.375 0
      vertex 35.625 -71.625 0
      vertex 35.625 -72.375 0
    endloop
  endfacet
  facet normal -0 0 -1
    outer loop
      vertex 35.625 -71.625 0
      vertex 34.4 -72.375 0
      vertex 34.4 -71.625 0
    endloop
  endfacet
  facet normal 0 0 -1
    outer loop
      vertex 35.625 -72.375 0
      vertex 36.375 -72.375 0
      vertex 36.375 -73.6 0
    endloop
  endfacet
  facet normal 0 0 -1
    outer loop
      vertex 36.375 -72.375 0
      vertex 35.625 -72.375 0
      vertex 36.375 -71.625 0
    endloop
  endfacet
  facet normal 0 0 -1
    outer loop
      vertex 35.625 -72.375 0
      vertex 36.375 -73.6 0
      vertex 35.625 -73.6 0
    endloop
  endfacet
  facet normal 0 0 -1
    outer loop
      vertex 35.625 -71.625 0
      vertex 36.375 -71.625 0
      vertex 35.625 -72.375 0
    endloop
  endfacet
  facet normal 0 0 -1
    outer loop
      vertex 36.375 -71.625 0
      vertex 35.625 -71.625 0
      vertex 36.375 -70.4 0
    endloop
  endfacet
  facet normal -0 0 -1
    outer loop
      vertex 36.375 -70.4 0
      vertex 35.625 -71.625 0
      vertex 35.625 -70.4 0
    endloop
  endfacet
  facet normal 0 0 -1
    outer loop
      vertex 36.375 -72.375 0
      vertex 37.6 -71.625 0
      vertex 37.6 -72.375 0
    endloop
  endfacet
  facet normal -0 0 -1
    outer loop
      vertex 37.6 -71.625 0
      vertex 36.375 -72.375 0
      vertex 36.375 -71.625 0
    endloop
  endfacet
  facet normal 0 1 -0
    outer loop
      vertex 37.6 -71.625 0
      vertex 36.375 -71.625 0.599999
      vertex 37.6 -71.625 0.599999
    endloop
  endfacet
  facet normal 0 1 0
    outer loop
      vertex 36.375 -71.625 0.599999
      vertex 37.6 -71.625 0
      vertex 36.375 -71.625 0
    endloop
  endfacet
  facet normal 1 -0 0
    outer loop
      vertex 37.6 -72.375 0.599999
      vertex 37.6 -71.625 0
      vertex 37.6 -71.625 0.599999
    endloop
  endfacet
  facet normal 1 0 0
    outer loop
      vertex 37.6 -71.625 0
      vertex 37.6 -72.375 0.599999
      vertex 37.6 -72.375 0
    endloop
  endfacet
  facet normal 0 -1 0
    outer loop
      vertex 36.375 -72.375 0
      vertex 37.6 -72.375 0.599999
      vertex 36.375 -72.375 0.599999
    endloop
  endfacet
  facet normal 0 -1 -0
    outer loop
      vertex 37.6 -72.375 0.599999
      vertex 36.375 -72.375 0
      vertex 37.6 -72.375 0
    endloop
  endfacet
  facet normal 1 -0 0
    outer loop
      vertex 36.375 -73.6 0.599999
      vertex 36.375 -72.375 0
      vertex 36.375 -72.375 0.599999
    endloop
  endfacet
  facet normal 1 0 0
    outer loop
      vertex 36.375 -72.375 0
      vertex 36.375 -73.6 0.599999
      vertex 36.375 -73.6 0
    endloop
  endfacet
  facet normal 0 -1 0
    outer loop
      vertex 35.625 -73.6 0
      vertex 36.375 -73.6 0.599999
      vertex 35.625 -73.6 0.599999
    endloop
  endfacet
  facet normal 0 -1 -0
    outer loop
      vertex 36.375 -73.6 0.599999
      vertex 35.625 -73.6 0
      vertex 36.375 -73.6 0
    endloop
  endfacet
  facet normal -1 0 0
    outer loop
      vertex 35.625 -73.6 0
      vertex 35.625 -72.375 0.599999
      vertex 35.625 -72.375 0
    endloop
  endfacet
  facet normal -1 -0 0
    outer loop
      vertex 35.625 -72.375 0.599999
      vertex 35.625 -73.6 0
      vertex 35.625 -73.6 0.599999
    endloop
  endfacet
  facet normal 0 -1 0
    outer loop
      vertex 34.4 -72.375 0
      vertex 35.625 -72.375 0.599999
      vertex 34.4 -72.375 0.599999
    endloop
  endfacet
  facet normal 0 -1 -0
    outer loop
      vertex 35.625 -72.375 0.599999
      vertex 34.4 -72.375 0
      vertex 35.625 -72.375 0
    endloop
  endfacet
  facet normal -1 0 0
    outer loop
      vertex 34.4 -72.375 0
      vertex 34.4 -71.625 0.599999
      vertex 34.4 -71.625 0
    endloop
  endfacet
  facet normal -1 -0 0
    outer loop
      vertex 34.4 -71.625 0.599999
      vertex 34.4 -72.375 0
      vertex 34.4 -72.375 0.599999
    endloop
  endfacet
  facet normal 0 1 -0
    outer loop
      vertex 35.625 -71.625 0
      vertex 34.4 -71.625 0.599999
      vertex 35.625 -71.625 0.599999
    endloop
  endfacet
  facet normal 0 1 0
    outer loop
      vertex 34.4 -71.625 0.599999
      vertex 35.625 -71.625 0
      vertex 34.4 -71.625 0
    endloop
  endfacet
  facet normal -1 0 0
    outer loop
      vertex 35.625 -71.625 0
      vertex 35.625 -70.4 0.599999
      vertex 35.625 -70.4 0
    endloop
  endfacet
  facet normal -1 -0 0
    outer loop
      vertex 35.625 -70.4 0.599999
      vertex 35.625 -71.625 0
      vertex 35.625 -71.625 0.599999
    endloop
  endfacet
  facet normal 0 1 -0
    outer loop
      vertex 36.375 -70.4 0
      vertex 35.625 -70.4 0.599999
      vertex 36.375 -70.4 0.599999
    endloop
  endfacet
  facet normal 0 1 0
    outer loop
      vertex 35.625 -70.4 0.599999
      vertex 36.375 -70.4 0
      vertex 35.625 -70.4 0
    endloop
  endfacet
  facet normal 1 -0 0
    outer loop
      vertex 36.375 -71.625 0.599999
      vertex 36.375 -70.4 0
      vertex 36.375 -70.4 0.599999
    endloop
  endfacet
  facet normal 1 0 0
    outer loop
      vertex 36.375 -70.4 0
      vertex 36.375 -71.625 0.599999
      vertex 36.375 -71.625 0
    endloop
  endfacet
  facet normal -0 0 1
    outer loop
      vertex 70.4 -71.625 0.599999
      vertex 73.6 -72.375 0.599999
      vertex 73.6 -71.625 0.599999
    endloop
  endfacet
  facet normal 0 0 1
    outer loop
      vertex 73.6 -72.375 0.599999
      vertex 70.4 -71.625 0.599999
      vertex 70.4 -72.375 0.599999
    endloop
  endfacet
  facet normal 1 -0 0
    outer loop
      vertex 73.6 -72.375 0.599999
      vertex 73.6 -71.625 0
      vertex 73.6 -71.625 0.599999
    endloop
  endfacet
  facet normal 1 0 0
    outer loop
      vertex 73.6 -71.625 0
      vertex 73.6 -72.375 0.599999
      vertex 73.6 -72.375 0
    endloop
  endfacet
  facet normal 0 0 -1
    outer loop
      vertex 70.4 -72.375 0
      vertex 73.6 -71.625 0
      vertex 73.6 -72.375 0
    endloop
  endfacet
  facet normal -0 0 -1
    outer loop
      vertex 73.6 -71.625 0
      vertex 70.4 -72.375 0
      vertex 70.4 -71.625 0
    endloop
  endfacet
  facet normal 0 -1 0
    outer loop
      vertex 70.4 -72.375 0
      vertex 73.6 -72.375 0.599999
      vertex 70.4 -72.375 0.599999
    endloop
  endfacet
  facet normal 0 -1 -0
    outer loop
      vertex 73.6 -72.375 0.599999
      vertex 70.4 -72.375 0
      vertex 73.6 -72.375 0
    endloop
  endfacet
  facet normal -1 0 0
    outer loop
      vertex 70.4 -72.375 0
      vertex 70.4 -71.625 0.599999
      vertex 70.4 -71.625 0
    endloop
  endfacet
  facet normal -1 -0 0
    outer loop
      vertex 70.4 -71.625 0.599999
      vertex 70.4 -72.375 0
      vertex 70.4 -72.375 0.599999
    endloop
  endfacet
  facet normal 0 1 -0
    outer loop
      vertex 73.6 -71.625 0
      vertex 70.4 -71.625 0.599999
      vertex 73.6 -71.625 0.599999
    endloop
  endfacet
  facet normal 0 1 0
    outer loop
      vertex 70.4 -71.625 0.599999
      vertex 73.6 -71.625 0
      vertex 70.4 -71.625 0
    endloop
  endfacet
endsolid OpenSCAD_Model
